image_name,file_path,relative_path,class_name,width,height,channels,md5_hash,patient_id,split
1083_left.jpg,C:\projects\retina-ai-ocular-disease-classification\archive\dataset\cataract\1083_left.jpg,cataract/1083_left.jpg,cataract,512,512,3,c54c4e8512354dac24dcfe71e1aa736f,1083,test
1115_left.jpg,C:\projects\retina-ai-ocular-disease-classification\archive\dataset\cataract\1115_left.jpg,cataract/1115_left.jpg,cataract,512,512,3,b9140cf32e8615602d2a5b3c287910e0,1115,test
1126_right.jpg,C:\projects\retina-ai-ocular-disease-classification\archive\dataset\cataract\1126_right.jpg,cataract/1126_right.jpg,cataract,512,512,3,d4161e54e2db810f09976ec91f63aac7,1126,test
1285_left.jpg,C:\projects\retina-ai-ocular-disease-classification\archive\dataset\cataract\1285_left.jpg,cataract/1285_left.jpg,cataract,512,512,3,7e5a3f27a90a3c579cfe9059087d2e59,1285,test
1444_left.jpg,C:\projects\retina-ai-ocular-disease-classification\archive\dataset\cataract\1444_left.jpg,cataract/1444_left.jpg,cataract,512,512,3,ecd073054ebe3e5093c7b5a702cbe483,1444,test
1484_left.jpg,C:\projects\retina-ai-ocular-disease-classification\archive\dataset\cataract\1484_left.jpg,cataract/1484_left.jpg,cataract,512,512,3,f9e58aee241a75df5597e7cb4751c4aa,1484,test
1484_right.jpg,C:\projects\retina-ai-ocular-disease-classification\archive\dataset\cataract\1484_right.jpg,cataract/1484_right.jpg,cataract,512,512,3,e16bb8cf9303c6a85eeaa49d56db8ff3,1484,test
1490_right.jpg,C:\projects\retina-ai-ocular-disease-classification\archive\dataset\cataract\1490_right.jpg,cataract/1490_right.jpg,cataract,512,512,3,0a1adcc215a03f01bcd535ff7ea71669,1490,test
2103_left.jpg,C:\projects\retina-ai-ocular-disease-classification\archive\dataset\cataract\2103_left.jpg,cataract/2103_left.jpg,cataract,512,512,3,2dc0f591fa2a5782b34579591f5039ac,2103,test
2103_right.jpg,C:\projects\retina-ai-ocular-disease-classification\archive\dataset\cataract\2103_right.jpg,cataract/2103_right.jpg,cataract,512,512,3,f4517a09ae7d6ec52e16c8d080690a57,2103,test
2104_left.jpg,C:\projects\retina-ai-ocular-disease-classification\archive\dataset\cataract\2104_left.jpg,cataract/2104_left.jpg,cataract,512,512,3,9aa5c04cc5029e423df85b88bdd9a0f0,2104,test
2104_right.jpg,C:\projects\retina-ai-ocular-disease-classification\archive\dataset\cataract\2104_right.jpg,cataract/2104_right.jpg,cataract,512,512,3,6b7236b87742f289bcc709f3352c1532,2104,test
2108_left.jpg,C:\projects\retina-ai-ocular-disease-classification\archive\dataset\cataract\2108_left.jpg,cataract/2108_left.jpg,cataract,512,512,3,f42f422af516a089846f2ee1184ed7a4,2108,test
2108_right.jpg,C:\projects\retina-ai-ocular-disease-classification\archive\dataset\cataract\2108_right.jpg,cataract/2108_right.jpg,cataract,512,512,3,6c89b67d31fcd88a1fa9c027f8bc847d,2108,test
2126_left.jpg,C:\projects\retina-ai-ocular-disease-classification\archive\dataset\cataract\2126_left.jpg,cataract/2126_left.jpg,cataract,512,512,3,6527a6ca05b6879c665322fd7af3658c,2126,test
2126_right.jpg,C:\projects\retina-ai-ocular-disease-classification\archive\dataset\cataract\2126_right.jpg,cataract/2126_right.jpg,cataract,512,512,3,f5416d9c62de50d72c1d9836f75ed3f4,2126,test
2130_left.jpg,C:\projects\retina-ai-ocular-disease-classification\archive\dataset\cataract\2130_left.jpg,cataract/2130_left.jpg,cataract,512,512,3,b48595a06e636a765f23e75cfd9365cd,2130,test
2130_right.jpg,C:\projects\retina-ai-ocular-disease-classification\archive\dataset\cataract\2130_right.jpg,cataract/2130_right.jpg,cataract,512,512,3,a37f6d97e49f6e82b35e72718a64a0b9,2130,test
2141_right.jpg,C:\projects\retina-ai-ocular-disease-classification\archive\dataset\cataract\2141_right.jpg,cataract/2141_right.jpg,cataract,512,512,3,d7aefc313e9cdd374e50ee2183b9d585,2141,test
2146_left.jpg,C:\projects\retina-ai-ocular-disease-classification\archive\dataset\cataract\2146_left.jpg,cataract/2146_left.jpg,cataract,512,512,3,c15c29c3167941be52b185528965580d,2146,test
2146_right.jpg,C:\projects\retina-ai-ocular-disease-classification\archive\dataset\cataract\2146_right.jpg,cataract/2146_right.jpg,cataract,512,512,3,77e59bb8b36d17c6ddcfd1027c452200,2146,test
2151_left.jpg,C:\projects\retina-ai-ocular-disease-classification\archive\dataset\cataract\2151_left.jpg,cataract/2151_left.jpg,cataract,512,512,3,e3d7d023405ddac1906d428ad2a924f3,2151,test
2151_right.jpg,C:\projects\retina-ai-ocular-disease-classification\archive\dataset\cataract\2151_right.jpg,cataract/2151_right.jpg,cataract,512,512,3,11702f7f3c6ebb6c4a93c949fc408932,2151,test
2162_right.jpg,C:\projects\retina-ai-ocular-disease-classification\archive\dataset\cataract\2162_right.jpg,cataract/2162_right.jpg,cataract,512,512,3,f1d6eeedbba5b89072f61ead898e3adb,2162,test
2172_left.jpg,C:\projects\retina-ai-ocular-disease-classification\archive\dataset\cataract\2172_left.jpg,cataract/2172_left.jpg,cataract,512,512,3,75f06cdf8f64d6af7db13adfefea4c8b,2172,test
2173_right.jpg,C:\projects\retina-ai-ocular-disease-classification\archive\dataset\cataract\2173_right.jpg,cataract/2173_right.jpg,cataract,512,512,3,a4050030f265fd9cf529205e9eef9429,2173,test
2174_right.jpg,C:\projects\retina-ai-ocular-disease-classification\archive\dataset\cataract\2174_right.jpg,cataract/2174_right.jpg,cataract,512,512,3,522001fe5b638599d40b937384514ada,2174,test
218_right.jpg,C:\projects\retina-ai-ocular-disease-classification\archive\dataset\cataract\218_right.jpg,cataract/218_right.jpg,cataract,512,512,3,a1f3fb1f9dc0aa13cdc41c4b4b714776,218,test
2196_right.jpg,C:\projects\retina-ai-ocular-disease-classification\archive\dataset\cataract\2196_right.jpg,cataract/2196_right.jpg,cataract,512,512,3,50633494cfe4156a3b9dbe59cb341480,2196,test
2198_left.jpg,C:\projects\retina-ai-ocular-disease-classification\archive\dataset\cataract\2198_left.jpg,cataract/2198_left.jpg,cataract,512,512,3,7a5cc10d8132531c18623cff1d7e2512,2198,test
2198_right.jpg,C:\projects\retina-ai-ocular-disease-classification\archive\dataset\cataract\2198_right.jpg,cataract/2198_right.jpg,cataract,512,512,3,a1daec5907c9dcd9cb6a5ed412ca0cc1,2198,test
2200_left.jpg,C:\projects\retina-ai-ocular-disease-classification\archive\dataset\cataract\2200_left.jpg,cataract/2200_left.jpg,cataract,512,512,3,659b919bbd1b0e456274a78985cbcb08,2200,test
2208_right.jpg,C:\projects\retina-ai-ocular-disease-classification\archive\dataset\cataract\2208_right.jpg,cataract/2208_right.jpg,cataract,512,512,3,b82909ada0a7b7a681bda4e89aaa05a1,2208,test
2221_left.jpg,C:\projects\retina-ai-ocular-disease-classification\archive\dataset\cataract\2221_left.jpg,cataract/2221_left.jpg,cataract,512,512,3,acc45800be38e88bd7f77fca39eafe9b,2221,test
2221_right.jpg,C:\projects\retina-ai-ocular-disease-classification\archive\dataset\cataract\2221_right.jpg,cataract/2221_right.jpg,cataract,512,512,3,725ef70102144435eed4f198ab49f9ec,2221,test
2241_left.jpg,C:\projects\retina-ai-ocular-disease-classification\archive\dataset\cataract\2241_left.jpg,cataract/2241_left.jpg,cataract,512,512,3,ecfb4a01ec5acfae94b7dc09fd67f7de,2241,test
2243_left.jpg,C:\projects\retina-ai-ocular-disease-classification\archive\dataset\cataract\2243_left.jpg,cataract/2243_left.jpg,cataract,512,512,3,9411e54a3f211dee02d696e3a9147414,2243,test
2243_right.jpg,C:\projects\retina-ai-ocular-disease-classification\archive\dataset\cataract\2243_right.jpg,cataract/2243_right.jpg,cataract,512,512,3,187a022c87984e7cd3e8d81bff88c909,2243,test
2244_right.jpg,C:\projects\retina-ai-ocular-disease-classification\archive\dataset\cataract\2244_right.jpg,cataract/2244_right.jpg,cataract,512,512,3,a595c05aced42df826648f3ab71b654c,2244,test
594_left.jpg,C:\projects\retina-ai-ocular-disease-classification\archive\dataset\cataract\594_left.jpg,cataract/594_left.jpg,cataract,512,512,3,3d6d48e35a3a6b30e7acdd8ba4a00db8,594,test
955_right.jpg,C:\projects\retina-ai-ocular-disease-classification\archive\dataset\cataract\955_right.jpg,cataract/955_right.jpg,cataract,512,512,3,6b6b3d24180a8e5b0b2877e7d2296ed7,955,test
999_left.jpg,C:\projects\retina-ai-ocular-disease-classification\archive\dataset\cataract\999_left.jpg,cataract/999_left.jpg,cataract,512,512,3,2fd14f5cc05cecc108dd6d398d5dda4d,999,test
999_right.jpg,C:\projects\retina-ai-ocular-disease-classification\archive\dataset\cataract\999_right.jpg,cataract/999_right.jpg,cataract,512,512,3,50385930c08e68b9d5a745266de71e4f,999,test
_109_2655056.jpg,C:\projects\retina-ai-ocular-disease-classification\archive\dataset\cataract\_109_2655056.jpg,cataract/_109_2655056.jpg,cataract,256,256,3,dfa7641203764c8268cdeb186940a631,_109_2655056,test
_112_9621689.jpg,C:\projects\retina-ai-ocular-disease-classification\archive\dataset\cataract\_112_9621689.jpg,cataract/_112_9621689.jpg,cataract,256,256,3,89803f05019fbce56365757a50818487,_112_9621689,test
_114_9773152.jpg,C:\projects\retina-ai-ocular-disease-classification\archive\dataset\cataract\_114_9773152.jpg,cataract/_114_9773152.jpg,cataract,256,256,3,b839b0b93d788e80a71cedf084c29173,_114_9773152,test
_118_6296686.jpg,C:\projects\retina-ai-ocular-disease-classification\archive\dataset\cataract\_118_6296686.jpg,cataract/_118_6296686.jpg,cataract,256,256,3,c2d81050b515d57a47c1d7fb30dd063e,_118_6296686,test
_122_7237312.jpg,C:\projects\retina-ai-ocular-disease-classification\archive\dataset\cataract\_122_7237312.jpg,cataract/_122_7237312.jpg,cataract,256,256,3,c2472190f2b71c925d6bdb2de27f2ddd,_122_7237312,test
_126_1745653.jpg,C:\projects\retina-ai-ocular-disease-classification\archive\dataset\cataract\_126_1745653.jpg,cataract/_126_1745653.jpg,cataract,256,256,3,94d81f12fcd1c248cfb155448b1f549b,_126_1745653,test
_127_2102071.jpg,C:\projects\retina-ai-ocular-disease-classification\archive\dataset\cataract\_127_2102071.jpg,cataract/_127_2102071.jpg,cataract,256,256,3,9bb8b78983b7931dd8043fbc5f33dab9,_127_2102071,test
_12_5233869.jpg,C:\projects\retina-ai-ocular-disease-classification\archive\dataset\cataract\_12_5233869.jpg,cataract/_12_5233869.jpg,cataract,256,256,3,4d2c03374fbfb300ea46f3b170cf59ff,_12_5233869,test
_131_863673.jpg,C:\projects\retina-ai-ocular-disease-classification\archive\dataset\cataract\_131_863673.jpg,cataract/_131_863673.jpg,cataract,256,256,3,9c099c7e0c87e87784247c036b22cce9,_131_863673,test
_143_9392801.jpg,C:\projects\retina-ai-ocular-disease-classification\archive\dataset\cataract\_143_9392801.jpg,cataract/_143_9392801.jpg,cataract,256,256,3,b055cbbe2eb157e4a51cfa1f81d48347,_143_9392801,test
_144_4907178.jpg,C:\projects\retina-ai-ocular-disease-classification\archive\dataset\cataract\_144_4907178.jpg,cataract/_144_4907178.jpg,cataract,256,256,3,1f4d09f40c021a6b6d6055831592f3b7,_144_4907178,test
_146_5945090.jpg,C:\projects\retina-ai-ocular-disease-classification\archive\dataset\cataract\_146_5945090.jpg,cataract/_146_5945090.jpg,cataract,256,256,3,321f0b8d96e959ddbeda93bfa8842113,_146_5945090,test
_153_5085382.jpg,C:\projects\retina-ai-ocular-disease-classification\archive\dataset\cataract\_153_5085382.jpg,cataract/_153_5085382.jpg,cataract,256,256,3,56672763eedd78120f15a028381c52c0,_153_5085382,test
_159_1399279.jpg,C:\projects\retina-ai-ocular-disease-classification\archive\dataset\cataract\_159_1399279.jpg,cataract/_159_1399279.jpg,cataract,256,256,3,8d0f9e5af3455e43ee10c2b39d3bcf7b,_159_1399279,test
_15_7471583.jpg,C:\projects\retina-ai-ocular-disease-classification\archive\dataset\cataract\_15_7471583.jpg,cataract/_15_7471583.jpg,cataract,256,256,3,ec714c27bd5874c5eaaa45b4d65852ee,_15_7471583,test
_166_7102152.jpg,C:\projects\retina-ai-ocular-disease-classification\archive\dataset\cataract\_166_7102152.jpg,cataract/_166_7102152.jpg,cataract,256,256,3,4469313719832396f75e67de526a7d78,_166_7102152,test
_176_4641501.jpg,C:\projects\retina-ai-ocular-disease-classification\archive\dataset\cataract\_176_4641501.jpg,cataract/_176_4641501.jpg,cataract,256,256,3,229a6779175f4ae9727829159763d118,_176_4641501,test
_180_8003252.jpg,C:\projects\retina-ai-ocular-disease-classification\archive\dataset\cataract\_180_8003252.jpg,cataract/_180_8003252.jpg,cataract,256,256,3,c8275b17c985ec0a4630fc94d882d44a,_180_8003252,test
_181_5482893.jpg,C:\projects\retina-ai-ocular-disease-classification\archive\dataset\cataract\_181_5482893.jpg,cataract/_181_5482893.jpg,cataract,256,256,3,14839a402ac53cc21e3ebbca131c9b73,_181_5482893,test
_183_2869065.jpg,C:\projects\retina-ai-ocular-disease-classification\archive\dataset\cataract\_183_2869065.jpg,cataract/_183_2869065.jpg,cataract,256,256,3,d1bfbaddc7d760e645e429eb5b4cf032,_183_2869065,test
_188_5482423.jpg,C:\projects\retina-ai-ocular-disease-classification\archive\dataset\cataract\_188_5482423.jpg,cataract/_188_5482423.jpg,cataract,256,256,3,bb5a708909c27ee1a992d5424fb4032d,_188_5482423,test
_18_3816222.jpg,C:\projects\retina-ai-ocular-disease-classification\archive\dataset\cataract\_18_3816222.jpg,cataract/_18_3816222.jpg,cataract,256,256,3,27858954bcde93b1be630ab24b4e07f8,_18_3816222,test
_192_7851600.jpg,C:\projects\retina-ai-ocular-disease-classification\archive\dataset\cataract\_192_7851600.jpg,cataract/_192_7851600.jpg,cataract,256,256,3,3b7f12475eb61bc0e3ede3d3b047ec31,_192_7851600,test
_206_6210252.jpg,C:\projects\retina-ai-ocular-disease-classification\archive\dataset\cataract\_206_6210252.jpg,cataract/_206_6210252.jpg,cataract,256,256,3,8e358e12196743fed057c21b3dd2ded5,_206_6210252,test
_20_6629557.jpg,C:\projects\retina-ai-ocular-disease-classification\archive\dataset\cataract\_20_6629557.jpg,cataract/_20_6629557.jpg,cataract,256,256,3,d20452ae122941516e8969eb311f4d55,_20_6629557,test
_211_3296609.jpg,C:\projects\retina-ai-ocular-disease-classification\archive\dataset\cataract\_211_3296609.jpg,cataract/_211_3296609.jpg,cataract,256,256,3,797462e1b55b49c91b78293c4d8b3119,_211_3296609,test
_212_7340392.jpg,C:\projects\retina-ai-ocular-disease-classification\archive\dataset\cataract\_212_7340392.jpg,cataract/_212_7340392.jpg,cataract,256,256,3,6f3a35e433a97d139e893f220aa36ce7,_212_7340392,test
_218_2512305.jpg,C:\projects\retina-ai-ocular-disease-classification\archive\dataset\cataract\_218_2512305.jpg,cataract/_218_2512305.jpg,cataract,256,256,3,34999a99d48608e2a8c8dc5a2b846f36,_218_2512305,test
_227_1163752.jpg,C:\projects\retina-ai-ocular-disease-classification\archive\dataset\cataract\_227_1163752.jpg,cataract/_227_1163752.jpg,cataract,256,256,3,f61bd54c68e04b4d5a0eb4b6ee3a2bd7,_227_1163752,test
_227_498752.jpg,C:\projects\retina-ai-ocular-disease-classification\archive\dataset\cataract\_227_498752.jpg,cataract/_227_498752.jpg,cataract,256,256,3,43aa2a7464cf2817955575969cf969e6,_227_498752,test
_229_5185520.jpg,C:\projects\retina-ai-ocular-disease-classification\archive\dataset\cataract\_229_5185520.jpg,cataract/_229_5185520.jpg,cataract,256,256,3,d951bf99d46b0c6b89805dbea99f00c9,_229_5185520,test
_22_2368616.jpg,C:\projects\retina-ai-ocular-disease-classification\archive\dataset\cataract\_22_2368616.jpg,cataract/_22_2368616.jpg,cataract,256,256,3,1245acfc1267db5cec51df0c8165d7cc,_22_2368616,test
_231_3245768.jpg,C:\projects\retina-ai-ocular-disease-classification\archive\dataset\cataract\_231_3245768.jpg,cataract/_231_3245768.jpg,cataract,256,256,3,2a131a95b68fcbc01a622bfa90e55c38,_231_3245768,test
_232_6943070.jpg,C:\projects\retina-ai-ocular-disease-classification\archive\dataset\cataract\_232_6943070.jpg,cataract/_232_6943070.jpg,cataract,256,256,3,eb278e3ba37901b28c5a4b6071261a37,_232_6943070,test
_233_8101340.jpg,C:\projects\retina-ai-ocular-disease-classification\archive\dataset\cataract\_233_8101340.jpg,cataract/_233_8101340.jpg,cataract,256,256,3,10b48070b7229cc104fede67a6ae458c,_233_8101340,test
_237_8444315.jpg,C:\projects\retina-ai-ocular-disease-classification\archive\dataset\cataract\_237_8444315.jpg,cataract/_237_8444315.jpg,cataract,256,256,3,f9989555ba6e633eec8ad96e1c8331d6,_237_8444315,test
_241_7236668.jpg,C:\projects\retina-ai-ocular-disease-classification\archive\dataset\cataract\_241_7236668.jpg,cataract/_241_7236668.jpg,cataract,256,256,3,fd440041155fbc1a25cf7c9853d57206,_241_7236668,test
_249_4807123.jpg,C:\projects\retina-ai-ocular-disease-classification\archive\dataset\cataract\_249_4807123.jpg,cataract/_249_4807123.jpg,cataract,256,256,3,fe6909410ccabe2fdc885652d734982c,_249_4807123,test
_24_6096407.jpg,C:\projects\retina-ai-ocular-disease-classification\archive\dataset\cataract\_24_6096407.jpg,cataract/_24_6096407.jpg,cataract,256,256,3,b5ce7a76fa77c7479ab0ac4a046085b1,_24_6096407,test
_250_4727436.jpg,C:\projects\retina-ai-ocular-disease-classification\archive\dataset\cataract\_250_4727436.jpg,cataract/_250_4727436.jpg,cataract,256,256,3,353292f153e4c563b22b78d819f702b8,_250_4727436,test
_251_1089143.jpg,C:\projects\retina-ai-ocular-disease-classification\archive\dataset\cataract\_251_1089143.jpg,cataract/_251_1089143.jpg,cataract,256,256,3,2835de2ed89f7d677b10d480057b5794,_251_1089143,test
_253_1359558.jpg,C:\projects\retina-ai-ocular-disease-classification\archive\dataset\cataract\_253_1359558.jpg,cataract/_253_1359558.jpg,cataract,256,256,3,e2789296445617f39670a3dc1bfceadb,_253_1359558,test
_257_8575584.jpg,C:\projects\retina-ai-ocular-disease-classification\archive\dataset\cataract\_257_8575584.jpg,cataract/_257_8575584.jpg,cataract,256,256,3,d5cbfd1bbe1beeb2e1486198aca24b28,_257_8575584,test
_259_9554919.jpg,C:\projects\retina-ai-ocular-disease-classification\archive\dataset\cataract\_259_9554919.jpg,cataract/_259_9554919.jpg,cataract,256,256,3,d31d4d9bf549b78673d82132c3f6686d,_259_9554919,test
_26_1879474.jpg,C:\projects\retina-ai-ocular-disease-classification\archive\dataset\cataract\_26_1879474.jpg,cataract/_26_1879474.jpg,cataract,256,256,3,95b582024e9ca8b899e3b0b8524484cc,_26_1879474,test
_270_651748.jpg,C:\projects\retina-ai-ocular-disease-classification\archive\dataset\cataract\_270_651748.jpg,cataract/_270_651748.jpg,cataract,256,256,3,db96ed274ae9dcbb7076fa6eea503b71,_270_651748,test
_274_6913203.jpg,C:\projects\retina-ai-ocular-disease-classification\archive\dataset\cataract\_274_6913203.jpg,cataract/_274_6913203.jpg,cataract,256,256,3,3ee559030565a904fd576ad5720e59ee,_274_6913203,test
_280_7714585.jpg,C:\projects\retina-ai-ocular-disease-classification\archive\dataset\cataract\_280_7714585.jpg,cataract/_280_7714585.jpg,cataract,256,256,3,a6bdecfb10610609ee504d52840a62a4,_280_7714585,test
_282_3503490.jpg,C:\projects\retina-ai-ocular-disease-classification\archive\dataset\cataract\_282_3503490.jpg,cataract/_282_3503490.jpg,cataract,256,256,3,92a3edb2efdde51440ba2cc6b51f9f50,_282_3503490,test
_284_7380745.jpg,C:\projects\retina-ai-ocular-disease-classification\archive\dataset\cataract\_284_7380745.jpg,cataract/_284_7380745.jpg,cataract,256,256,3,a3c837a1253a2ad538fcac1338f13108,_284_7380745,test
_286_6140741.jpg,C:\projects\retina-ai-ocular-disease-classification\archive\dataset\cataract\_286_6140741.jpg,cataract/_286_6140741.jpg,cataract,256,256,3,99fad18b559243575b4130d022a50a3e,_286_6140741,test
_290_9207731.jpg,C:\projects\retina-ai-ocular-disease-classification\archive\dataset\cataract\_290_9207731.jpg,cataract/_290_9207731.jpg,cataract,256,256,3,d60abc5afe5fe1f4b78a15e2c23146de,_290_9207731,test
_291_9986876.jpg,C:\projects\retina-ai-ocular-disease-classification\archive\dataset\cataract\_291_9986876.jpg,cataract/_291_9986876.jpg,cataract,256,256,3,2f93dafc2978a5323db4cbfb130756cd,_291_9986876,test
_292_2084855.jpg,C:\projects\retina-ai-ocular-disease-classification\archive\dataset\cataract\_292_2084855.jpg,cataract/_292_2084855.jpg,cataract,256,256,3,56e149f811326a55f2f874a761c2b84d,_292_2084855,test
_294_4497450.jpg,C:\projects\retina-ai-ocular-disease-classification\archive\dataset\cataract\_294_4497450.jpg,cataract/_294_4497450.jpg,cataract,256,256,3,5fe589525f1a28627032b1d967065ee5,_294_4497450,test
_299_8679417.jpg,C:\projects\retina-ai-ocular-disease-classification\archive\dataset\cataract\_299_8679417.jpg,cataract/_299_8679417.jpg,cataract,256,256,3,af226622c11f9fbcb15fda928af3ea01,_299_8679417,test
_301_5387162.jpg,C:\projects\retina-ai-ocular-disease-classification\archive\dataset\cataract\_301_5387162.jpg,cataract/_301_5387162.jpg,cataract,256,256,3,edd7d44c214015b5ce36432209dccb91,_301_5387162,test
_303_1474676.jpg,C:\projects\retina-ai-ocular-disease-classification\archive\dataset\cataract\_303_1474676.jpg,cataract/_303_1474676.jpg,cataract,256,256,3,5182d1d5536dbadc6e569d35c28dd763,_303_1474676,test
_305_58584.jpg,C:\projects\retina-ai-ocular-disease-classification\archive\dataset\cataract\_305_58584.jpg,cataract/_305_58584.jpg,cataract,256,256,3,844650d2272f9a267783fcad43b5112f,_305_58584,test
_305_9499345.jpg,C:\projects\retina-ai-ocular-disease-classification\archive\dataset\cataract\_305_9499345.jpg,cataract/_305_9499345.jpg,cataract,256,256,3,ad3f7fb55fddd3a17b94371e7ecee00b,_305_9499345,test
_307_2047689.jpg,C:\projects\retina-ai-ocular-disease-classification\archive\dataset\cataract\_307_2047689.jpg,cataract/_307_2047689.jpg,cataract,256,256,3,c02f00415b2e8659e97b3ec921ff1a20,_307_2047689,test
_307_7425412.jpg,C:\projects\retina-ai-ocular-disease-classification\archive\dataset\cataract\_307_7425412.jpg,cataract/_307_7425412.jpg,cataract,256,256,3,b4b72555d2d3b62bdc2174e578e4236c,_307_7425412,test
_311_3993772.jpg,C:\projects\retina-ai-ocular-disease-classification\archive\dataset\cataract\_311_3993772.jpg,cataract/_311_3993772.jpg,cataract,256,256,3,b0f76d66397132995192b959f53422b2,_311_3993772,test
_317_4205093.jpg,C:\projects\retina-ai-ocular-disease-classification\archive\dataset\cataract\_317_4205093.jpg,cataract/_317_4205093.jpg,cataract,256,256,3,89c746f945933eccf19a8779f804bd78,_317_4205093,test
_319_3184825.jpg,C:\projects\retina-ai-ocular-disease-classification\archive\dataset\cataract\_319_3184825.jpg,cataract/_319_3184825.jpg,cataract,256,256,3,486dc900a90ee1c262eed679efea10ba,_319_3184825,test
_325_168910.jpg,C:\projects\retina-ai-ocular-disease-classification\archive\dataset\cataract\_325_168910.jpg,cataract/_325_168910.jpg,cataract,256,256,3,5e387fc8024961589e9b9428fb858181,_325_168910,test
_327_3715152.jpg,C:\projects\retina-ai-ocular-disease-classification\archive\dataset\cataract\_327_3715152.jpg,cataract/_327_3715152.jpg,cataract,256,256,3,d745dd2b97b4a6edf3a3e4fe86ba8064,_327_3715152,test
_347_7413999.jpg,C:\projects\retina-ai-ocular-disease-classification\archive\dataset\cataract\_347_7413999.jpg,cataract/_347_7413999.jpg,cataract,256,256,3,4cb7eea2852bd92f112e3e606939a4e5,_347_7413999,test
_349_2751142.jpg,C:\projects\retina-ai-ocular-disease-classification\archive\dataset\cataract\_349_2751142.jpg,cataract/_349_2751142.jpg,cataract,256,256,3,7a1f47bee94382f3be71f5bb843a7fe5,_349_2751142,test
_353_3624065.jpg,C:\projects\retina-ai-ocular-disease-classification\archive\dataset\cataract\_353_3624065.jpg,cataract/_353_3624065.jpg,cataract,256,256,3,15aea36b48ba2406990fbb3548e31b68,_353_3624065,test
_355_6490108.jpg,C:\projects\retina-ai-ocular-disease-classification\archive\dataset\cataract\_355_6490108.jpg,cataract/_355_6490108.jpg,cataract,256,256,3,a2003f196cdca139f98c5a6148455aec,_355_6490108,test
_35_3480407.jpg,C:\projects\retina-ai-ocular-disease-classification\archive\dataset\cataract\_35_3480407.jpg,cataract/_35_3480407.jpg,cataract,256,256,3,09f90f11197725d5c7f5fb7067f1f1b9,_35_3480407,test
_360_3983039.jpg,C:\projects\retina-ai-ocular-disease-classification\archive\dataset\cataract\_360_3983039.jpg,cataract/_360_3983039.jpg,cataract,256,256,3,286023cad22259a3ae987c969a3575fd,_360_3983039,test
_370_5205357.jpg,C:\projects\retina-ai-ocular-disease-classification\archive\dataset\cataract\_370_5205357.jpg,cataract/_370_5205357.jpg,cataract,256,256,3,c6a797d1bddaf553438deddf132b75d7,_370_5205357,test
_37_7526265.jpg,C:\projects\retina-ai-ocular-disease-classification\archive\dataset\cataract\_37_7526265.jpg,cataract/_37_7526265.jpg,cataract,256,256,3,ba77f6d3164106ce36de0f76b37fe2d2,_37_7526265,test
_389_2605189.jpg,C:\projects\retina-ai-ocular-disease-classification\archive\dataset\cataract\_389_2605189.jpg,cataract/_389_2605189.jpg,cataract,256,256,3,410e66ba061b4e42415717b545b3aa28,_389_2605189,test
_394_1321417.jpg,C:\projects\retina-ai-ocular-disease-classification\archive\dataset\cataract\_394_1321417.jpg,cataract/_394_1321417.jpg,cataract,256,256,3,a6d4f804ee31ac523f279c2efa9aebd2,_394_1321417,test
_395_8303850.jpg,C:\projects\retina-ai-ocular-disease-classification\archive\dataset\cataract\_395_8303850.jpg,cataract/_395_8303850.jpg,cataract,256,256,3,f96b1704860fcc5ccf7cae863fc8d4f5,_395_8303850,test
_396_6097231.jpg,C:\projects\retina-ai-ocular-disease-classification\archive\dataset\cataract\_396_6097231.jpg,cataract/_396_6097231.jpg,cataract,256,256,3,066c5af67bdc06bcb08a6259ad591851,_396_6097231,test
_398_8365643.jpg,C:\projects\retina-ai-ocular-disease-classification\archive\dataset\cataract\_398_8365643.jpg,cataract/_398_8365643.jpg,cataract,256,256,3,b119c1465c2ad750b287c48f7e6f338f,_398_8365643,test
_41_7645755.jpg,C:\projects\retina-ai-ocular-disease-classification\archive\dataset\cataract\_41_7645755.jpg,cataract/_41_7645755.jpg,cataract,256,256,3,c232e7aa4612d52842c39927119d309f,_41_7645755,test
_5_9005506.jpg,C:\projects\retina-ai-ocular-disease-classification\archive\dataset\cataract\_5_9005506.jpg,cataract/_5_9005506.jpg,cataract,256,256,3,55ce1b8deac655cedd90a94873315e08,_5_9005506,test
_62_4939088.jpg,C:\projects\retina-ai-ocular-disease-classification\archive\dataset\cataract\_62_4939088.jpg,cataract/_62_4939088.jpg,cataract,256,256,3,fd17f8f922b351aa0ce4f433ab1467c9,_62_4939088,test
_62_9491665.jpg,C:\projects\retina-ai-ocular-disease-classification\archive\dataset\cataract\_62_9491665.jpg,cataract/_62_9491665.jpg,cataract,256,256,3,f44e8686bf20ac36f8d2544f929c9a7e,_62_9491665,test
_69_4758198.jpg,C:\projects\retina-ai-ocular-disease-classification\archive\dataset\cataract\_69_4758198.jpg,cataract/_69_4758198.jpg,cataract,256,256,3,cee7d5a8c7424bc84eecd94305230b8a,_69_4758198,test
_6_6261868.jpg,C:\projects\retina-ai-ocular-disease-classification\archive\dataset\cataract\_6_6261868.jpg,cataract/_6_6261868.jpg,cataract,256,256,3,5437ea3f80d7d5f6cf1fbd31013cfb51,_6_6261868,test
_7_1388234.jpg,C:\projects\retina-ai-ocular-disease-classification\archive\dataset\cataract\_7_1388234.jpg,cataract/_7_1388234.jpg,cataract,256,256,3,fafce3e7edd0454759d0788d2aa21300,_7_1388234,test
_80_2744347.jpg,C:\projects\retina-ai-ocular-disease-classification\archive\dataset\cataract\_80_2744347.jpg,cataract/_80_2744347.jpg,cataract,256,256,3,0fa080ff5ec24d9a4ab31e6fda4cf431,_80_2744347,test
_84_9231607.jpg,C:\projects\retina-ai-ocular-disease-classification\archive\dataset\cataract\_84_9231607.jpg,cataract/_84_9231607.jpg,cataract,256,256,3,6140a5759d1b03447ce0a8f854c1bdd0,_84_9231607,test
_85_5757077.jpg,C:\projects\retina-ai-ocular-disease-classification\archive\dataset\cataract\_85_5757077.jpg,cataract/_85_5757077.jpg,cataract,256,256,3,cb42c87a1b33cdcbd55215286ba99e9e,_85_5757077,test
cataract_002.png,C:\projects\retina-ai-ocular-disease-classification\archive\dataset\cataract\cataract_002.png,cataract/cataract_002.png,cataract,2592,1728,3,a79ab9e2b9a049e7cbf90a2471e0f340,cataract_002,test
cataract_014.png,C:\projects\retina-ai-ocular-disease-classification\archive\dataset\cataract\cataract_014.png,cataract/cataract_014.png,cataract,2592,1728,3,93eb2577981ede9a67eb1b60ef8daa1a,cataract_014,test
cataract_015.png,C:\projects\retina-ai-ocular-disease-classification\archive\dataset\cataract\cataract_015.png,cataract/cataract_015.png,cataract,2592,1728,3,3f79bc31f3beca3be60cb1232e52a664,cataract_015,test
cataract_020.png,C:\projects\retina-ai-ocular-disease-classification\archive\dataset\cataract\cataract_020.png,cataract/cataract_020.png,cataract,1848,1224,3,8976a751151513f357aabcdb5feddce1,cataract_020,test
cataract_022.png,C:\projects\retina-ai-ocular-disease-classification\archive\dataset\cataract\cataract_022.png,cataract/cataract_022.png,cataract,2592,1728,3,f5e308f514c26aa5e360090a753004b3,cataract_022,test
cataract_026.png,C:\projects\retina-ai-ocular-disease-classification\archive\dataset\cataract\cataract_026.png,cataract/cataract_026.png,cataract,2592,1728,3,3db837fd2a782062ce1a997dc300aeba,cataract_026,test
cataract_031.png,C:\projects\retina-ai-ocular-disease-classification\archive\dataset\cataract\cataract_031.png,cataract/cataract_031.png,cataract,2464,1632,3,455fbbf0f6ec49c9f6bde04fadd19ebf,cataract_031,test
cataract_044.png,C:\projects\retina-ai-ocular-disease-classification\archive\dataset\cataract\cataract_044.png,cataract/cataract_044.png,cataract,2592,1728,3,2aa88a18cf5f117927c5d000214f1659,cataract_044,test
cataract_046.png,C:\projects\retina-ai-ocular-disease-classification\archive\dataset\cataract\cataract_046.png,cataract/cataract_046.png,cataract,2592,1728,3,26d955fe4ddf1f202fe4b096cb6f1f3e,cataract_046,test
cataract_050.png,C:\projects\retina-ai-ocular-disease-classification\archive\dataset\cataract\cataract_050.png,cataract/cataract_050.png,cataract,2592,1728,3,8560a4ad56fecaa8b14f3323843fc344,cataract_050,test
cataract_069.png,C:\projects\retina-ai-ocular-disease-classification\archive\dataset\cataract\cataract_069.png,cataract/cataract_069.png,cataract,2592,1728,3,c16e7f80d3ded2e7e95170f6b47ac12a,cataract_069,test
cataract_072.png,C:\projects\retina-ai-ocular-disease-classification\archive\dataset\cataract\cataract_072.png,cataract/cataract_072.png,cataract,2592,1728,3,1d5197c4f9036f00c509570cef35b686,cataract_072,test
cataract_073.png,C:\projects\retina-ai-ocular-disease-classification\archive\dataset\cataract\cataract_073.png,cataract/cataract_073.png,cataract,2592,1728,3,170edb50602940db46519a7b7a8f0f3b,cataract_073,test
cataract_084.png,C:\projects\retina-ai-ocular-disease-classification\archive\dataset\cataract\cataract_084.png,cataract/cataract_084.png,cataract,2464,1632,3,dad4ae07e8430b5d4f5a86497786639d,cataract_084,test
cataract_087.png,C:\projects\retina-ai-ocular-disease-classification\archive\dataset\cataract\cataract_087.png,cataract/cataract_087.png,cataract,2592,1728,3,770a04fff5ce741451d6157246faf3c9,cataract_087,test
cataract_088.png,C:\projects\retina-ai-ocular-disease-classification\archive\dataset\cataract\cataract_088.png,cataract/cataract_088.png,cataract,2592,1728,3,26bb34374a489a5c7af98af19b7dd0a2,cataract_088,test
cataract_089.png,C:\projects\retina-ai-ocular-disease-classification\archive\dataset\cataract\cataract_089.png,cataract/cataract_089.png,cataract,2592,1728,3,d09af469f65e3793e178cb9bdd11b498,cataract_089,test
cataract_093.png,C:\projects\retina-ai-ocular-disease-classification\archive\dataset\cataract\cataract_093.png,cataract/cataract_093.png,cataract,2592,1728,3,3b4012393416d655a947d8a7402e6de1,cataract_093,test
0_left.jpg,C:\projects\retina-ai-ocular-disease-classification\archive\dataset\cataract\0_left.jpg,cataract/0_left.jpg,cataract,512,512,3,fcd334febc12ca4d77db1fce06ea3ece,0,train
103_left.jpg,C:\projects\retina-ai-ocular-disease-classification\archive\dataset\cataract\103_left.jpg,cataract/103_left.jpg,cataract,512,512,3,b450e2fe99a34ad8cd60570bf3e51ee7,103,train
1084_right.jpg,C:\projects\retina-ai-ocular-disease-classification\archive\dataset\cataract\1084_right.jpg,cataract/1084_right.jpg,cataract,512,512,3,a3c92d777c00a690449bb60b7ca9185f,1084,train
1102_left.jpg,C:\projects\retina-ai-ocular-disease-classification\archive\dataset\cataract\1102_left.jpg,cataract/1102_left.jpg,cataract,512,512,3,3a63e05a744e1f62f3b6d292ce021db6,1102,train
1102_right.jpg,C:\projects\retina-ai-ocular-disease-classification\archive\dataset\cataract\1102_right.jpg,cataract/1102_right.jpg,cataract,512,512,3,1a2d519b94635b105b48d36f1e78024e,1102,train
112_right.jpg,C:\projects\retina-ai-ocular-disease-classification\archive\dataset\cataract\112_right.jpg,cataract/112_right.jpg,cataract,512,512,3,4cf2ca07973cbdeb5316b69ff3268fa6,112,train
1144_left.jpg,C:\projects\retina-ai-ocular-disease-classification\archive\dataset\cataract\1144_left.jpg,cataract/1144_left.jpg,cataract,512,512,3,204cd9f80d0147eebe2519c0267b6268,1144,train
1144_right.jpg,C:\projects\retina-ai-ocular-disease-classification\archive\dataset\cataract\1144_right.jpg,cataract/1144_right.jpg,cataract,512,512,3,5c979dc1e1a997c7b0441992a431a2e5,1144,train
1164_left.jpg,C:\projects\retina-ai-ocular-disease-classification\archive\dataset\cataract\1164_left.jpg,cataract/1164_left.jpg,cataract,512,512,3,9882670108ff695070bce12c0fc11c75,1164,train
1167_right.jpg,C:\projects\retina-ai-ocular-disease-classification\archive\dataset\cataract\1167_right.jpg,cataract/1167_right.jpg,cataract,512,512,3,1a078c6cf8bb3c163708c978f50ecbeb,1167,train
119_left.jpg,C:\projects\retina-ai-ocular-disease-classification\archive\dataset\cataract\119_left.jpg,cataract/119_left.jpg,cataract,512,512,3,e81529ae9abf3b01103407011732269b,119,train
1454_right.jpg,C:\projects\retina-ai-ocular-disease-classification\archive\dataset\cataract\1454_right.jpg,cataract/1454_right.jpg,cataract,512,512,3,14d8816b4428e32fcf60fe2c15f322db,1454,train
1460_right.jpg,C:\projects\retina-ai-ocular-disease-classification\archive\dataset\cataract\1460_right.jpg,cataract/1460_right.jpg,cataract,512,512,3,2b0204f19879b739f806a4a2ace45516,1460,train
1468_left.jpg,C:\projects\retina-ai-ocular-disease-classification\archive\dataset\cataract\1468_left.jpg,cataract/1468_left.jpg,cataract,512,512,3,7ad74e0b99bb36dd19d686026bac2b67,1468,train
1483_right.jpg,C:\projects\retina-ai-ocular-disease-classification\archive\dataset\cataract\1483_right.jpg,cataract/1483_right.jpg,cataract,512,512,3,cb06acb5de2b6046c026f342ed194c9b,1483,train
188_right.jpg,C:\projects\retina-ai-ocular-disease-classification\archive\dataset\cataract\188_right.jpg,cataract/188_right.jpg,cataract,512,512,3,5e82d0bbe7919ddabc8ab1d60d4da182,188,train
1968_left.jpg,C:\projects\retina-ai-ocular-disease-classification\archive\dataset\cataract\1968_left.jpg,cataract/1968_left.jpg,cataract,512,512,3,ad32d0edf203df70a8c29e0e9b58a89b,1968,train
1987_left.jpg,C:\projects\retina-ai-ocular-disease-classification\archive\dataset\cataract\1987_left.jpg,cataract/1987_left.jpg,cataract,512,512,3,9e3deff9f30b3b85e78bcfccf2a34af7,1987,train
1994_left.jpg,C:\projects\retina-ai-ocular-disease-classification\archive\dataset\cataract\1994_left.jpg,cataract/1994_left.jpg,cataract,512,512,3,1a8f01ef868a484fb40ef48cb8552b26,1994,train
2052_left.jpg,C:\projects\retina-ai-ocular-disease-classification\archive\dataset\cataract\2052_left.jpg,cataract/2052_left.jpg,cataract,512,512,3,5fcf95b5d218fdc920ad93cc965f71ef,2052,train
2052_right.jpg,C:\projects\retina-ai-ocular-disease-classification\archive\dataset\cataract\2052_right.jpg,cataract/2052_right.jpg,cataract,512,512,3,9e0665d107e435ebb0f45887027fd576,2052,train
2074_right.jpg,C:\projects\retina-ai-ocular-disease-classification\archive\dataset\cataract\2074_right.jpg,cataract/2074_right.jpg,cataract,512,512,3,de098e4d703835d2209f8cb1e632da07,2074,train
2095_right.jpg,C:\projects\retina-ai-ocular-disease-classification\archive\dataset\cataract\2095_right.jpg,cataract/2095_right.jpg,cataract,512,512,3,332428abed4733d3aa293466de80e74b,2095,train
2097_right.jpg,C:\projects\retina-ai-ocular-disease-classification\archive\dataset\cataract\2097_right.jpg,cataract/2097_right.jpg,cataract,512,512,3,618a2b0b3c23e0c35445e789147185ff,2097,train
2098_left.jpg,C:\projects\retina-ai-ocular-disease-classification\archive\dataset\cataract\2098_left.jpg,cataract/2098_left.jpg,cataract,512,512,3,90339385deae7e471dda4b55848ca437,2098,train
2098_right.jpg,C:\projects\retina-ai-ocular-disease-classification\archive\dataset\cataract\2098_right.jpg,cataract/2098_right.jpg,cataract,512,512,3,e83683c39a42d5330b17644c4f7def9a,2098,train
2099_left.jpg,C:\projects\retina-ai-ocular-disease-classification\archive\dataset\cataract\2099_left.jpg,cataract/2099_left.jpg,cataract,512,512,3,2dda0fc95a2f127433a108d38805b3e0,2099,train
2100_right.jpg,C:\projects\retina-ai-ocular-disease-classification\archive\dataset\cataract\2100_right.jpg,cataract/2100_right.jpg,cataract,512,512,3,5aefbe60727e95f7133559572f7d649d,2100,train
2101_left.jpg,C:\projects\retina-ai-ocular-disease-classification\archive\dataset\cataract\2101_left.jpg,cataract/2101_left.jpg,cataract,512,512,3,6319e247fd8e94579c9c25a75548c3bb,2101,train
2101_right.jpg,C:\projects\retina-ai-ocular-disease-classification\archive\dataset\cataract\2101_right.jpg,cataract/2101_right.jpg,cataract,512,512,3,c37c6bb641d56bc9826c6e39378f2237,2101,train
2105_left.jpg,C:\projects\retina-ai-ocular-disease-classification\archive\dataset\cataract\2105_left.jpg,cataract/2105_left.jpg,cataract,512,512,3,15250efaea0cdb4b61a1a6645c3a419b,2105,train
2105_right.jpg,C:\projects\retina-ai-ocular-disease-classification\archive\dataset\cataract\2105_right.jpg,cataract/2105_right.jpg,cataract,512,512,3,db9f6280f02afe4b31c55f6197f7d4fe,2105,train
2106_right.jpg,C:\projects\retina-ai-ocular-disease-classification\archive\dataset\cataract\2106_right.jpg,cataract/2106_right.jpg,cataract,512,512,3,7062646e855c5e3eac576d03f2a16a0f,2106,train
2107_left.jpg,C:\projects\retina-ai-ocular-disease-classification\archive\dataset\cataract\2107_left.jpg,cataract/2107_left.jpg,cataract,512,512,3,7ecca74873c5fe8e6cf59b0a3b29cdd1,2107,train
2109_left.jpg,C:\projects\retina-ai-ocular-disease-classification\archive\dataset\cataract\2109_left.jpg,cataract/2109_left.jpg,cataract,512,512,3,ba721000af0ddbe3765db8182c8a1d8b,2109,train
2109_right.jpg,C:\projects\retina-ai-ocular-disease-classification\archive\dataset\cataract\2109_right.jpg,cataract/2109_right.jpg,cataract,512,512,3,7dd29622c1460c926b2034e775495b6c,2109,train
2110_left.jpg,C:\projects\retina-ai-ocular-disease-classification\archive\dataset\cataract\2110_left.jpg,cataract/2110_left.jpg,cataract,512,512,3,9081f4065a94166ff81299e7ff12b7d4,2110,train
2110_right.jpg,C:\projects\retina-ai-ocular-disease-classification\archive\dataset\cataract\2110_right.jpg,cataract/2110_right.jpg,cataract,512,512,3,4ef232a156f10ee3dd043e2f3269148f,2110,train
2113_left.jpg,C:\projects\retina-ai-ocular-disease-classification\archive\dataset\cataract\2113_left.jpg,cataract/2113_left.jpg,cataract,512,512,3,3f8797e8ae9fed11f3e73c38adb56826,2113,train
2113_right.jpg,C:\projects\retina-ai-ocular-disease-classification\archive\dataset\cataract\2113_right.jpg,cataract/2113_right.jpg,cataract,512,512,3,cde7c2430ceb6c45642e3797b57d75af,2113,train
2114_left.jpg,C:\projects\retina-ai-ocular-disease-classification\archive\dataset\cataract\2114_left.jpg,cataract/2114_left.jpg,cataract,512,512,3,1408af486de991941c52bba8d6221f01,2114,train
2114_right.jpg,C:\projects\retina-ai-ocular-disease-classification\archive\dataset\cataract\2114_right.jpg,cataract/2114_right.jpg,cataract,512,512,3,825a52539b0ac72ffb45a0f0c82f6ef6,2114,train
2115_right.jpg,C:\projects\retina-ai-ocular-disease-classification\archive\dataset\cataract\2115_right.jpg,cataract/2115_right.jpg,cataract,512,512,3,1b84deef2b65511bebcc9535cded63b6,2115,train
2116_left.jpg,C:\projects\retina-ai-ocular-disease-classification\archive\dataset\cataract\2116_left.jpg,cataract/2116_left.jpg,cataract,512,512,3,a19b040683fe3eb4efc0d39e93200406,2116,train
2116_right.jpg,C:\projects\retina-ai-ocular-disease-classification\archive\dataset\cataract\2116_right.jpg,cataract/2116_right.jpg,cataract,512,512,3,26277a6f3c018ceb3fa832d6da882aa6,2116,train
2117_left.jpg,C:\projects\retina-ai-ocular-disease-classification\archive\dataset\cataract\2117_left.jpg,cataract/2117_left.jpg,cataract,512,512,3,ccc8483f10a1e8e51e88f78e6989eb2e,2117,train
2118_right.jpg,C:\projects\retina-ai-ocular-disease-classification\archive\dataset\cataract\2118_right.jpg,cataract/2118_right.jpg,cataract,512,512,3,b7a17ec45daae70acb911fd2638c174b,2118,train
2121_left.jpg,C:\projects\retina-ai-ocular-disease-classification\archive\dataset\cataract\2121_left.jpg,cataract/2121_left.jpg,cataract,512,512,3,db9737ea063b798bcf38e79b6460aa17,2121,train
2122_left.jpg,C:\projects\retina-ai-ocular-disease-classification\archive\dataset\cataract\2122_left.jpg,cataract/2122_left.jpg,cataract,512,512,3,bd286df42d22dee3d2c86b39a6989e86,2122,train
2122_right.jpg,C:\projects\retina-ai-ocular-disease-classification\archive\dataset\cataract\2122_right.jpg,cataract/2122_right.jpg,cataract,512,512,3,c06f12029dbae613bd19e6a5805fdd0f,2122,train
2123_left.jpg,C:\projects\retina-ai-ocular-disease-classification\archive\dataset\cataract\2123_left.jpg,cataract/2123_left.jpg,cataract,512,512,3,76fe977e071b4d1aff3274640db0536c,2123,train
2124_left.jpg,C:\projects\retina-ai-ocular-disease-classification\archive\dataset\cataract\2124_left.jpg,cataract/2124_left.jpg,cataract,512,512,3,dc40ba252faa238418c4ce9bf91dafb4,2124,train
2125_left.jpg,C:\projects\retina-ai-ocular-disease-classification\archive\dataset\cataract\2125_left.jpg,cataract/2125_left.jpg,cataract,512,512,3,ca684280ce60d08782c370c5f7716d06,2125,train
2127_left.jpg,C:\projects\retina-ai-ocular-disease-classification\archive\dataset\cataract\2127_left.jpg,cataract/2127_left.jpg,cataract,512,512,3,d5e719fb668f73b193daf60c5a32eaab,2127,train
2127_right.jpg,C:\projects\retina-ai-ocular-disease-classification\archive\dataset\cataract\2127_right.jpg,cataract/2127_right.jpg,cataract,512,512,3,fb6c021cbf3e9d6a8e9333651b9eb60b,2127,train
2128_left.jpg,C:\projects\retina-ai-ocular-disease-classification\archive\dataset\cataract\2128_left.jpg,cataract/2128_left.jpg,cataract,512,512,3,4660a6de849a5e2460d7fdc8eb9c8c13,2128,train
2128_right.jpg,C:\projects\retina-ai-ocular-disease-classification\archive\dataset\cataract\2128_right.jpg,cataract/2128_right.jpg,cataract,512,512,3,4b5886d45295bb73910324973864e95d,2128,train
2129_left.jpg,C:\projects\retina-ai-ocular-disease-classification\archive\dataset\cataract\2129_left.jpg,cataract/2129_left.jpg,cataract,512,512,3,95d424142a8389dfd10fab9fbd63ea73,2129,train
2129_right.jpg,C:\projects\retina-ai-ocular-disease-classification\archive\dataset\cataract\2129_right.jpg,cataract/2129_right.jpg,cataract,512,512,3,7216af697ae1f21a10ff0c794884c5de,2129,train
2134_left.jpg,C:\projects\retina-ai-ocular-disease-classification\archive\dataset\cataract\2134_left.jpg,cataract/2134_left.jpg,cataract,512,512,3,059e04c92529fecc48ca635f061bd427,2134,train
2134_right.jpg,C:\projects\retina-ai-ocular-disease-classification\archive\dataset\cataract\2134_right.jpg,cataract/2134_right.jpg,cataract,512,512,3,c1758cc24fe2e91f2cb646485cfb15ed,2134,train
2136_left.jpg,C:\projects\retina-ai-ocular-disease-classification\archive\dataset\cataract\2136_left.jpg,cataract/2136_left.jpg,cataract,512,512,3,6fba491539c5c095f6231756eeb0b948,2136,train
2137_left.jpg,C:\projects\retina-ai-ocular-disease-classification\archive\dataset\cataract\2137_left.jpg,cataract/2137_left.jpg,cataract,512,512,3,39ed6cf9151a0c1aa86cafc46856dd06,2137,train
2137_right.jpg,C:\projects\retina-ai-ocular-disease-classification\archive\dataset\cataract\2137_right.jpg,cataract/2137_right.jpg,cataract,512,512,3,ea4b5a725355dbe9499670692a7d0a19,2137,train
2138_left.jpg,C:\projects\retina-ai-ocular-disease-classification\archive\dataset\cataract\2138_left.jpg,cataract/2138_left.jpg,cataract,512,512,3,18fd024f2cdbc4c2b6ff3cd21ea4764a,2138,train
2138_right.jpg,C:\projects\retina-ai-ocular-disease-classification\archive\dataset\cataract\2138_right.jpg,cataract/2138_right.jpg,cataract,512,512,3,815c3ebb1e25ec17fca5aa3d5d0c3fb0,2138,train
2139_right.jpg,C:\projects\retina-ai-ocular-disease-classification\archive\dataset\cataract\2139_right.jpg,cataract/2139_right.jpg,cataract,512,512,3,8b5ff1db9b0824c4db92c81e5422c8fa,2139,train
2140_left.jpg,C:\projects\retina-ai-ocular-disease-classification\archive\dataset\cataract\2140_left.jpg,cataract/2140_left.jpg,cataract,512,512,3,b167aa4d9a5d11416227b84085356cee,2140,train
2140_right.jpg,C:\projects\retina-ai-ocular-disease-classification\archive\dataset\cataract\2140_right.jpg,cataract/2140_right.jpg,cataract,512,512,3,83974788988ffb05a920c0472b9774bf,2140,train
2143_right.jpg,C:\projects\retina-ai-ocular-disease-classification\archive\dataset\cataract\2143_right.jpg,cataract/2143_right.jpg,cataract,512,512,3,d81d4820088dc004e195c39a58934463,2143,train
2144_left.jpg,C:\projects\retina-ai-ocular-disease-classification\archive\dataset\cataract\2144_left.jpg,cataract/2144_left.jpg,cataract,512,512,3,9735f8ba97a929d6513088f62f11ba8e,2144,train
2144_right.jpg,C:\projects\retina-ai-ocular-disease-classification\archive\dataset\cataract\2144_right.jpg,cataract/2144_right.jpg,cataract,512,512,3,ce03eb70586ee6fd1f5c763034dc45d0,2144,train
2145_left.jpg,C:\projects\retina-ai-ocular-disease-classification\archive\dataset\cataract\2145_left.jpg,cataract/2145_left.jpg,cataract,512,512,3,c352c2cd44d0b96c7a3383be5fece1b1,2145,train
2147_left.jpg,C:\projects\retina-ai-ocular-disease-classification\archive\dataset\cataract\2147_left.jpg,cataract/2147_left.jpg,cataract,512,512,3,fd151e58e6ce741f12dd3b19083122c6,2147,train
2149_right.jpg,C:\projects\retina-ai-ocular-disease-classification\archive\dataset\cataract\2149_right.jpg,cataract/2149_right.jpg,cataract,512,512,3,a87c184f4d5d5b7a354abf2ce3802a62,2149,train
2150_left.jpg,C:\projects\retina-ai-ocular-disease-classification\archive\dataset\cataract\2150_left.jpg,cataract/2150_left.jpg,cataract,512,512,3,8e846c25817a658cb8cd38ce785b0a42,2150,train
2150_right.jpg,C:\projects\retina-ai-ocular-disease-classification\archive\dataset\cataract\2150_right.jpg,cataract/2150_right.jpg,cataract,512,512,3,32794503cced9e1b251b95f1bbfc3f8d,2150,train
2152_left.jpg,C:\projects\retina-ai-ocular-disease-classification\archive\dataset\cataract\2152_left.jpg,cataract/2152_left.jpg,cataract,512,512,3,e456c46527d1411cfac407f5a4f4c477,2152,train
2153_left.jpg,C:\projects\retina-ai-ocular-disease-classification\archive\dataset\cataract\2153_left.jpg,cataract/2153_left.jpg,cataract,512,512,3,24aa058459e59c4fa99788deb7d96243,2153,train
2153_right.jpg,C:\projects\retina-ai-ocular-disease-classification\archive\dataset\cataract\2153_right.jpg,cataract/2153_right.jpg,cataract,512,512,3,c2cd6581cbfe7894d68f10161467b48f,2153,train
2155_right.jpg,C:\projects\retina-ai-ocular-disease-classification\archive\dataset\cataract\2155_right.jpg,cataract/2155_right.jpg,cataract,512,512,3,20ecaa49f4b837c926a1385b8d5c02a5,2155,train
2156_left.jpg,C:\projects\retina-ai-ocular-disease-classification\archive\dataset\cataract\2156_left.jpg,cataract/2156_left.jpg,cataract,512,512,3,1b3a88069033bd06e973a25208b61e65,2156,train
2158_left.jpg,C:\projects\retina-ai-ocular-disease-classification\archive\dataset\cataract\2158_left.jpg,cataract/2158_left.jpg,cataract,512,512,3,1b8accaecbb62f21799774bbdfbe306b,2158,train
2158_right.jpg,C:\projects\retina-ai-ocular-disease-classification\archive\dataset\cataract\2158_right.jpg,cataract/2158_right.jpg,cataract,512,512,3,4b91c9c91fa3b7f3ee3927275358b1d6,2158,train
2159_left.jpg,C:\projects\retina-ai-ocular-disease-classification\archive\dataset\cataract\2159_left.jpg,cataract/2159_left.jpg,cataract,512,512,3,164f994fdb6c7a49c89b3e82d5979210,2159,train
2160_right.jpg,C:\projects\retina-ai-ocular-disease-classification\archive\dataset\cataract\2160_right.jpg,cataract/2160_right.jpg,cataract,512,512,3,6a1e5a5c529a7d4e157f20df34a6d1bc,2160,train
2163_left.jpg,C:\projects\retina-ai-ocular-disease-classification\archive\dataset\cataract\2163_left.jpg,cataract/2163_left.jpg,cataract,512,512,3,a003e4fe3fd9c57d5e9cca12f9830df5,2163,train
2163_right.jpg,C:\projects\retina-ai-ocular-disease-classification\archive\dataset\cataract\2163_right.jpg,cataract/2163_right.jpg,cataract,512,512,3,216b3567e0df92f66dc6955930504d91,2163,train
2164_left.jpg,C:\projects\retina-ai-ocular-disease-classification\archive\dataset\cataract\2164_left.jpg,cataract/2164_left.jpg,cataract,512,512,3,b82fc06dd57a6ee8ee1e5be96ed07001,2164,train
2164_right.jpg,C:\projects\retina-ai-ocular-disease-classification\archive\dataset\cataract\2164_right.jpg,cataract/2164_right.jpg,cataract,512,512,3,8f62487e58582f5936fe275a86542d61,2164,train
2165_right.jpg,C:\projects\retina-ai-ocular-disease-classification\archive\dataset\cataract\2165_right.jpg,cataract/2165_right.jpg,cataract,512,512,3,9a1d2bbd15e272ce192cd3bc4bc4ac51,2165,train
2167_left.jpg,C:\projects\retina-ai-ocular-disease-classification\archive\dataset\cataract\2167_left.jpg,cataract/2167_left.jpg,cataract,512,512,3,8ee19c61aadc93ae4b496fb51e8febda,2167,train
2167_right.jpg,C:\projects\retina-ai-ocular-disease-classification\archive\dataset\cataract\2167_right.jpg,cataract/2167_right.jpg,cataract,512,512,3,0dfcce07e8735f788c0305e4ee22ed55,2167,train
2168_left.jpg,C:\projects\retina-ai-ocular-disease-classification\archive\dataset\cataract\2168_left.jpg,cataract/2168_left.jpg,cataract,512,512,3,656462ed87a0ec28c0034d5b98726c9c,2168,train
2168_right.jpg,C:\projects\retina-ai-ocular-disease-classification\archive\dataset\cataract\2168_right.jpg,cataract/2168_right.jpg,cataract,512,512,3,a4d57f2287e931058ef53777082d9936,2168,train
2169_left.jpg,C:\projects\retina-ai-ocular-disease-classification\archive\dataset\cataract\2169_left.jpg,cataract/2169_left.jpg,cataract,512,512,3,cbf7ef62f9972bb03166c5c21148720a,2169,train
2169_right.jpg,C:\projects\retina-ai-ocular-disease-classification\archive\dataset\cataract\2169_right.jpg,cataract/2169_right.jpg,cataract,512,512,3,e56c545d0f9af47f38f5c0ec548c7043,2169,train
2170_left.jpg,C:\projects\retina-ai-ocular-disease-classification\archive\dataset\cataract\2170_left.jpg,cataract/2170_left.jpg,cataract,512,512,3,59197bdebb7d8591a6a81733ca96814a,2170,train
2170_right.jpg,C:\projects\retina-ai-ocular-disease-classification\archive\dataset\cataract\2170_right.jpg,cataract/2170_right.jpg,cataract,512,512,3,e790cc53802de32e6d28279ac36511e2,2170,train
2171_left.jpg,C:\projects\retina-ai-ocular-disease-classification\archive\dataset\cataract\2171_left.jpg,cataract/2171_left.jpg,cataract,512,512,3,af74247e097e1da164672403c37e8f53,2171,train
2175_left.jpg,C:\projects\retina-ai-ocular-disease-classification\archive\dataset\cataract\2175_left.jpg,cataract/2175_left.jpg,cataract,512,512,3,4c655f12c40efc0f99f063a5b14b7292,2175,train
2176_left.jpg,C:\projects\retina-ai-ocular-disease-classification\archive\dataset\cataract\2176_left.jpg,cataract/2176_left.jpg,cataract,512,512,3,d8b2d9e8f789e9e19dd6e17405c1c9d7,2176,train
2176_right.jpg,C:\projects\retina-ai-ocular-disease-classification\archive\dataset\cataract\2176_right.jpg,cataract/2176_right.jpg,cataract,512,512,3,d08a2786f16b0b1b1b08d72f9017cec4,2176,train
2178_left.jpg,C:\projects\retina-ai-ocular-disease-classification\archive\dataset\cataract\2178_left.jpg,cataract/2178_left.jpg,cataract,512,512,3,8aaf9b8d9b6a9bfca0e738fbcfde9243,2178,train
2178_right.jpg,C:\projects\retina-ai-ocular-disease-classification\archive\dataset\cataract\2178_right.jpg,cataract/2178_right.jpg,cataract,512,512,3,58a15db34d92686d375b9021639a2c3c,2178,train
2179_left.jpg,C:\projects\retina-ai-ocular-disease-classification\archive\dataset\cataract\2179_left.jpg,cataract/2179_left.jpg,cataract,512,512,3,def9ffcb6f5050b62f7ec520ee98479f,2179,train
2179_right.jpg,C:\projects\retina-ai-ocular-disease-classification\archive\dataset\cataract\2179_right.jpg,cataract/2179_right.jpg,cataract,512,512,3,6717cb47442f09f3b8d2b0adc3b108e6,2179,train
2180_left.jpg,C:\projects\retina-ai-ocular-disease-classification\archive\dataset\cataract\2180_left.jpg,cataract/2180_left.jpg,cataract,512,512,3,1f1eaf112943f0d7c838093f5fd2d1c5,2180,train
2180_right.jpg,C:\projects\retina-ai-ocular-disease-classification\archive\dataset\cataract\2180_right.jpg,cataract/2180_right.jpg,cataract,512,512,3,cac743734d8d1b4fdd4d91a93bb23316,2180,train
2181_right.jpg,C:\projects\retina-ai-ocular-disease-classification\archive\dataset\cataract\2181_right.jpg,cataract/2181_right.jpg,cataract,512,512,3,42e380b5b1adf44f529cb4fab0468c07,2181,train
2182_left.jpg,C:\projects\retina-ai-ocular-disease-classification\archive\dataset\cataract\2182_left.jpg,cataract/2182_left.jpg,cataract,512,512,3,23c1dd1554ee72a12ee8b42dae1a0718,2182,train
2182_right.jpg,C:\projects\retina-ai-ocular-disease-classification\archive\dataset\cataract\2182_right.jpg,cataract/2182_right.jpg,cataract,512,512,3,7b97f104c0cee5b4c58fc2f44ce63050,2182,train
2183_left.jpg,C:\projects\retina-ai-ocular-disease-classification\archive\dataset\cataract\2183_left.jpg,cataract/2183_left.jpg,cataract,512,512,3,5b982dba56dd8fccada81759beac61e9,2183,train
2183_right.jpg,C:\projects\retina-ai-ocular-disease-classification\archive\dataset\cataract\2183_right.jpg,cataract/2183_right.jpg,cataract,512,512,3,7d24ac787fc3a74d66f8de78dc2a2857,2183,train
2185_left.jpg,C:\projects\retina-ai-ocular-disease-classification\archive\dataset\cataract\2185_left.jpg,cataract/2185_left.jpg,cataract,512,512,3,bf63b7ba215e102d971d08e1a87e2f19,2185,train
2187_right.jpg,C:\projects\retina-ai-ocular-disease-classification\archive\dataset\cataract\2187_right.jpg,cataract/2187_right.jpg,cataract,512,512,3,a34c7aa31df9733ea3e790ffb98c33a3,2187,train
2191_right.jpg,C:\projects\retina-ai-ocular-disease-classification\archive\dataset\cataract\2191_right.jpg,cataract/2191_right.jpg,cataract,512,512,3,de7480e7cf2ab7c2da65261d68ef89d0,2191,train
2192_left.jpg,C:\projects\retina-ai-ocular-disease-classification\archive\dataset\cataract\2192_left.jpg,cataract/2192_left.jpg,cataract,512,512,3,db2cf803de4a9e0e05bf26b801d3619c,2192,train
2192_right.jpg,C:\projects\retina-ai-ocular-disease-classification\archive\dataset\cataract\2192_right.jpg,cataract/2192_right.jpg,cataract,512,512,3,36384155d9be5c45fef4830a9657d15c,2192,train
2193_right.jpg,C:\projects\retina-ai-ocular-disease-classification\archive\dataset\cataract\2193_right.jpg,cataract/2193_right.jpg,cataract,512,512,3,752d12a777ea0a762c462c17ed225366,2193,train
2194_left.jpg,C:\projects\retina-ai-ocular-disease-classification\archive\dataset\cataract\2194_left.jpg,cataract/2194_left.jpg,cataract,512,512,3,297ef17faa168212b82b15bcc0f66e4a,2194,train
2194_right.jpg,C:\projects\retina-ai-ocular-disease-classification\archive\dataset\cataract\2194_right.jpg,cataract/2194_right.jpg,cataract,512,512,3,65778cd522dc986f92ed7074ebaaaab2,2194,train
2195_left.jpg,C:\projects\retina-ai-ocular-disease-classification\archive\dataset\cataract\2195_left.jpg,cataract/2195_left.jpg,cataract,512,512,3,e81d50c1a77bb6a730728ec3b81103cd,2195,train
2195_right.jpg,C:\projects\retina-ai-ocular-disease-classification\archive\dataset\cataract\2195_right.jpg,cataract/2195_right.jpg,cataract,512,512,3,9e103f8d4d8a2cce1660222095417c04,2195,train
2201_right.jpg,C:\projects\retina-ai-ocular-disease-classification\archive\dataset\cataract\2201_right.jpg,cataract/2201_right.jpg,cataract,512,512,3,3c6ab1e1a25697c9f993a925e7efdd25,2201,train
2203_left.jpg,C:\projects\retina-ai-ocular-disease-classification\archive\dataset\cataract\2203_left.jpg,cataract/2203_left.jpg,cataract,512,512,3,8e393cbd2204140b148031a137c77e3b,2203,train
2203_right.jpg,C:\projects\retina-ai-ocular-disease-classification\archive\dataset\cataract\2203_right.jpg,cataract/2203_right.jpg,cataract,512,512,3,ff43876669084796aacaad24db5cb42d,2203,train
2204_left.jpg,C:\projects\retina-ai-ocular-disease-classification\archive\dataset\cataract\2204_left.jpg,cataract/2204_left.jpg,cataract,512,512,3,752711f34092977fd5bdccb08d2944f8,2204,train
2205_right.jpg,C:\projects\retina-ai-ocular-disease-classification\archive\dataset\cataract\2205_right.jpg,cataract/2205_right.jpg,cataract,512,512,3,9b9f3c459d62b107c90763f17ade9f43,2205,train
2206_left.jpg,C:\projects\retina-ai-ocular-disease-classification\archive\dataset\cataract\2206_left.jpg,cataract/2206_left.jpg,cataract,512,512,3,a9dafb826014385c267f38402d5782da,2206,train
2206_right.jpg,C:\projects\retina-ai-ocular-disease-classification\archive\dataset\cataract\2206_right.jpg,cataract/2206_right.jpg,cataract,512,512,3,e95c10cbc75c91f9430ed781e574abae,2206,train
2207_left.jpg,C:\projects\retina-ai-ocular-disease-classification\archive\dataset\cataract\2207_left.jpg,cataract/2207_left.jpg,cataract,512,512,3,6633a961d2e7f016fefd9c6f4028a018,2207,train
2207_right.jpg,C:\projects\retina-ai-ocular-disease-classification\archive\dataset\cataract\2207_right.jpg,cataract/2207_right.jpg,cataract,512,512,3,5386469d778dab20569e55cbad6d8850,2207,train
2209_left.jpg,C:\projects\retina-ai-ocular-disease-classification\archive\dataset\cataract\2209_left.jpg,cataract/2209_left.jpg,cataract,512,512,3,8a48eaace3f0f03e1c127ef355e5a6c7,2209,train
2209_right.jpg,C:\projects\retina-ai-ocular-disease-classification\archive\dataset\cataract\2209_right.jpg,cataract/2209_right.jpg,cataract,512,512,3,1d046a1f8c4cd0c470bad9baff979229,2209,train
2210_left.jpg,C:\projects\retina-ai-ocular-disease-classification\archive\dataset\cataract\2210_left.jpg,cataract/2210_left.jpg,cataract,512,512,3,e7f38900d171546a094a9c7587a0b8b9,2210,train
2210_right.jpg,C:\projects\retina-ai-ocular-disease-classification\archive\dataset\cataract\2210_right.jpg,cataract/2210_right.jpg,cataract,512,512,3,9f27d8d1769cd88cd9c3c41e0bd729ff,2210,train
2211_left.jpg,C:\projects\retina-ai-ocular-disease-classification\archive\dataset\cataract\2211_left.jpg,cataract/2211_left.jpg,cataract,512,512,3,0461910588a8274fc8c1441197e7cb92,2211,train
2211_right.jpg,C:\projects\retina-ai-ocular-disease-classification\archive\dataset\cataract\2211_right.jpg,cataract/2211_right.jpg,cataract,512,512,3,4df437cf9934413b8d850000e5234741,2211,train
2212_left.jpg,C:\projects\retina-ai-ocular-disease-classification\archive\dataset\cataract\2212_left.jpg,cataract/2212_left.jpg,cataract,512,512,3,adc2a0eb07b4b556d61b263e931c51fd,2212,train
2212_right.jpg,C:\projects\retina-ai-ocular-disease-classification\archive\dataset\cataract\2212_right.jpg,cataract/2212_right.jpg,cataract,512,512,3,57f3a50ce4465c29126f3ff45687a8f5,2212,train
2213_left.jpg,C:\projects\retina-ai-ocular-disease-classification\archive\dataset\cataract\2213_left.jpg,cataract/2213_left.jpg,cataract,512,512,3,1452f4616e304107b0a56d222fe54846,2213,train
2213_right.jpg,C:\projects\retina-ai-ocular-disease-classification\archive\dataset\cataract\2213_right.jpg,cataract/2213_right.jpg,cataract,512,512,3,8034e41a47e05c45f14026deb95adf9b,2213,train
2215_left.jpg,C:\projects\retina-ai-ocular-disease-classification\archive\dataset\cataract\2215_left.jpg,cataract/2215_left.jpg,cataract,512,512,3,5be3cc867e3875149a75aa769383b344,2215,train
2216_left.jpg,C:\projects\retina-ai-ocular-disease-classification\archive\dataset\cataract\2216_left.jpg,cataract/2216_left.jpg,cataract,512,512,3,bb773578edcc5f5e59ea5ec5102df9dc,2216,train
2216_right.jpg,C:\projects\retina-ai-ocular-disease-classification\archive\dataset\cataract\2216_right.jpg,cataract/2216_right.jpg,cataract,512,512,3,0952004c77ef6c0d092c1e24546e435e,2216,train
2217_left.jpg,C:\projects\retina-ai-ocular-disease-classification\archive\dataset\cataract\2217_left.jpg,cataract/2217_left.jpg,cataract,512,512,3,fc8aa6d7f4ab26cdb9a3ffc462665278,2217,train
2217_right.jpg,C:\projects\retina-ai-ocular-disease-classification\archive\dataset\cataract\2217_right.jpg,cataract/2217_right.jpg,cataract,512,512,3,a1d4f4f58238a15364d7ca5f480a42ff,2217,train
2218_right.jpg,C:\projects\retina-ai-ocular-disease-classification\archive\dataset\cataract\2218_right.jpg,cataract/2218_right.jpg,cataract,512,512,3,cf80f91aae1229ec431d085002ea48b5,2218,train
2219_left.jpg,C:\projects\retina-ai-ocular-disease-classification\archive\dataset\cataract\2219_left.jpg,cataract/2219_left.jpg,cataract,512,512,3,3c81723337e7d2fa48b0daae33b22c07,2219,train
2219_right.jpg,C:\projects\retina-ai-ocular-disease-classification\archive\dataset\cataract\2219_right.jpg,cataract/2219_right.jpg,cataract,512,512,3,e19828b6031ebbc65719982e28d97127,2219,train
2220_right.jpg,C:\projects\retina-ai-ocular-disease-classification\archive\dataset\cataract\2220_right.jpg,cataract/2220_right.jpg,cataract,512,512,3,f2f0327754fd376dd687f64ad19cab29,2220,train
2222_left.jpg,C:\projects\retina-ai-ocular-disease-classification\archive\dataset\cataract\2222_left.jpg,cataract/2222_left.jpg,cataract,512,512,3,4f7b0445fac3c130dbff0153efcf79d6,2222,train
2223_left.jpg,C:\projects\retina-ai-ocular-disease-classification\archive\dataset\cataract\2223_left.jpg,cataract/2223_left.jpg,cataract,512,512,3,27cf87cff848017e5027c9494ab301fb,2223,train
2223_right.jpg,C:\projects\retina-ai-ocular-disease-classification\archive\dataset\cataract\2223_right.jpg,cataract/2223_right.jpg,cataract,512,512,3,2d81636da70c88b779acbc7d12a9879d,2223,train
2225_left.jpg,C:\projects\retina-ai-ocular-disease-classification\archive\dataset\cataract\2225_left.jpg,cataract/2225_left.jpg,cataract,512,512,3,763b8238e21cf949c7177fd4db7fcf8a,2225,train
2225_right.jpg,C:\projects\retina-ai-ocular-disease-classification\archive\dataset\cataract\2225_right.jpg,cataract/2225_right.jpg,cataract,512,512,3,62f4b536d942286c016c89551514bef0,2225,train
2227_left.jpg,C:\projects\retina-ai-ocular-disease-classification\archive\dataset\cataract\2227_left.jpg,cataract/2227_left.jpg,cataract,512,512,3,3067ae6912fbed50ead2790f67370ec1,2227,train
2227_right.jpg,C:\projects\retina-ai-ocular-disease-classification\archive\dataset\cataract\2227_right.jpg,cataract/2227_right.jpg,cataract,512,512,3,23f202d8c02bd83978ea3297464b9071,2227,train
2228_right.jpg,C:\projects\retina-ai-ocular-disease-classification\archive\dataset\cataract\2228_right.jpg,cataract/2228_right.jpg,cataract,512,512,3,ac84265db795ca99a5f99d7d6a392a30,2228,train
2229_left.jpg,C:\projects\retina-ai-ocular-disease-classification\archive\dataset\cataract\2229_left.jpg,cataract/2229_left.jpg,cataract,512,512,3,8418be23e40c3dbf0b18ec50d6e52f42,2229,train
2232_left.jpg,C:\projects\retina-ai-ocular-disease-classification\archive\dataset\cataract\2232_left.jpg,cataract/2232_left.jpg,cataract,512,512,3,c4b9d9d10d1b6197b84e33747e7fb957,2232,train
2232_right.jpg,C:\projects\retina-ai-ocular-disease-classification\archive\dataset\cataract\2232_right.jpg,cataract/2232_right.jpg,cataract,512,512,3,5594f5719ddcbd06c905cee311bf0ecd,2232,train
2233_left.jpg,C:\projects\retina-ai-ocular-disease-classification\archive\dataset\cataract\2233_left.jpg,cataract/2233_left.jpg,cataract,512,512,3,833e75bc414dda9f55fbf506cda6385f,2233,train
2233_right.jpg,C:\projects\retina-ai-ocular-disease-classification\archive\dataset\cataract\2233_right.jpg,cataract/2233_right.jpg,cataract,512,512,3,ed41e6f3458eaea15d0e232d729ac7b3,2233,train
2234_left.jpg,C:\projects\retina-ai-ocular-disease-classification\archive\dataset\cataract\2234_left.jpg,cataract/2234_left.jpg,cataract,512,512,3,346b03ab4c37ba1695ade28eb20fd869,2234,train
2234_right.jpg,C:\projects\retina-ai-ocular-disease-classification\archive\dataset\cataract\2234_right.jpg,cataract/2234_right.jpg,cataract,512,512,3,3086c54f02968c41e671ec7a736abd42,2234,train
2236_left.jpg,C:\projects\retina-ai-ocular-disease-classification\archive\dataset\cataract\2236_left.jpg,cataract/2236_left.jpg,cataract,512,512,3,57222d1f8ab2ab9d2f07dc427ab16b66,2236,train
2236_right.jpg,C:\projects\retina-ai-ocular-disease-classification\archive\dataset\cataract\2236_right.jpg,cataract/2236_right.jpg,cataract,512,512,3,623c52e7f3afa1b39e4d989002dca38c,2236,train
2237_right.jpg,C:\projects\retina-ai-ocular-disease-classification\archive\dataset\cataract\2237_right.jpg,cataract/2237_right.jpg,cataract,512,512,3,02c81834a63e2356ec10be4cc7f5589a,2237,train
2239_left.jpg,C:\projects\retina-ai-ocular-disease-classification\archive\dataset\cataract\2239_left.jpg,cataract/2239_left.jpg,cataract,512,512,3,e805c8f51a983ff081452709727037b8,2239,train
2239_right.jpg,C:\projects\retina-ai-ocular-disease-classification\archive\dataset\cataract\2239_right.jpg,cataract/2239_right.jpg,cataract,512,512,3,3ff184789c410e3284dd8fcfaf7e17ea,2239,train
2240_left.jpg,C:\projects\retina-ai-ocular-disease-classification\archive\dataset\cataract\2240_left.jpg,cataract/2240_left.jpg,cataract,512,512,3,f304a88b3b232abd6857107c73abe9b7,2240,train
2240_right.jpg,C:\projects\retina-ai-ocular-disease-classification\archive\dataset\cataract\2240_right.jpg,cataract/2240_right.jpg,cataract,512,512,3,8a7a32ffcd2afbac7cb289d9cc1cb1ac,2240,train
2242_left.jpg,C:\projects\retina-ai-ocular-disease-classification\archive\dataset\cataract\2242_left.jpg,cataract/2242_left.jpg,cataract,512,512,3,52fc003fc70512aa0d62c58f0c3f2f4a,2242,train
2242_right.jpg,C:\projects\retina-ai-ocular-disease-classification\archive\dataset\cataract\2242_right.jpg,cataract/2242_right.jpg,cataract,512,512,3,aab9922bd433cea8ba8751cff6ef19da,2242,train
2246_left.jpg,C:\projects\retina-ai-ocular-disease-classification\archive\dataset\cataract\2246_left.jpg,cataract/2246_left.jpg,cataract,512,512,3,c218a172d22886875e7485d7fa117156,2246,train
2247_left.jpg,C:\projects\retina-ai-ocular-disease-classification\archive\dataset\cataract\2247_left.jpg,cataract/2247_left.jpg,cataract,512,512,3,55335ef25125d7dbba78fad21e3338b9,2247,train
2247_right.jpg,C:\projects\retina-ai-ocular-disease-classification\archive\dataset\cataract\2247_right.jpg,cataract/2247_right.jpg,cataract,512,512,3,34793400cc2d6732f4ebb4576defd4f6,2247,train
2248_left.jpg,C:\projects\retina-ai-ocular-disease-classification\archive\dataset\cataract\2248_left.jpg,cataract/2248_left.jpg,cataract,512,512,3,5e1d671cac25f39c8987524892bc2f3b,2248,train
2248_right.jpg,C:\projects\retina-ai-ocular-disease-classification\archive\dataset\cataract\2248_right.jpg,cataract/2248_right.jpg,cataract,512,512,3,3816f46011c6c03d3cc9c1bba3218b15,2248,train
2251_right.jpg,C:\projects\retina-ai-ocular-disease-classification\archive\dataset\cataract\2251_right.jpg,cataract/2251_right.jpg,cataract,512,512,3,06b4c2c9bc02c58ac010150a3395742e,2251,train
2262_left.jpg,C:\projects\retina-ai-ocular-disease-classification\archive\dataset\cataract\2262_left.jpg,cataract/2262_left.jpg,cataract,512,512,3,89623fc284a659f49aea241fee60994a,2262,train
2282_right.jpg,C:\projects\retina-ai-ocular-disease-classification\archive\dataset\cataract\2282_right.jpg,cataract/2282_right.jpg,cataract,512,512,3,ec0d98e20e02a997cc020c5e1f302ee3,2282,train
24_right.jpg,C:\projects\retina-ai-ocular-disease-classification\archive\dataset\cataract\24_right.jpg,cataract/24_right.jpg,cataract,512,512,3,adf5d1e0689fecc3125031979384f12c,24,train
254_left.jpg,C:\projects\retina-ai-ocular-disease-classification\archive\dataset\cataract\254_left.jpg,cataract/254_left.jpg,cataract,512,512,3,60287308c6236e7ee84fc3297c6606e3,254,train
294_left.jpg,C:\projects\retina-ai-ocular-disease-classification\archive\dataset\cataract\294_left.jpg,cataract/294_left.jpg,cataract,512,512,3,6e9f9034c3e64f48456018bc03e84f19,294,train
330_left.jpg,C:\projects\retina-ai-ocular-disease-classification\archive\dataset\cataract\330_left.jpg,cataract/330_left.jpg,cataract,512,512,3,156d672d9910e60e84ac5df6f72bd6ec,330,train
345_right.jpg,C:\projects\retina-ai-ocular-disease-classification\archive\dataset\cataract\345_right.jpg,cataract/345_right.jpg,cataract,512,512,3,f1d8550b5b970d308750ed9fb743ab85,345,train
354_right.jpg,C:\projects\retina-ai-ocular-disease-classification\archive\dataset\cataract\354_right.jpg,cataract/354_right.jpg,cataract,512,512,3,590b3529091e2032e23520d75ce21c9a,354,train
448_left.jpg,C:\projects\retina-ai-ocular-disease-classification\archive\dataset\cataract\448_left.jpg,cataract/448_left.jpg,cataract,512,512,3,5b940ddc3280101f88307ab2b44a91b0,448,train
465_left.jpg,C:\projects\retina-ai-ocular-disease-classification\archive\dataset\cataract\465_left.jpg,cataract/465_left.jpg,cataract,512,512,3,67c2c252d1dbcf6aa658461528a2acad,465,train
477_left.jpg,C:\projects\retina-ai-ocular-disease-classification\archive\dataset\cataract\477_left.jpg,cataract/477_left.jpg,cataract,512,512,3,ea01a01bc09ee9fc682376197fc88ff0,477,train
477_right.jpg,C:\projects\retina-ai-ocular-disease-classification\archive\dataset\cataract\477_right.jpg,cataract/477_right.jpg,cataract,512,512,3,a019086d283df4964df424d0bd359bf7,477,train
553_left.jpg,C:\projects\retina-ai-ocular-disease-classification\archive\dataset\cataract\553_left.jpg,cataract/553_left.jpg,cataract,512,512,3,472f3e57559be9dd04f268b522f700d8,553,train
553_right.jpg,C:\projects\retina-ai-ocular-disease-classification\archive\dataset\cataract\553_right.jpg,cataract/553_right.jpg,cataract,512,512,3,1caa88bec51644e414b0c326d7d7768b,553,train
560_left.jpg,C:\projects\retina-ai-ocular-disease-classification\archive\dataset\cataract\560_left.jpg,cataract/560_left.jpg,cataract,512,512,3,16c6cfc7ab0bc515b7e52ff9f2cc8324,560,train
560_right.jpg,C:\projects\retina-ai-ocular-disease-classification\archive\dataset\cataract\560_right.jpg,cataract/560_right.jpg,cataract,512,512,3,ea82024f0516ca597fdf44ee76ebb745,560,train
629_left.jpg,C:\projects\retina-ai-ocular-disease-classification\archive\dataset\cataract\629_left.jpg,cataract/629_left.jpg,cataract,512,512,3,5404d5774db417eff4c2e88d05418386,629,train
691_left.jpg,C:\projects\retina-ai-ocular-disease-classification\archive\dataset\cataract\691_left.jpg,cataract/691_left.jpg,cataract,512,512,3,8f0953f2f6b8c4d99d942e3062e365e0,691,train
750_left.jpg,C:\projects\retina-ai-ocular-disease-classification\archive\dataset\cataract\750_left.jpg,cataract/750_left.jpg,cataract,512,512,3,26c84dba5e8432dab4b5f7191117ca67,750,train
769_right.jpg,C:\projects\retina-ai-ocular-disease-classification\archive\dataset\cataract\769_right.jpg,cataract/769_right.jpg,cataract,512,512,3,c86f62e35b61842e14a03fdb6704ca6f,769,train
81_left.jpg,C:\projects\retina-ai-ocular-disease-classification\archive\dataset\cataract\81_left.jpg,cataract/81_left.jpg,cataract,512,512,3,fffd3d31b119f1ffa3711d70877198d9,81,train
81_right.jpg,C:\projects\retina-ai-ocular-disease-classification\archive\dataset\cataract\81_right.jpg,cataract/81_right.jpg,cataract,512,512,3,c4d3b364bec306cd1fd6c61429dabc27,81,train
820_left.jpg,C:\projects\retina-ai-ocular-disease-classification\archive\dataset\cataract\820_left.jpg,cataract/820_left.jpg,cataract,512,512,3,792e35c34f5256f00179dde3ccd0270c,820,train
824_left.jpg,C:\projects\retina-ai-ocular-disease-classification\archive\dataset\cataract\824_left.jpg,cataract/824_left.jpg,cataract,512,512,3,588882757c9637dfe8245273e043d4ca,824,train
874_left.jpg,C:\projects\retina-ai-ocular-disease-classification\archive\dataset\cataract\874_left.jpg,cataract/874_left.jpg,cataract,512,512,3,f02d46c58a5e4080a099ee845f6086d5,874,train
907_left.jpg,C:\projects\retina-ai-ocular-disease-classification\archive\dataset\cataract\907_left.jpg,cataract/907_left.jpg,cataract,512,512,3,ebeb07cb7183d953b0b368562a8c8059,907,train
949_right.jpg,C:\projects\retina-ai-ocular-disease-classification\archive\dataset\cataract\949_right.jpg,cataract/949_right.jpg,cataract,512,512,3,3925a4b0eeacfb176e432f54603d89d5,949,train
970_left.jpg,C:\projects\retina-ai-ocular-disease-classification\archive\dataset\cataract\970_left.jpg,cataract/970_left.jpg,cataract,512,512,3,64714e4d39e74c1a194f21e261561e25,970,train
970_right.jpg,C:\projects\retina-ai-ocular-disease-classification\archive\dataset\cataract\970_right.jpg,cataract/970_right.jpg,cataract,512,512,3,4cfb6e876561c4fbe5fc499f15bde592,970,train
_0_4015166.jpg,C:\projects\retina-ai-ocular-disease-classification\archive\dataset\cataract\_0_4015166.jpg,cataract/_0_4015166.jpg,cataract,256,256,3,fdc3adb05e09ba2ef5c3be96da224db3,_0_4015166,train
_100_334408.jpg,C:\projects\retina-ai-ocular-disease-classification\archive\dataset\cataract\_100_334408.jpg,cataract/_100_334408.jpg,cataract,256,256,3,f377551b88e1f2238db04734a06196f8,_100_334408,train
_101_5139882.jpg,C:\projects\retina-ai-ocular-disease-classification\archive\dataset\cataract\_101_5139882.jpg,cataract/_101_5139882.jpg,cataract,256,256,3,84bb359908b8b61c91b05e89ca2bba3b,_101_5139882,train
_101_709333.jpg,C:\projects\retina-ai-ocular-disease-classification\archive\dataset\cataract\_101_709333.jpg,cataract/_101_709333.jpg,cataract,256,256,3,a3007df8f2ef370e92d305270579cdfc,_101_709333,train
_102_1024926.jpg,C:\projects\retina-ai-ocular-disease-classification\archive\dataset\cataract\_102_1024926.jpg,cataract/_102_1024926.jpg,cataract,256,256,3,86c0d641f865898506bfd3f433c2d6b6,_102_1024926,train
_102_3990401.jpg,C:\projects\retina-ai-ocular-disease-classification\archive\dataset\cataract\_102_3990401.jpg,cataract/_102_3990401.jpg,cataract,256,256,3,a76a73e9422268b0d52e6f1537620a56,_102_3990401,train
_103_5897328.jpg,C:\projects\retina-ai-ocular-disease-classification\archive\dataset\cataract\_103_5897328.jpg,cataract/_103_5897328.jpg,cataract,256,256,3,f63e3bb9faf220aa8505630ed4e0de21,_103_5897328,train
_104_4607170.jpg,C:\projects\retina-ai-ocular-disease-classification\archive\dataset\cataract\_104_4607170.jpg,cataract/_104_4607170.jpg,cataract,256,256,3,9f1cbabe07927c87eeadf1183ede258c,_104_4607170,train
_105_5646774.jpg,C:\projects\retina-ai-ocular-disease-classification\archive\dataset\cataract\_105_5646774.jpg,cataract/_105_5646774.jpg,cataract,256,256,3,a35f00a81d46998524d6c17c86cb3fbf,_105_5646774,train
_105_5956883.jpg,C:\projects\retina-ai-ocular-disease-classification\archive\dataset\cataract\_105_5956883.jpg,cataract/_105_5956883.jpg,cataract,256,256,3,d5c981f1e666cc046e7eec42226d65a4,_105_5956883,train
_106_5284713.jpg,C:\projects\retina-ai-ocular-disease-classification\archive\dataset\cataract\_106_5284713.jpg,cataract/_106_5284713.jpg,cataract,256,256,3,b975e1a6bf462441a4dac6fbc6ecdcdc,_106_5284713,train
_107_5060742.jpg,C:\projects\retina-ai-ocular-disease-classification\archive\dataset\cataract\_107_5060742.jpg,cataract/_107_5060742.jpg,cataract,256,256,3,c0402cd3eb78336a92d2dccf29a78436,_107_5060742,train
_108_8917257.jpg,C:\projects\retina-ai-ocular-disease-classification\archive\dataset\cataract\_108_8917257.jpg,cataract/_108_8917257.jpg,cataract,256,256,3,855d4b717d3f0ea07d60b0bec36208f7,_108_8917257,train
_109_2006348.jpg,C:\projects\retina-ai-ocular-disease-classification\archive\dataset\cataract\_109_2006348.jpg,cataract/_109_2006348.jpg,cataract,256,256,3,053618dc000d4298d0eb1d0b519fcc5f,_109_2006348,train
_10_3215668.jpg,C:\projects\retina-ai-ocular-disease-classification\archive\dataset\cataract\_10_3215668.jpg,cataract/_10_3215668.jpg,cataract,256,256,3,2fb1e4b7cc025b3a496803f5cdda2cce,_10_3215668,train
_110_5076150.jpg,C:\projects\retina-ai-ocular-disease-classification\archive\dataset\cataract\_110_5076150.jpg,cataract/_110_5076150.jpg,cataract,256,256,3,5ed25d98d0bbf9db23004e14a7e36d50,_110_5076150,train
_111_9826667.jpg,C:\projects\retina-ai-ocular-disease-classification\archive\dataset\cataract\_111_9826667.jpg,cataract/_111_9826667.jpg,cataract,256,256,3,0a75eea0b32238bd33de8e16bcbcdbc6,_111_9826667,train
_113_1734230.jpg,C:\projects\retina-ai-ocular-disease-classification\archive\dataset\cataract\_113_1734230.jpg,cataract/_113_1734230.jpg,cataract,256,256,3,b88b02542fbf1940aa1d3b3194cc9ad2,_113_1734230,train
_113_2699140.jpg,C:\projects\retina-ai-ocular-disease-classification\archive\dataset\cataract\_113_2699140.jpg,cataract/_113_2699140.jpg,cataract,256,256,3,cef06d5b8d94ec6a7183c9ecda489ad6,_113_2699140,train
_114_3613830.jpg,C:\projects\retina-ai-ocular-disease-classification\archive\dataset\cataract\_114_3613830.jpg,cataract/_114_3613830.jpg,cataract,256,256,3,996da60def53c5458cc5994986d587cd,_114_3613830,train
_114_5711178.jpg,C:\projects\retina-ai-ocular-disease-classification\archive\dataset\cataract\_114_5711178.jpg,cataract/_114_5711178.jpg,cataract,256,256,3,25d6e6061b269ed01f9a7486589991a5,_114_5711178,train
_115_1763401.jpg,C:\projects\retina-ai-ocular-disease-classification\archive\dataset\cataract\_115_1763401.jpg,cataract/_115_1763401.jpg,cataract,256,256,3,a7c7c8f38fa63b38de1236c20f5a0ca0,_115_1763401,train
_115_6901151.jpg,C:\projects\retina-ai-ocular-disease-classification\archive\dataset\cataract\_115_6901151.jpg,cataract/_115_6901151.jpg,cataract,256,256,3,fb7b5651d72d44fc88e370f8532b8879,_115_6901151,train
_117_6521529.jpg,C:\projects\retina-ai-ocular-disease-classification\archive\dataset\cataract\_117_6521529.jpg,cataract/_117_6521529.jpg,cataract,256,256,3,3e0faeec7913cf2f7e4cbb14d01ea1db,_117_6521529,train
_119_6929742.jpg,C:\projects\retina-ai-ocular-disease-classification\archive\dataset\cataract\_119_6929742.jpg,cataract/_119_6929742.jpg,cataract,256,256,3,55def44ee78a8dc2222404a1bdbd6b30,_119_6929742,train
_119_9887385.jpg,C:\projects\retina-ai-ocular-disease-classification\archive\dataset\cataract\_119_9887385.jpg,cataract/_119_9887385.jpg,cataract,256,256,3,766a90a971622a6ac0efe78aba099cfb,_119_9887385,train
_11_7158929.jpg,C:\projects\retina-ai-ocular-disease-classification\archive\dataset\cataract\_11_7158929.jpg,cataract/_11_7158929.jpg,cataract,256,256,3,ca64385c9c7944b990ad8bf3b74630f4,_11_7158929,train
_120_2375814.jpg,C:\projects\retina-ai-ocular-disease-classification\archive\dataset\cataract\_120_2375814.jpg,cataract/_120_2375814.jpg,cataract,256,256,3,8f7f7d867e77d01dc9a23b4b7ed7c723,_120_2375814,train
_120_3067914.jpg,C:\projects\retina-ai-ocular-disease-classification\archive\dataset\cataract\_120_3067914.jpg,cataract/_120_3067914.jpg,cataract,256,256,3,d8871ffc0f28abd5847074711e0be48a,_120_3067914,train
_121_3847336.jpg,C:\projects\retina-ai-ocular-disease-classification\archive\dataset\cataract\_121_3847336.jpg,cataract/_121_3847336.jpg,cataract,256,256,3,7062c11d7251def4dc9b2dedf1548921,_121_3847336,train
_121_5210506.jpg,C:\projects\retina-ai-ocular-disease-classification\archive\dataset\cataract\_121_5210506.jpg,cataract/_121_5210506.jpg,cataract,256,256,3,b766d8763313131af82cdbba63b309fe,_121_5210506,train
_123_8135331.jpg,C:\projects\retina-ai-ocular-disease-classification\archive\dataset\cataract\_123_8135331.jpg,cataract/_123_8135331.jpg,cataract,256,256,3,6ecd07682127e1e3ac53a6a8688f4899,_123_8135331,train
_124_496149.jpg,C:\projects\retina-ai-ocular-disease-classification\archive\dataset\cataract\_124_496149.jpg,cataract/_124_496149.jpg,cataract,256,256,3,94e44c6b3c3de6c3b3c6b60dc969c400,_124_496149,train
_125_6571967.jpg,C:\projects\retina-ai-ocular-disease-classification\archive\dataset\cataract\_125_6571967.jpg,cataract/_125_6571967.jpg,cataract,256,256,3,dc5961b98aec59bf0246f464d63f4f8c,_125_6571967,train
_126_4964568.jpg,C:\projects\retina-ai-ocular-disease-classification\archive\dataset\cataract\_126_4964568.jpg,cataract/_126_4964568.jpg,cataract,256,256,3,6f234d2f2860842c0e34e4c0eabecc71,_126_4964568,train
_129_3024383.jpg,C:\projects\retina-ai-ocular-disease-classification\archive\dataset\cataract\_129_3024383.jpg,cataract/_129_3024383.jpg,cataract,256,256,3,ef0f2f4f0e46ccb0703b8c601d902927,_129_3024383,train
_129_5296959.jpg,C:\projects\retina-ai-ocular-disease-classification\archive\dataset\cataract\_129_5296959.jpg,cataract/_129_5296959.jpg,cataract,256,256,3,ed835483f42045610a8700cc48ad8e7e,_129_5296959,train
_130_3561448.jpg,C:\projects\retina-ai-ocular-disease-classification\archive\dataset\cataract\_130_3561448.jpg,cataract/_130_3561448.jpg,cataract,256,256,3,e4665997de10fef8717992520ee753de,_130_3561448,train
_130_7837321.jpg,C:\projects\retina-ai-ocular-disease-classification\archive\dataset\cataract\_130_7837321.jpg,cataract/_130_7837321.jpg,cataract,256,256,3,2549d0370e8ae0eacc3fc1aa5e290f67,_130_7837321,train
_131_7587386.jpg,C:\projects\retina-ai-ocular-disease-classification\archive\dataset\cataract\_131_7587386.jpg,cataract/_131_7587386.jpg,cataract,256,256,3,6d8582d0383896749118cb90477a5870,_131_7587386,train
_133_1300923.jpg,C:\projects\retina-ai-ocular-disease-classification\archive\dataset\cataract\_133_1300923.jpg,cataract/_133_1300923.jpg,cataract,256,256,3,afbc70d82c6732db24c53058264d13d3,_133_1300923,train
_134_4903477.jpg,C:\projects\retina-ai-ocular-disease-classification\archive\dataset\cataract\_134_4903477.jpg,cataract/_134_4903477.jpg,cataract,256,256,3,5a772ee7c7c591784bb316151725b46f,_134_4903477,train
_135_5639464.jpg,C:\projects\retina-ai-ocular-disease-classification\archive\dataset\cataract\_135_5639464.jpg,cataract/_135_5639464.jpg,cataract,256,256,3,d4191fc165190cd60594b7c580829d6a,_135_5639464,train
_136_4030185.jpg,C:\projects\retina-ai-ocular-disease-classification\archive\dataset\cataract\_136_4030185.jpg,cataract/_136_4030185.jpg,cataract,256,256,3,9c77a6c8fa898a53503149e5dedbca35,_136_4030185,train
_137_7856304.jpg,C:\projects\retina-ai-ocular-disease-classification\archive\dataset\cataract\_137_7856304.jpg,cataract/_137_7856304.jpg,cataract,256,256,3,c67c9768502ee10416e76a38563a5cfa,_137_7856304,train
_138_1949117.jpg,C:\projects\retina-ai-ocular-disease-classification\archive\dataset\cataract\_138_1949117.jpg,cataract/_138_1949117.jpg,cataract,256,256,3,3491cd84a0d124b0c1bdadc9b1a4eed4,_138_1949117,train
_139_583821.jpg,C:\projects\retina-ai-ocular-disease-classification\archive\dataset\cataract\_139_583821.jpg,cataract/_139_583821.jpg,cataract,256,256,3,e48d8ac89a5d21a2e587c77371344c97,_139_583821,train
_141_3457945.jpg,C:\projects\retina-ai-ocular-disease-classification\archive\dataset\cataract\_141_3457945.jpg,cataract/_141_3457945.jpg,cataract,256,256,3,46da903ff1d5f5dc7a41279b69b8c51a,_141_3457945,train
_141_9740629.jpg,C:\projects\retina-ai-ocular-disease-classification\archive\dataset\cataract\_141_9740629.jpg,cataract/_141_9740629.jpg,cataract,256,256,3,353e3494f09758b4b0a0686144d43f4f,_141_9740629,train
_142_7918627.jpg,C:\projects\retina-ai-ocular-disease-classification\archive\dataset\cataract\_142_7918627.jpg,cataract/_142_7918627.jpg,cataract,256,256,3,ead9b7fa892a259005560485c6630606,_142_7918627,train
_144_7061237.jpg,C:\projects\retina-ai-ocular-disease-classification\archive\dataset\cataract\_144_7061237.jpg,cataract/_144_7061237.jpg,cataract,256,256,3,f3dd33ae0d827b1d16e77c8f3984d89c,_144_7061237,train
_145_6931784.jpg,C:\projects\retina-ai-ocular-disease-classification\archive\dataset\cataract\_145_6931784.jpg,cataract/_145_6931784.jpg,cataract,256,256,3,e683d18ca4dfd5b61749ed92552c8c01,_145_6931784,train
_146_4268935.jpg,C:\projects\retina-ai-ocular-disease-classification\archive\dataset\cataract\_146_4268935.jpg,cataract/_146_4268935.jpg,cataract,256,256,3,0b9e7965f200733197deed39bcce9f98,_146_4268935,train
_147_3710804.jpg,C:\projects\retina-ai-ocular-disease-classification\archive\dataset\cataract\_147_3710804.jpg,cataract/_147_3710804.jpg,cataract,256,256,3,02de68e244766edccf4ece153463a6e5,_147_3710804,train
_147_3796034.jpg,C:\projects\retina-ai-ocular-disease-classification\archive\dataset\cataract\_147_3796034.jpg,cataract/_147_3796034.jpg,cataract,256,256,3,7cee4b92ba812ac41bb16b286fc2bada,_147_3796034,train
_148_6795884.jpg,C:\projects\retina-ai-ocular-disease-classification\archive\dataset\cataract\_148_6795884.jpg,cataract/_148_6795884.jpg,cataract,256,256,3,9a36b77d19cc43401c73b66aeee75a61,_148_6795884,train
_14_7805520.jpg,C:\projects\retina-ai-ocular-disease-classification\archive\dataset\cataract\_14_7805520.jpg,cataract/_14_7805520.jpg,cataract,256,256,3,3bbff608d26f74088cb63cd96f77a73d,_14_7805520,train
_150_2517277.jpg,C:\projects\retina-ai-ocular-disease-classification\archive\dataset\cataract\_150_2517277.jpg,cataract/_150_2517277.jpg,cataract,256,256,3,d6fd96ce6bf6ab0c95a5035a783ce611,_150_2517277,train
_150_8876899.jpg,C:\projects\retina-ai-ocular-disease-classification\archive\dataset\cataract\_150_8876899.jpg,cataract/_150_8876899.jpg,cataract,256,256,3,c25aa9680274420f1efb02bf242174da,_150_8876899,train
_151_4262050.jpg,C:\projects\retina-ai-ocular-disease-classification\archive\dataset\cataract\_151_4262050.jpg,cataract/_151_4262050.jpg,cataract,256,256,3,3d24c362637900a4e631cf42db7b5ac2,_151_4262050,train
_152_8894820.jpg,C:\projects\retina-ai-ocular-disease-classification\archive\dataset\cataract\_152_8894820.jpg,cataract/_152_8894820.jpg,cataract,256,256,3,c1116eae07103b7c45fe7ca7591fbd58,_152_8894820,train
_154_1054490.jpg,C:\projects\retina-ai-ocular-disease-classification\archive\dataset\cataract\_154_1054490.jpg,cataract/_154_1054490.jpg,cataract,256,256,3,b23bda30a1655881d627c665ae41aff3,_154_1054490,train
_154_6316287.jpg,C:\projects\retina-ai-ocular-disease-classification\archive\dataset\cataract\_154_6316287.jpg,cataract/_154_6316287.jpg,cataract,256,256,3,e9e51c744b52282c050d2af243c290c3,_154_6316287,train
_155_2004552.jpg,C:\projects\retina-ai-ocular-disease-classification\archive\dataset\cataract\_155_2004552.jpg,cataract/_155_2004552.jpg,cataract,256,256,3,07cb11d2b9e39a11daf87423b4044329,_155_2004552,train
_156_6418009.jpg,C:\projects\retina-ai-ocular-disease-classification\archive\dataset\cataract\_156_6418009.jpg,cataract/_156_6418009.jpg,cataract,256,256,3,6d51eb539ba84903fd83973cc3bca1f6,_156_6418009,train
_157_2679833.jpg,C:\projects\retina-ai-ocular-disease-classification\archive\dataset\cataract\_157_2679833.jpg,cataract/_157_2679833.jpg,cataract,256,256,3,1acd4af8694ab3e9d3dcc416154c7519,_157_2679833,train
_157_8093661.jpg,C:\projects\retina-ai-ocular-disease-classification\archive\dataset\cataract\_157_8093661.jpg,cataract/_157_8093661.jpg,cataract,256,256,3,a6eaf738176a15b3ed8f60f2f7c3b9ee,_157_8093661,train
_158_2964657.jpg,C:\projects\retina-ai-ocular-disease-classification\archive\dataset\cataract\_158_2964657.jpg,cataract/_158_2964657.jpg,cataract,256,256,3,6bbbf4d4c60e468273f27b93d047da7a,_158_2964657,train
_158_6990173.jpg,C:\projects\retina-ai-ocular-disease-classification\archive\dataset\cataract\_158_6990173.jpg,cataract/_158_6990173.jpg,cataract,256,256,3,8585f785081e5d19488b23bd0711243f,_158_6990173,train
_159_5245707.jpg,C:\projects\retina-ai-ocular-disease-classification\archive\dataset\cataract\_159_5245707.jpg,cataract/_159_5245707.jpg,cataract,256,256,3,d45837062fa908cd29487b951e9e671e,_159_5245707,train
_160_9941636.jpg,C:\projects\retina-ai-ocular-disease-classification\archive\dataset\cataract\_160_9941636.jpg,cataract/_160_9941636.jpg,cataract,256,256,3,7ac698a499b803290fc785b04c7c3195,_160_9941636,train
_160_9986895.jpg,C:\projects\retina-ai-ocular-disease-classification\archive\dataset\cataract\_160_9986895.jpg,cataract/_160_9986895.jpg,cataract,256,256,3,8e72228d44fb6bf2ab4a7297e3775ac0,_160_9986895,train
_161_3798587.jpg,C:\projects\retina-ai-ocular-disease-classification\archive\dataset\cataract\_161_3798587.jpg,cataract/_161_3798587.jpg,cataract,256,256,3,d095c30d9f1258259d48d248ab811b4e,_161_3798587,train
_162_3770706.jpg,C:\projects\retina-ai-ocular-disease-classification\archive\dataset\cataract\_162_3770706.jpg,cataract/_162_3770706.jpg,cataract,256,256,3,acc8fd4b21f42a8d51be6f1fd5875d38,_162_3770706,train
_163_2414975.jpg,C:\projects\retina-ai-ocular-disease-classification\archive\dataset\cataract\_163_2414975.jpg,cataract/_163_2414975.jpg,cataract,256,256,3,4c09951b233f685b25c5cac28555b1c5,_163_2414975,train
_163_6585488.jpg,C:\projects\retina-ai-ocular-disease-classification\archive\dataset\cataract\_163_6585488.jpg,cataract/_163_6585488.jpg,cataract,256,256,3,5e66a9f5a6872ffc943e839871f5192a,_163_6585488,train
_163_6979961.jpg,C:\projects\retina-ai-ocular-disease-classification\archive\dataset\cataract\_163_6979961.jpg,cataract/_163_6979961.jpg,cataract,256,256,3,ebd1234bfadda21fe7ce14c34d676a2c,_163_6979961,train
_164_4857097.jpg,C:\projects\retina-ai-ocular-disease-classification\archive\dataset\cataract\_164_4857097.jpg,cataract/_164_4857097.jpg,cataract,256,256,3,bfdc47f365d65cb54156fd9cbefdd52b,_164_4857097,train
_165_8028203.jpg,C:\projects\retina-ai-ocular-disease-classification\archive\dataset\cataract\_165_8028203.jpg,cataract/_165_8028203.jpg,cataract,256,256,3,fbde689c84d7d52458ae9289db4a7ea0,_165_8028203,train
_167_2873590.jpg,C:\projects\retina-ai-ocular-disease-classification\archive\dataset\cataract\_167_2873590.jpg,cataract/_167_2873590.jpg,cataract,256,256,3,ce8992034832f25f9adf580e1ad442ec,_167_2873590,train
_168_2726147.jpg,C:\projects\retina-ai-ocular-disease-classification\archive\dataset\cataract\_168_2726147.jpg,cataract/_168_2726147.jpg,cataract,256,256,3,73c590ae6d8d2c3d300652e6677a8256,_168_2726147,train
_169_5886938.jpg,C:\projects\retina-ai-ocular-disease-classification\archive\dataset\cataract\_169_5886938.jpg,cataract/_169_5886938.jpg,cataract,256,256,3,b980617e7a3b2cf12053024d4abbc7e7,_169_5886938,train
_16_1907643.jpg,C:\projects\retina-ai-ocular-disease-classification\archive\dataset\cataract\_16_1907643.jpg,cataract/_16_1907643.jpg,cataract,256,256,3,461cd45f6d7df2d0fa3fab1b9f61e248,_16_1907643,train
_16_8423210.jpg,C:\projects\retina-ai-ocular-disease-classification\archive\dataset\cataract\_16_8423210.jpg,cataract/_16_8423210.jpg,cataract,256,256,3,b60eb4098db81b43129436e807a391ff,_16_8423210,train
_170_4585047.jpg,C:\projects\retina-ai-ocular-disease-classification\archive\dataset\cataract\_170_4585047.jpg,cataract/_170_4585047.jpg,cataract,256,256,3,61f1c27520ccf216646573903d4bc572,_170_4585047,train
_171_4298450.jpg,C:\projects\retina-ai-ocular-disease-classification\archive\dataset\cataract\_171_4298450.jpg,cataract/_171_4298450.jpg,cataract,256,256,3,d57b8de7e1cc85375e8d6702e85845af,_171_4298450,train
_171_5903297.jpg,C:\projects\retina-ai-ocular-disease-classification\archive\dataset\cataract\_171_5903297.jpg,cataract/_171_5903297.jpg,cataract,256,256,3,dc3e0c053fc6240f4ded55558ce5ca4f,_171_5903297,train
_172_4553386.jpg,C:\projects\retina-ai-ocular-disease-classification\archive\dataset\cataract\_172_4553386.jpg,cataract/_172_4553386.jpg,cataract,256,256,3,bd0b652cf4f6868c7a79893c17010216,_172_4553386,train
_172_5595526.jpg,C:\projects\retina-ai-ocular-disease-classification\archive\dataset\cataract\_172_5595526.jpg,cataract/_172_5595526.jpg,cataract,256,256,3,7b4e7fe790d36fe135b5fba191d139b9,_172_5595526,train
_173_6477739.jpg,C:\projects\retina-ai-ocular-disease-classification\archive\dataset\cataract\_173_6477739.jpg,cataract/_173_6477739.jpg,cataract,256,256,3,405ee5310e270cedac6520795b687795,_173_6477739,train
_173_9178799.jpg,C:\projects\retina-ai-ocular-disease-classification\archive\dataset\cataract\_173_9178799.jpg,cataract/_173_9178799.jpg,cataract,256,256,3,825843c574245647c9b4efdd193f0a3f,_173_9178799,train
_174_1289707.jpg,C:\projects\retina-ai-ocular-disease-classification\archive\dataset\cataract\_174_1289707.jpg,cataract/_174_1289707.jpg,cataract,256,256,3,c2c6babe8b68ab3e62715b4784806aef,_174_1289707,train
_174_2373322.jpg,C:\projects\retina-ai-ocular-disease-classification\archive\dataset\cataract\_174_2373322.jpg,cataract/_174_2373322.jpg,cataract,256,256,3,ef7c5bcdc65ada6af058a1747f8295f9,_174_2373322,train
_175_2515467.jpg,C:\projects\retina-ai-ocular-disease-classification\archive\dataset\cataract\_175_2515467.jpg,cataract/_175_2515467.jpg,cataract,256,256,3,556648c200d997bd25772a7389583e18,_175_2515467,train
_175_4238344.jpg,C:\projects\retina-ai-ocular-disease-classification\archive\dataset\cataract\_175_4238344.jpg,cataract/_175_4238344.jpg,cataract,256,256,3,27457d5abb87b6b763933905aace38cf,_175_4238344,train
_176_2398738.jpg,C:\projects\retina-ai-ocular-disease-classification\archive\dataset\cataract\_176_2398738.jpg,cataract/_176_2398738.jpg,cataract,256,256,3,7a1240fafb4d993c0d101b520550b720,_176_2398738,train
_176_7840976.jpg,C:\projects\retina-ai-ocular-disease-classification\archive\dataset\cataract\_176_7840976.jpg,cataract/_176_7840976.jpg,cataract,256,256,3,636e54e513d0e8141c491e543161fb8b,_176_7840976,train
_177_2299576.jpg,C:\projects\retina-ai-ocular-disease-classification\archive\dataset\cataract\_177_2299576.jpg,cataract/_177_2299576.jpg,cataract,256,256,3,719a486c731184a0bea3ea72664f5234,_177_2299576,train
_178_8645920.jpg,C:\projects\retina-ai-ocular-disease-classification\archive\dataset\cataract\_178_8645920.jpg,cataract/_178_8645920.jpg,cataract,256,256,3,bf878e32272c9c6350cc279d1b6a74d4,_178_8645920,train
_179_3417628.jpg,C:\projects\retina-ai-ocular-disease-classification\archive\dataset\cataract\_179_3417628.jpg,cataract/_179_3417628.jpg,cataract,256,256,3,76d688cc5e2ec3fab3a84471a2ff40d1,_179_3417628,train
_17_1497593.jpg,C:\projects\retina-ai-ocular-disease-classification\archive\dataset\cataract\_17_1497593.jpg,cataract/_17_1497593.jpg,cataract,256,256,3,1873d411790a1b4a1dcc14105baf3062,_17_1497593,train
_17_6538881.jpg,C:\projects\retina-ai-ocular-disease-classification\archive\dataset\cataract\_17_6538881.jpg,cataract/_17_6538881.jpg,cataract,256,256,3,7e47c21082ebec4a045c1fd450f891f2,_17_6538881,train
_180_5849178.jpg,C:\projects\retina-ai-ocular-disease-classification\archive\dataset\cataract\_180_5849178.jpg,cataract/_180_5849178.jpg,cataract,256,256,3,e897040e028b9af63e434d88296b51f4,_180_5849178,train
_182_8895927.jpg,C:\projects\retina-ai-ocular-disease-classification\archive\dataset\cataract\_182_8895927.jpg,cataract/_182_8895927.jpg,cataract,256,256,3,2e4be22a66f065765a1e369e06322300,_182_8895927,train
_182_9646286.jpg,C:\projects\retina-ai-ocular-disease-classification\archive\dataset\cataract\_182_9646286.jpg,cataract/_182_9646286.jpg,cataract,256,256,3,4fc9cf7f8a737a00e0b57d91bb22af1a,_182_9646286,train
_184_5733369.jpg,C:\projects\retina-ai-ocular-disease-classification\archive\dataset\cataract\_184_5733369.jpg,cataract/_184_5733369.jpg,cataract,256,256,3,51e917488b6fab548699a5956e31aaf5,_184_5733369,train
_184_5953446.jpg,C:\projects\retina-ai-ocular-disease-classification\archive\dataset\cataract\_184_5953446.jpg,cataract/_184_5953446.jpg,cataract,256,256,3,563b9cb8e9dbb5c8a43adcdbd917c196,_184_5953446,train
_185_1841552.jpg,C:\projects\retina-ai-ocular-disease-classification\archive\dataset\cataract\_185_1841552.jpg,cataract/_185_1841552.jpg,cataract,256,256,3,524f05a13a859605e866527fbe735907,_185_1841552,train
_185_7271854.jpg,C:\projects\retina-ai-ocular-disease-classification\archive\dataset\cataract\_185_7271854.jpg,cataract/_185_7271854.jpg,cataract,256,256,3,d17df7b87f751e4c1748019ddd83be44,_185_7271854,train
_186_7038738.jpg,C:\projects\retina-ai-ocular-disease-classification\archive\dataset\cataract\_186_7038738.jpg,cataract/_186_7038738.jpg,cataract,256,256,3,3e0ed516e49e6cdfb25bd70598ae1702,_186_7038738,train
_187_1814280.jpg,C:\projects\retina-ai-ocular-disease-classification\archive\dataset\cataract\_187_1814280.jpg,cataract/_187_1814280.jpg,cataract,256,256,3,e5ab46da35d54cf7ee2b7c06f9961ff0,_187_1814280,train
_187_5549549.jpg,C:\projects\retina-ai-ocular-disease-classification\archive\dataset\cataract\_187_5549549.jpg,cataract/_187_5549549.jpg,cataract,256,256,3,d5e4adc1d1d92bc6574605adb96744f0,_187_5549549,train
_189_1773149.jpg,C:\projects\retina-ai-ocular-disease-classification\archive\dataset\cataract\_189_1773149.jpg,cataract/_189_1773149.jpg,cataract,256,256,3,7fc6a015774addaecbefaa6518467ec8,_189_1773149,train
_189_5910645.jpg,C:\projects\retina-ai-ocular-disease-classification\archive\dataset\cataract\_189_5910645.jpg,cataract/_189_5910645.jpg,cataract,256,256,3,33d69c84310902234e4b19f7a43dde59,_189_5910645,train
_18_952924.jpg,C:\projects\retina-ai-ocular-disease-classification\archive\dataset\cataract\_18_952924.jpg,cataract/_18_952924.jpg,cataract,256,256,3,b831bef49fe56a9cd7860226d12eb98a,_18_952924,train
_190_3033991.jpg,C:\projects\retina-ai-ocular-disease-classification\archive\dataset\cataract\_190_3033991.jpg,cataract/_190_3033991.jpg,cataract,256,256,3,645629c31bd813fefb754d2e5f59c6e1,_190_3033991,train
_190_7244239.jpg,C:\projects\retina-ai-ocular-disease-classification\archive\dataset\cataract\_190_7244239.jpg,cataract/_190_7244239.jpg,cataract,256,256,3,d68c8c9ac406369d0dd7803a9e2784cc,_190_7244239,train
_193_6483689.jpg,C:\projects\retina-ai-ocular-disease-classification\archive\dataset\cataract\_193_6483689.jpg,cataract/_193_6483689.jpg,cataract,256,256,3,f8a6802f80ccdb115a8051da005d4899,_193_6483689,train
_194_6438145.jpg,C:\projects\retina-ai-ocular-disease-classification\archive\dataset\cataract\_194_6438145.jpg,cataract/_194_6438145.jpg,cataract,256,256,3,12bc64a555a8c91dbeeffb8de7f592d7,_194_6438145,train
_195_1750450.jpg,C:\projects\retina-ai-ocular-disease-classification\archive\dataset\cataract\_195_1750450.jpg,cataract/_195_1750450.jpg,cataract,256,256,3,55017a0c5ed6674b2bd959797e2212ff,_195_1750450,train
_197_2029104.jpg,C:\projects\retina-ai-ocular-disease-classification\archive\dataset\cataract\_197_2029104.jpg,cataract/_197_2029104.jpg,cataract,256,256,3,930839cb823532712280926b2c3286a8,_197_2029104,train
_197_5321234.jpg,C:\projects\retina-ai-ocular-disease-classification\archive\dataset\cataract\_197_5321234.jpg,cataract/_197_5321234.jpg,cataract,256,256,3,32156c81f890961bbafceb85bfafc91f,_197_5321234,train
_198_3243264.jpg,C:\projects\retina-ai-ocular-disease-classification\archive\dataset\cataract\_198_3243264.jpg,cataract/_198_3243264.jpg,cataract,256,256,3,2d15d0362e4a26b584fd2d8b0eb6af57,_198_3243264,train
_198_6027510.jpg,C:\projects\retina-ai-ocular-disease-classification\archive\dataset\cataract\_198_6027510.jpg,cataract/_198_6027510.jpg,cataract,256,256,3,5943b74a5af7ae6af9f16f46b3e554c2,_198_6027510,train
_199_2279189.jpg,C:\projects\retina-ai-ocular-disease-classification\archive\dataset\cataract\_199_2279189.jpg,cataract/_199_2279189.jpg,cataract,256,256,3,026dd3f169caa7547230bdbf37fc9097,_199_2279189,train
_1_5346540.jpg,C:\projects\retina-ai-ocular-disease-classification\archive\dataset\cataract\_1_5346540.jpg,cataract/_1_5346540.jpg,cataract,256,256,3,c3e63ada062a1f280de431c30eb8fce2,_1_5346540,train
_1_7703314.jpg,C:\projects\retina-ai-ocular-disease-classification\archive\dataset\cataract\_1_7703314.jpg,cataract/_1_7703314.jpg,cataract,256,256,3,8ad1357fc0c0644319b178aaeb913981,_1_7703314,train
_200_9649683.jpg,C:\projects\retina-ai-ocular-disease-classification\archive\dataset\cataract\_200_9649683.jpg,cataract/_200_9649683.jpg,cataract,256,256,3,c49e1648855d4c4ba0c70ddb51fcd7d1,_200_9649683,train
_201_2875079.jpg,C:\projects\retina-ai-ocular-disease-classification\archive\dataset\cataract\_201_2875079.jpg,cataract/_201_2875079.jpg,cataract,256,256,3,207be75ab3d4236776a7da1790da686c,_201_2875079,train
_201_841062.jpg,C:\projects\retina-ai-ocular-disease-classification\archive\dataset\cataract\_201_841062.jpg,cataract/_201_841062.jpg,cataract,256,256,3,36bda3002b4e2df87825c996e12ace37,_201_841062,train
_202_4720633.jpg,C:\projects\retina-ai-ocular-disease-classification\archive\dataset\cataract\_202_4720633.jpg,cataract/_202_4720633.jpg,cataract,256,256,3,183c1e1d303feeab975d0767f772ae4a,_202_4720633,train
_203_3825515.jpg,C:\projects\retina-ai-ocular-disease-classification\archive\dataset\cataract\_203_3825515.jpg,cataract/_203_3825515.jpg,cataract,256,256,3,5a3525289b09a71ad61f8acb3d4a387c,_203_3825515,train
_204_5979635.jpg,C:\projects\retina-ai-ocular-disease-classification\archive\dataset\cataract\_204_5979635.jpg,cataract/_204_5979635.jpg,cataract,256,256,3,715349d1db909daf62ab5bb15e42e0be,_204_5979635,train
_204_6939524.jpg,C:\projects\retina-ai-ocular-disease-classification\archive\dataset\cataract\_204_6939524.jpg,cataract/_204_6939524.jpg,cataract,256,256,3,ab2e42c71be279af919f9ff2cb9a257c,_204_6939524,train
_206_4468888.jpg,C:\projects\retina-ai-ocular-disease-classification\archive\dataset\cataract\_206_4468888.jpg,cataract/_206_4468888.jpg,cataract,256,256,3,82c4242bee48c575125c971b01d491e9,_206_4468888,train
_207_8213037.jpg,C:\projects\retina-ai-ocular-disease-classification\archive\dataset\cataract\_207_8213037.jpg,cataract/_207_8213037.jpg,cataract,256,256,3,5554b20e2ea568378397c3517c8cd55f,_207_8213037,train
_208_168871.jpg,C:\projects\retina-ai-ocular-disease-classification\archive\dataset\cataract\_208_168871.jpg,cataract/_208_168871.jpg,cataract,256,256,3,14773e72efa9a3dfdfeea9ef0c60f06a,_208_168871,train
_208_2337200.jpg,C:\projects\retina-ai-ocular-disease-classification\archive\dataset\cataract\_208_2337200.jpg,cataract/_208_2337200.jpg,cataract,256,256,3,ed003ad3240b955827d64043fe59a97f,_208_2337200,train
_209_2468249.jpg,C:\projects\retina-ai-ocular-disease-classification\archive\dataset\cataract\_209_2468249.jpg,cataract/_209_2468249.jpg,cataract,256,256,3,d1ae2a91d39f5448619e7624f65cc441,_209_2468249,train
_209_4208693.jpg,C:\projects\retina-ai-ocular-disease-classification\archive\dataset\cataract\_209_4208693.jpg,cataract/_209_4208693.jpg,cataract,256,256,3,c2a1d2751051d3e263a525c8c18a3921,_209_4208693,train
_211_9288352.jpg,C:\projects\retina-ai-ocular-disease-classification\archive\dataset\cataract\_211_9288352.jpg,cataract/_211_9288352.jpg,cataract,256,256,3,1865a4452e6e672ee3dc41e48498b101,_211_9288352,train
_212_8423506.jpg,C:\projects\retina-ai-ocular-disease-classification\archive\dataset\cataract\_212_8423506.jpg,cataract/_212_8423506.jpg,cataract,256,256,3,9965872812a5671b97472627efb3c31f,_212_8423506,train
_213_1709362.jpg,C:\projects\retina-ai-ocular-disease-classification\archive\dataset\cataract\_213_1709362.jpg,cataract/_213_1709362.jpg,cataract,256,256,3,64b6bec9ce7a0259b329c3a37a282649,_213_1709362,train
_214_267241.jpg,C:\projects\retina-ai-ocular-disease-classification\archive\dataset\cataract\_214_267241.jpg,cataract/_214_267241.jpg,cataract,256,256,3,b869daade4a030f561fcbc72f4b11b36,_214_267241,train
_214_5569507.jpg,C:\projects\retina-ai-ocular-disease-classification\archive\dataset\cataract\_214_5569507.jpg,cataract/_214_5569507.jpg,cataract,256,256,3,6ea389d61291cf9b520490389ab6f31b,_214_5569507,train
_215_3764172.jpg,C:\projects\retina-ai-ocular-disease-classification\archive\dataset\cataract\_215_3764172.jpg,cataract/_215_3764172.jpg,cataract,256,256,3,4cffb09841aa2c416e1325b5282b70b5,_215_3764172,train
_216_7774590.jpg,C:\projects\retina-ai-ocular-disease-classification\archive\dataset\cataract\_216_7774590.jpg,cataract/_216_7774590.jpg,cataract,256,256,3,0dabe4d1fbf1322ee2fae3eaacdcf478,_216_7774590,train
_217_8865645.jpg,C:\projects\retina-ai-ocular-disease-classification\archive\dataset\cataract\_217_8865645.jpg,cataract/_217_8865645.jpg,cataract,256,256,3,74b0361db61af0d1e2609c8e85ff835b,_217_8865645,train
_218_687151.jpg,C:\projects\retina-ai-ocular-disease-classification\archive\dataset\cataract\_218_687151.jpg,cataract/_218_687151.jpg,cataract,256,256,3,9f942db817ae75e404eb28ad65f645f9,_218_687151,train
_21_4533748.jpg,C:\projects\retina-ai-ocular-disease-classification\archive\dataset\cataract\_21_4533748.jpg,cataract/_21_4533748.jpg,cataract,256,256,3,d25ef41007f1d78775ca1ae72c0c3ffc,_21_4533748,train
_21_8755311.jpg,C:\projects\retina-ai-ocular-disease-classification\archive\dataset\cataract\_21_8755311.jpg,cataract/_21_8755311.jpg,cataract,256,256,3,94ee37ee29f7f69fa65861d6decf79b3,_21_8755311,train
_220_2113285.jpg,C:\projects\retina-ai-ocular-disease-classification\archive\dataset\cataract\_220_2113285.jpg,cataract/_220_2113285.jpg,cataract,256,256,3,b92cda3d044c2d4b287852ea1c9adc88,_220_2113285,train
_221_6907746.jpg,C:\projects\retina-ai-ocular-disease-classification\archive\dataset\cataract\_221_6907746.jpg,cataract/_221_6907746.jpg,cataract,256,256,3,7909d9fc46c0c22de3c28312d97a187c,_221_6907746,train
_221_9234991.jpg,C:\projects\retina-ai-ocular-disease-classification\archive\dataset\cataract\_221_9234991.jpg,cataract/_221_9234991.jpg,cataract,256,256,3,d80f593e9dbc86742759101d4a761e7f,_221_9234991,train
_222_7343969.jpg,C:\projects\retina-ai-ocular-disease-classification\archive\dataset\cataract\_222_7343969.jpg,cataract/_222_7343969.jpg,cataract,256,256,3,16431bb98da2535e118512f6fa9a3417,_222_7343969,train
_223_4290439.jpg,C:\projects\retina-ai-ocular-disease-classification\archive\dataset\cataract\_223_4290439.jpg,cataract/_223_4290439.jpg,cataract,256,256,3,a5038638b5edb4a6b0a0bf58d32d8849,_223_4290439,train
_224_4837152.jpg,C:\projects\retina-ai-ocular-disease-classification\archive\dataset\cataract\_224_4837152.jpg,cataract/_224_4837152.jpg,cataract,256,256,3,88012a7ea9d2b6c14383a3cfcf630968,_224_4837152,train
_226_4234312.jpg,C:\projects\retina-ai-ocular-disease-classification\archive\dataset\cataract\_226_4234312.jpg,cataract/_226_4234312.jpg,cataract,256,256,3,fade764c86cf4be918e0e3d7da5bcf6b,_226_4234312,train
_227_9889754.jpg,C:\projects\retina-ai-ocular-disease-classification\archive\dataset\cataract\_227_9889754.jpg,cataract/_227_9889754.jpg,cataract,256,256,3,b0abd7d98e7232437baf1c01b7ecbaba,_227_9889754,train
_228_4231065.jpg,C:\projects\retina-ai-ocular-disease-classification\archive\dataset\cataract\_228_4231065.jpg,cataract/_228_4231065.jpg,cataract,256,256,3,f2cafe184f81f8532e94cc6bda1f10ec,_228_4231065,train
_22_9724179.jpg,C:\projects\retina-ai-ocular-disease-classification\archive\dataset\cataract\_22_9724179.jpg,cataract/_22_9724179.jpg,cataract,256,256,3,a6ec693f7a956c0741d04c4944c26d62,_22_9724179,train
_230_7976367.jpg,C:\projects\retina-ai-ocular-disease-classification\archive\dataset\cataract\_230_7976367.jpg,cataract/_230_7976367.jpg,cataract,256,256,3,51b01561c770f3b822abedb87e1cfee6,_230_7976367,train
_230_9762004.jpg,C:\projects\retina-ai-ocular-disease-classification\archive\dataset\cataract\_230_9762004.jpg,cataract/_230_9762004.jpg,cataract,256,256,3,f4a6ccfd08437b35e82b267354e291eb,_230_9762004,train
_234_579953.jpg,C:\projects\retina-ai-ocular-disease-classification\archive\dataset\cataract\_234_579953.jpg,cataract/_234_579953.jpg,cataract,256,256,3,bec9b41d59d8d4e3f744e3615f64f991,_234_579953,train
_236_9551809.jpg,C:\projects\retina-ai-ocular-disease-classification\archive\dataset\cataract\_236_9551809.jpg,cataract/_236_9551809.jpg,cataract,256,256,3,ba179965957992945b1ff02222ec962b,_236_9551809,train
_237_9130201.jpg,C:\projects\retina-ai-ocular-disease-classification\archive\dataset\cataract\_237_9130201.jpg,cataract/_237_9130201.jpg,cataract,256,256,3,6e5a786f069313a328239f9db9d76af8,_237_9130201,train
_238_358899.jpg,C:\projects\retina-ai-ocular-disease-classification\archive\dataset\cataract\_238_358899.jpg,cataract/_238_358899.jpg,cataract,256,256,3,1c50ffc79837e89ca91a8d42fdbc708c,_238_358899,train
_238_5389628.jpg,C:\projects\retina-ai-ocular-disease-classification\archive\dataset\cataract\_238_5389628.jpg,cataract/_238_5389628.jpg,cataract,256,256,3,36d953c8ceff6a7e77cc2cb37c0a4abd,_238_5389628,train
_238_9445598.jpg,C:\projects\retina-ai-ocular-disease-classification\archive\dataset\cataract\_238_9445598.jpg,cataract/_238_9445598.jpg,cataract,256,256,3,e6027fce00776ff553baaf9ee29da351,_238_9445598,train
_239_3022913.jpg,C:\projects\retina-ai-ocular-disease-classification\archive\dataset\cataract\_239_3022913.jpg,cataract/_239_3022913.jpg,cataract,256,256,3,cbc9400c29ae882473a3831684d650c4,_239_3022913,train
_23_4636959.jpg,C:\projects\retina-ai-ocular-disease-classification\archive\dataset\cataract\_23_4636959.jpg,cataract/_23_4636959.jpg,cataract,256,256,3,5914bb2216ee57d4d4161f3c53211246,_23_4636959,train
_23_5187079.jpg,C:\projects\retina-ai-ocular-disease-classification\archive\dataset\cataract\_23_5187079.jpg,cataract/_23_5187079.jpg,cataract,256,256,3,ace111ca3c1293bc2de09d54c5584080,_23_5187079,train
_23_9533792.jpg,C:\projects\retina-ai-ocular-disease-classification\archive\dataset\cataract\_23_9533792.jpg,cataract/_23_9533792.jpg,cataract,256,256,3,6ddfe385ae9e68ca50b791de7d1eaa01,_23_9533792,train
_240_4981563.jpg,C:\projects\retina-ai-ocular-disease-classification\archive\dataset\cataract\_240_4981563.jpg,cataract/_240_4981563.jpg,cataract,256,256,3,9a67a438fa2337fa5d0f524bb84195b1,_240_4981563,train
_241_6604562.jpg,C:\projects\retina-ai-ocular-disease-classification\archive\dataset\cataract\_241_6604562.jpg,cataract/_241_6604562.jpg,cataract,256,256,3,1f50d2dc04e2896b7ad81f77c8cd0521,_241_6604562,train
_242_3038184.jpg,C:\projects\retina-ai-ocular-disease-classification\archive\dataset\cataract\_242_3038184.jpg,cataract/_242_3038184.jpg,cataract,256,256,3,0dcf4489514e016171c9ab0ec82edeef,_242_3038184,train
_242_7073642.jpg,C:\projects\retina-ai-ocular-disease-classification\archive\dataset\cataract\_242_7073642.jpg,cataract/_242_7073642.jpg,cataract,256,256,3,41b4f3e20970c52882a365cd06baafb5,_242_7073642,train
_243_1070648.jpg,C:\projects\retina-ai-ocular-disease-classification\archive\dataset\cataract\_243_1070648.jpg,cataract/_243_1070648.jpg,cataract,256,256,3,2ba98d89275d3f9c96d800204d3b6ff2,_243_1070648,train
_243_5311552.jpg,C:\projects\retina-ai-ocular-disease-classification\archive\dataset\cataract\_243_5311552.jpg,cataract/_243_5311552.jpg,cataract,256,256,3,e329ebc90720098551ff6f1943d60d3d,_243_5311552,train
_244_3481752.jpg,C:\projects\retina-ai-ocular-disease-classification\archive\dataset\cataract\_244_3481752.jpg,cataract/_244_3481752.jpg,cataract,256,256,3,6d5f0b736897cb97f74f463e4d377cd8,_244_3481752,train
_245_5686342.jpg,C:\projects\retina-ai-ocular-disease-classification\archive\dataset\cataract\_245_5686342.jpg,cataract/_245_5686342.jpg,cataract,256,256,3,075a5ab00a7542beffa0db7307962e5b,_245_5686342,train
_245_789720.jpg,C:\projects\retina-ai-ocular-disease-classification\archive\dataset\cataract\_245_789720.jpg,cataract/_245_789720.jpg,cataract,256,256,3,05c327ec1453dd6bf903ad6789dcbfc1,_245_789720,train
_246_8777337.jpg,C:\projects\retina-ai-ocular-disease-classification\archive\dataset\cataract\_246_8777337.jpg,cataract/_246_8777337.jpg,cataract,256,256,3,8e75166cfbb64b2c8de284097b137626,_246_8777337,train
_247_7009710.jpg,C:\projects\retina-ai-ocular-disease-classification\archive\dataset\cataract\_247_7009710.jpg,cataract/_247_7009710.jpg,cataract,256,256,3,db29351184096dfb4b269d0f6263e138,_247_7009710,train
_247_9509040.jpg,C:\projects\retina-ai-ocular-disease-classification\archive\dataset\cataract\_247_9509040.jpg,cataract/_247_9509040.jpg,cataract,256,256,3,9e2d5e2006e06a7e4253a96b854ddd09,_247_9509040,train
_248_3607543.jpg,C:\projects\retina-ai-ocular-disease-classification\archive\dataset\cataract\_248_3607543.jpg,cataract/_248_3607543.jpg,cataract,256,256,3,68421f1ea6d7434e2176d24406013842,_248_3607543,train
_248_8765348.jpg,C:\projects\retina-ai-ocular-disease-classification\archive\dataset\cataract\_248_8765348.jpg,cataract/_248_8765348.jpg,cataract,256,256,3,f3efc17c7e1d07eac28061f42670f2c7,_248_8765348,train
_24_8522038.jpg,C:\projects\retina-ai-ocular-disease-classification\archive\dataset\cataract\_24_8522038.jpg,cataract/_24_8522038.jpg,cataract,256,256,3,09dcc171515136df17c38c72d3a52444,_24_8522038,train
_251_6299381.jpg,C:\projects\retina-ai-ocular-disease-classification\archive\dataset\cataract\_251_6299381.jpg,cataract/_251_6299381.jpg,cataract,256,256,3,b7e32c8c03039ef4deeb4897c00ce111,_251_6299381,train
_252_4692803.jpg,C:\projects\retina-ai-ocular-disease-classification\archive\dataset\cataract\_252_4692803.jpg,cataract/_252_4692803.jpg,cataract,256,256,3,4ed155576bc8b5313742a4f8172f76b8,_252_4692803,train
_252_5300307.jpg,C:\projects\retina-ai-ocular-disease-classification\archive\dataset\cataract\_252_5300307.jpg,cataract/_252_5300307.jpg,cataract,256,256,3,a09554510c0980a57cac704c5dcdb831,_252_5300307,train
_254_9630074.jpg,C:\projects\retina-ai-ocular-disease-classification\archive\dataset\cataract\_254_9630074.jpg,cataract/_254_9630074.jpg,cataract,256,256,3,f982f28c83575d815ae931f72b932feb,_254_9630074,train
_256_5928804.jpg,C:\projects\retina-ai-ocular-disease-classification\archive\dataset\cataract\_256_5928804.jpg,cataract/_256_5928804.jpg,cataract,256,256,3,dcf846cd20bd55528b1310c38f39ee2a,_256_5928804,train
_258_1685319.jpg,C:\projects\retina-ai-ocular-disease-classification\archive\dataset\cataract\_258_1685319.jpg,cataract/_258_1685319.jpg,cataract,256,256,3,6026add2203b636d8a2c136fec6960d4,_258_1685319,train
_258_9144081.jpg,C:\projects\retina-ai-ocular-disease-classification\archive\dataset\cataract\_258_9144081.jpg,cataract/_258_9144081.jpg,cataract,256,256,3,a6c0fc5c861ee25f1ec891b2768d409a,_258_9144081,train
_25_4707227.jpg,C:\projects\retina-ai-ocular-disease-classification\archive\dataset\cataract\_25_4707227.jpg,cataract/_25_4707227.jpg,cataract,256,256,3,5049c4d411d5bf2ef6b29ba30ee29158,_25_4707227,train
_260_4628277.jpg,C:\projects\retina-ai-ocular-disease-classification\archive\dataset\cataract\_260_4628277.jpg,cataract/_260_4628277.jpg,cataract,256,256,3,9e714fbd34a703015a4d1f0dad966a21,_260_4628277,train
_261_1001819.jpg,C:\projects\retina-ai-ocular-disease-classification\archive\dataset\cataract\_261_1001819.jpg,cataract/_261_1001819.jpg,cataract,256,256,3,ef56fd314116e57ee140593f281847b3,_261_1001819,train
_262_7895370.jpg,C:\projects\retina-ai-ocular-disease-classification\archive\dataset\cataract\_262_7895370.jpg,cataract/_262_7895370.jpg,cataract,256,256,3,5daf9f60b30843d225569135f5783bc4,_262_7895370,train
_263_7022799.jpg,C:\projects\retina-ai-ocular-disease-classification\archive\dataset\cataract\_263_7022799.jpg,cataract/_263_7022799.jpg,cataract,256,256,3,5359de6fc491dcf66e3a97739600f48f,_263_7022799,train
_264_422425.jpg,C:\projects\retina-ai-ocular-disease-classification\archive\dataset\cataract\_264_422425.jpg,cataract/_264_422425.jpg,cataract,256,256,3,d1941278813e460d9fba02ad6ad4d8e2,_264_422425,train
_264_4584815.jpg,C:\projects\retina-ai-ocular-disease-classification\archive\dataset\cataract\_264_4584815.jpg,cataract/_264_4584815.jpg,cataract,256,256,3,2ad807eb8fd2af080333dde663bdf4cc,_264_4584815,train
_265_7470675.jpg,C:\projects\retina-ai-ocular-disease-classification\archive\dataset\cataract\_265_7470675.jpg,cataract/_265_7470675.jpg,cataract,256,256,3,a6466482ef93d8b55d12a2bd250e1d86,_265_7470675,train
_267_6890587.jpg,C:\projects\retina-ai-ocular-disease-classification\archive\dataset\cataract\_267_6890587.jpg,cataract/_267_6890587.jpg,cataract,256,256,3,f4a5bb20d2b80c647836bf0b905cad73,_267_6890587,train
_268_8496846.jpg,C:\projects\retina-ai-ocular-disease-classification\archive\dataset\cataract\_268_8496846.jpg,cataract/_268_8496846.jpg,cataract,256,256,3,8733de11c472d1e193caada80da112b6,_268_8496846,train
_269_2821321.jpg,C:\projects\retina-ai-ocular-disease-classification\archive\dataset\cataract\_269_2821321.jpg,cataract/_269_2821321.jpg,cataract,256,256,3,1a44292bc21364afd3d815c658508e05,_269_2821321,train
_26_2782553.jpg,C:\projects\retina-ai-ocular-disease-classification\archive\dataset\cataract\_26_2782553.jpg,cataract/_26_2782553.jpg,cataract,256,256,3,004018eb5b713df71529aa1fc65920e3,_26_2782553,train
_270_58393.jpg,C:\projects\retina-ai-ocular-disease-classification\archive\dataset\cataract\_270_58393.jpg,cataract/_270_58393.jpg,cataract,256,256,3,9efd5be2a2e4e36bfc2cb0a1f8559794,_270_58393,train
_270_9344899.jpg,C:\projects\retina-ai-ocular-disease-classification\archive\dataset\cataract\_270_9344899.jpg,cataract/_270_9344899.jpg,cataract,256,256,3,0990cf16fc581a42664f7ebf69b95f04,_270_9344899,train
_271_8355519.jpg,C:\projects\retina-ai-ocular-disease-classification\archive\dataset\cataract\_271_8355519.jpg,cataract/_271_8355519.jpg,cataract,256,256,3,971543dbe0e9212b0cf6c479c83031ca,_271_8355519,train
_272_7270483.jpg,C:\projects\retina-ai-ocular-disease-classification\archive\dataset\cataract\_272_7270483.jpg,cataract/_272_7270483.jpg,cataract,256,256,3,f74784c72ef1565a29934d33f70f2d60,_272_7270483,train
_273_7267841.jpg,C:\projects\retina-ai-ocular-disease-classification\archive\dataset\cataract\_273_7267841.jpg,cataract/_273_7267841.jpg,cataract,256,256,3,f462038e5ab3ae24579361a21c16616c,_273_7267841,train
_273_9043733.jpg,C:\projects\retina-ai-ocular-disease-classification\archive\dataset\cataract\_273_9043733.jpg,cataract/_273_9043733.jpg,cataract,256,256,3,7479b5b91bf33e3481ac3c617040da2b,_273_9043733,train
_275_3439882.jpg,C:\projects\retina-ai-ocular-disease-classification\archive\dataset\cataract\_275_3439882.jpg,cataract/_275_3439882.jpg,cataract,256,256,3,daab8f6f8548dcc82eee98465cbcc700,_275_3439882,train
_276_1796806.jpg,C:\projects\retina-ai-ocular-disease-classification\archive\dataset\cataract\_276_1796806.jpg,cataract/_276_1796806.jpg,cataract,256,256,3,7a28ff49e37865ea09ab8882ced2a185,_276_1796806,train
_277_8311217.jpg,C:\projects\retina-ai-ocular-disease-classification\archive\dataset\cataract\_277_8311217.jpg,cataract/_277_8311217.jpg,cataract,256,256,3,eaa37aac99973494a47426e2aeb50efd,_277_8311217,train
_277_9501088.jpg,C:\projects\retina-ai-ocular-disease-classification\archive\dataset\cataract\_277_9501088.jpg,cataract/_277_9501088.jpg,cataract,256,256,3,a92ccd6d45a1cb6c4c93e29aea9c41c1,_277_9501088,train
_278_8657701.jpg,C:\projects\retina-ai-ocular-disease-classification\archive\dataset\cataract\_278_8657701.jpg,cataract/_278_8657701.jpg,cataract,256,256,3,e1b8f2279967500eb12061e16b342937,_278_8657701,train
_279_4656331.jpg,C:\projects\retina-ai-ocular-disease-classification\archive\dataset\cataract\_279_4656331.jpg,cataract/_279_4656331.jpg,cataract,256,256,3,6d4af999922fda51319c311a8075b639,_279_4656331,train
_27_6695157.jpg,C:\projects\retina-ai-ocular-disease-classification\archive\dataset\cataract\_27_6695157.jpg,cataract/_27_6695157.jpg,cataract,256,256,3,41a8a2573cb2d9fde0f02280b4311fab,_27_6695157,train
_281_5275221.jpg,C:\projects\retina-ai-ocular-disease-classification\archive\dataset\cataract\_281_5275221.jpg,cataract/_281_5275221.jpg,cataract,256,256,3,7fe806e8e3e53c839cb83e317e0b9e35,_281_5275221,train
_282_3209093.jpg,C:\projects\retina-ai-ocular-disease-classification\archive\dataset\cataract\_282_3209093.jpg,cataract/_282_3209093.jpg,cataract,256,256,3,8bc4449878b8e2703b4521354a1b891e,_282_3209093,train
_283_4908640.jpg,C:\projects\retina-ai-ocular-disease-classification\archive\dataset\cataract\_283_4908640.jpg,cataract/_283_4908640.jpg,cataract,256,256,3,d2381220b04c57f3a4bfc91937e547cf,_283_4908640,train
_283_6068531.jpg,C:\projects\retina-ai-ocular-disease-classification\archive\dataset\cataract\_283_6068531.jpg,cataract/_283_6068531.jpg,cataract,256,256,3,95b809bbd618ace522377e6a01cd4113,_283_6068531,train
_285_4325184.jpg,C:\projects\retina-ai-ocular-disease-classification\archive\dataset\cataract\_285_4325184.jpg,cataract/_285_4325184.jpg,cataract,256,256,3,0e756e853dca2ab3cab4d3ac340ad2a8,_285_4325184,train
_287_401023.jpg,C:\projects\retina-ai-ocular-disease-classification\archive\dataset\cataract\_287_401023.jpg,cataract/_287_401023.jpg,cataract,256,256,3,6400babf6edf876033df41dad6db85b0,_287_401023,train
_287_8846352.jpg,C:\projects\retina-ai-ocular-disease-classification\archive\dataset\cataract\_287_8846352.jpg,cataract/_287_8846352.jpg,cataract,256,256,3,92a51774683011364ff85ca5155b2e76,_287_8846352,train
_288_8210584.jpg,C:\projects\retina-ai-ocular-disease-classification\archive\dataset\cataract\_288_8210584.jpg,cataract/_288_8210584.jpg,cataract,256,256,3,5028959be54d285e604d9b6011226089,_288_8210584,train
_289_683957.jpg,C:\projects\retina-ai-ocular-disease-classification\archive\dataset\cataract\_289_683957.jpg,cataract/_289_683957.jpg,cataract,256,256,3,7f6dbe1f90ee925c2e9da7215e385e5a,_289_683957,train
_289_7475172.jpg,C:\projects\retina-ai-ocular-disease-classification\archive\dataset\cataract\_289_7475172.jpg,cataract/_289_7475172.jpg,cataract,256,256,3,23452384c0c970ce70579e408bb3c5ee,_289_7475172,train
_28_8675632.jpg,C:\projects\retina-ai-ocular-disease-classification\archive\dataset\cataract\_28_8675632.jpg,cataract/_28_8675632.jpg,cataract,256,256,3,1b6486b4016a735d4c80a7f2c9544d9f,_28_8675632,train
_292_8455118.jpg,C:\projects\retina-ai-ocular-disease-classification\archive\dataset\cataract\_292_8455118.jpg,cataract/_292_8455118.jpg,cataract,256,256,3,75d5553101cd21a42158c0d18326ceb7,_292_8455118,train
_293_1732996.jpg,C:\projects\retina-ai-ocular-disease-classification\archive\dataset\cataract\_293_1732996.jpg,cataract/_293_1732996.jpg,cataract,256,256,3,d2c4dea21747718faaedd8d82837405e,_293_1732996,train
_294_2444042.jpg,C:\projects\retina-ai-ocular-disease-classification\archive\dataset\cataract\_294_2444042.jpg,cataract/_294_2444042.jpg,cataract,256,256,3,f7f35f109e650fa7bd7b9ce50228223f,_294_2444042,train
_295_4841360.jpg,C:\projects\retina-ai-ocular-disease-classification\archive\dataset\cataract\_295_4841360.jpg,cataract/_295_4841360.jpg,cataract,256,256,3,0b865b5eb7c72321a18c484e7f3269a4,_295_4841360,train
_295_8218216.jpg,C:\projects\retina-ai-ocular-disease-classification\archive\dataset\cataract\_295_8218216.jpg,cataract/_295_8218216.jpg,cataract,256,256,3,e649b77c864723d7b770cea21bc64239,_295_8218216,train
_296_3277370.jpg,C:\projects\retina-ai-ocular-disease-classification\archive\dataset\cataract\_296_3277370.jpg,cataract/_296_3277370.jpg,cataract,256,256,3,a596d4119681d82617a26e537c61bd85,_296_3277370,train
_297_3925010.jpg,C:\projects\retina-ai-ocular-disease-classification\archive\dataset\cataract\_297_3925010.jpg,cataract/_297_3925010.jpg,cataract,256,256,3,27e678e0d86c184cb3229e77aa8b0636,_297_3925010,train
_298_5577948.jpg,C:\projects\retina-ai-ocular-disease-classification\archive\dataset\cataract\_298_5577948.jpg,cataract/_298_5577948.jpg,cataract,256,256,3,fcedd8f5546fabd5fbc2c4a11594dc18,_298_5577948,train
_298_9693365.jpg,C:\projects\retina-ai-ocular-disease-classification\archive\dataset\cataract\_298_9693365.jpg,cataract/_298_9693365.jpg,cataract,256,256,3,4e0908e850d193ec556a2e2023c269fd,_298_9693365,train
_29_5190417.jpg,C:\projects\retina-ai-ocular-disease-classification\archive\dataset\cataract\_29_5190417.jpg,cataract/_29_5190417.jpg,cataract,256,256,3,252a531608c6fea41a2d91363ff56eb0,_29_5190417,train
_2_5883027.jpg,C:\projects\retina-ai-ocular-disease-classification\archive\dataset\cataract\_2_5883027.jpg,cataract/_2_5883027.jpg,cataract,256,256,3,79053ae5866fef9ade79835ae54edeb0,_2_5883027,train
_2_8900343.jpg,C:\projects\retina-ai-ocular-disease-classification\archive\dataset\cataract\_2_8900343.jpg,cataract/_2_8900343.jpg,cataract,256,256,3,9fd05666bbb5e397905af9380c5d1b8d,_2_8900343,train
_300_1946959.jpg,C:\projects\retina-ai-ocular-disease-classification\archive\dataset\cataract\_300_1946959.jpg,cataract/_300_1946959.jpg,cataract,256,256,3,c3f80bca20c93bc3982436a81d8b7cc0,_300_1946959,train
_302_3915909.jpg,C:\projects\retina-ai-ocular-disease-classification\archive\dataset\cataract\_302_3915909.jpg,cataract/_302_3915909.jpg,cataract,256,256,3,ab0014b3e79ca20ce95c9a7641a02c4b,_302_3915909,train
_302_822867.jpg,C:\projects\retina-ai-ocular-disease-classification\archive\dataset\cataract\_302_822867.jpg,cataract/_302_822867.jpg,cataract,256,256,3,cfa47abaccf365e337c8fc1f18fdab12,_302_822867,train
_304_4376168.jpg,C:\projects\retina-ai-ocular-disease-classification\archive\dataset\cataract\_304_4376168.jpg,cataract/_304_4376168.jpg,cataract,256,256,3,10acc87320b9806aa6ab5ad535a888c5,_304_4376168,train
_309_9754398.jpg,C:\projects\retina-ai-ocular-disease-classification\archive\dataset\cataract\_309_9754398.jpg,cataract/_309_9754398.jpg,cataract,256,256,3,c83183bf98f65c8fa5e63c4f1d9c39be,_309_9754398,train
_30_4231084.jpg,C:\projects\retina-ai-ocular-disease-classification\archive\dataset\cataract\_30_4231084.jpg,cataract/_30_4231084.jpg,cataract,256,256,3,403d0f786668eb3da64357cc295b4bb9,_30_4231084,train
_30_8983681.jpg,C:\projects\retina-ai-ocular-disease-classification\archive\dataset\cataract\_30_8983681.jpg,cataract/_30_8983681.jpg,cataract,256,256,3,f5a96ed0e172ccd856f6355e9b3e4487,_30_8983681,train
_310_7977481.jpg,C:\projects\retina-ai-ocular-disease-classification\archive\dataset\cataract\_310_7977481.jpg,cataract/_310_7977481.jpg,cataract,256,256,3,c45ab1a8ecaae4e986b3174ca4de164f,_310_7977481,train
_311_4402042.jpg,C:\projects\retina-ai-ocular-disease-classification\archive\dataset\cataract\_311_4402042.jpg,cataract/_311_4402042.jpg,cataract,256,256,3,59338ff30bfe046659f1d1654994ffdd,_311_4402042,train
_312_2543225.jpg,C:\projects\retina-ai-ocular-disease-classification\archive\dataset\cataract\_312_2543225.jpg,cataract/_312_2543225.jpg,cataract,256,256,3,b2613a7c14bdd5c9ed4a427bda34b93f,_312_2543225,train
_312_2776118.jpg,C:\projects\retina-ai-ocular-disease-classification\archive\dataset\cataract\_312_2776118.jpg,cataract/_312_2776118.jpg,cataract,256,256,3,6d775f906ae29ba12d3bb5a9a655c1ba,_312_2776118,train
_313_6548836.jpg,C:\projects\retina-ai-ocular-disease-classification\archive\dataset\cataract\_313_6548836.jpg,cataract/_313_6548836.jpg,cataract,256,256,3,7ac64d6df82b667e52a1fe0d0bc146ce,_313_6548836,train
_314_8133392.jpg,C:\projects\retina-ai-ocular-disease-classification\archive\dataset\cataract\_314_8133392.jpg,cataract/_314_8133392.jpg,cataract,256,256,3,e0116daf716c7229136691df24f7af68,_314_8133392,train
_314_8935717.jpg,C:\projects\retina-ai-ocular-disease-classification\archive\dataset\cataract\_314_8935717.jpg,cataract/_314_8935717.jpg,cataract,256,256,3,ee0fc335675acd2f9c15506fd2712a0f,_314_8935717,train
_315_3140714.jpg,C:\projects\retina-ai-ocular-disease-classification\archive\dataset\cataract\_315_3140714.jpg,cataract/_315_3140714.jpg,cataract,256,256,3,1e5e6201cf9203701f3614b7d98ebe01,_315_3140714,train
_316_2112344.jpg,C:\projects\retina-ai-ocular-disease-classification\archive\dataset\cataract\_316_2112344.jpg,cataract/_316_2112344.jpg,cataract,256,256,3,946163a2da0ebc99755ab1da6659cbbe,_316_2112344,train
_318_4106741.jpg,C:\projects\retina-ai-ocular-disease-classification\archive\dataset\cataract\_318_4106741.jpg,cataract/_318_4106741.jpg,cataract,256,256,3,dc0582de5b5837b824d829e96b6402de,_318_4106741,train
_319_3822227.jpg,C:\projects\retina-ai-ocular-disease-classification\archive\dataset\cataract\_319_3822227.jpg,cataract/_319_3822227.jpg,cataract,256,256,3,049c2f60e8d4bb89048fc2a6a4aea12a,_319_3822227,train
_31_5635423.jpg,C:\projects\retina-ai-ocular-disease-classification\archive\dataset\cataract\_31_5635423.jpg,cataract/_31_5635423.jpg,cataract,256,256,3,401a91308e3b7fc0222c1bcc817044e1,_31_5635423,train
_320_6448598.jpg,C:\projects\retina-ai-ocular-disease-classification\archive\dataset\cataract\_320_6448598.jpg,cataract/_320_6448598.jpg,cataract,256,256,3,e83255cc411c1c45b185891664021e94,_320_6448598,train
_321_2144914.jpg,C:\projects\retina-ai-ocular-disease-classification\archive\dataset\cataract\_321_2144914.jpg,cataract/_321_2144914.jpg,cataract,256,256,3,215d8c310bcad8c0d88c4ade1c6ad6ae,_321_2144914,train
_321_6270889.jpg,C:\projects\retina-ai-ocular-disease-classification\archive\dataset\cataract\_321_6270889.jpg,cataract/_321_6270889.jpg,cataract,256,256,3,dd3d99f63929648a85f3df0a11f0b931,_321_6270889,train
_322_2685252.jpg,C:\projects\retina-ai-ocular-disease-classification\archive\dataset\cataract\_322_2685252.jpg,cataract/_322_2685252.jpg,cataract,256,256,3,56e2f3f3e2aa5efb5dde3355f4c1116f,_322_2685252,train
_323_1448180.jpg,C:\projects\retina-ai-ocular-disease-classification\archive\dataset\cataract\_323_1448180.jpg,cataract/_323_1448180.jpg,cataract,256,256,3,b676020c194b2ba578fccb77e36a3ae2,_323_1448180,train
_323_2492245.jpg,C:\projects\retina-ai-ocular-disease-classification\archive\dataset\cataract\_323_2492245.jpg,cataract/_323_2492245.jpg,cataract,256,256,3,e7e5f83bbd0c9e9ed52ff19faf0204ad,_323_2492245,train
_324_9920354.jpg,C:\projects\retina-ai-ocular-disease-classification\archive\dataset\cataract\_324_9920354.jpg,cataract/_324_9920354.jpg,cataract,256,256,3,9add3f630683df892cfa8d251adc9e6e,_324_9920354,train
_326_3620282.jpg,C:\projects\retina-ai-ocular-disease-classification\archive\dataset\cataract\_326_3620282.jpg,cataract/_326_3620282.jpg,cataract,256,256,3,c36edc87cfce0d38935310e7f18f9e94,_326_3620282,train
_328_3269333.jpg,C:\projects\retina-ai-ocular-disease-classification\archive\dataset\cataract\_328_3269333.jpg,cataract/_328_3269333.jpg,cataract,256,256,3,d5bdf9879fd6fd5974d0a617eb4c3259,_328_3269333,train
_32_9062172.jpg,C:\projects\retina-ai-ocular-disease-classification\archive\dataset\cataract\_32_9062172.jpg,cataract/_32_9062172.jpg,cataract,256,256,3,6f6f53392979be9f244f683cc003e43c,_32_9062172,train
_32_9153320.jpg,C:\projects\retina-ai-ocular-disease-classification\archive\dataset\cataract\_32_9153320.jpg,cataract/_32_9153320.jpg,cataract,256,256,3,471d7f7656b626cd66e381a811c572ee,_32_9153320,train
_330_5478095.jpg,C:\projects\retina-ai-ocular-disease-classification\archive\dataset\cataract\_330_5478095.jpg,cataract/_330_5478095.jpg,cataract,256,256,3,a4a77b3f8c09a89f8c9153558f4dd7db,_330_5478095,train
_330_7361630.jpg,C:\projects\retina-ai-ocular-disease-classification\archive\dataset\cataract\_330_7361630.jpg,cataract/_330_7361630.jpg,cataract,256,256,3,eb099a9a74aefdaf745f419baa4c86bd,_330_7361630,train
_332_5964742.jpg,C:\projects\retina-ai-ocular-disease-classification\archive\dataset\cataract\_332_5964742.jpg,cataract/_332_5964742.jpg,cataract,256,256,3,049b72069efee1043a8236288cb60cf8,_332_5964742,train
_332_7698256.jpg,C:\projects\retina-ai-ocular-disease-classification\archive\dataset\cataract\_332_7698256.jpg,cataract/_332_7698256.jpg,cataract,256,256,3,16796ff398642f4aa252729b9f16eac6,_332_7698256,train
_332_9730811.jpg,C:\projects\retina-ai-ocular-disease-classification\archive\dataset\cataract\_332_9730811.jpg,cataract/_332_9730811.jpg,cataract,256,256,3,249270bcfa9ecdfe257ca30321666bce,_332_9730811,train
_333_2805221.jpg,C:\projects\retina-ai-ocular-disease-classification\archive\dataset\cataract\_333_2805221.jpg,cataract/_333_2805221.jpg,cataract,256,256,3,f47ba1058583c602029d59ff2cb7c4c9,_333_2805221,train
_333_4052700.jpg,C:\projects\retina-ai-ocular-disease-classification\archive\dataset\cataract\_333_4052700.jpg,cataract/_333_4052700.jpg,cataract,256,256,3,fed376651c423d090f42ca5ba67edcb1,_333_4052700,train
_334_6427863.jpg,C:\projects\retina-ai-ocular-disease-classification\archive\dataset\cataract\_334_6427863.jpg,cataract/_334_6427863.jpg,cataract,256,256,3,052375ca3edbbab2aa9435a6e9173515,_334_6427863,train
_335_9176239.jpg,C:\projects\retina-ai-ocular-disease-classification\archive\dataset\cataract\_335_9176239.jpg,cataract/_335_9176239.jpg,cataract,256,256,3,db647c72d06af295314ad760e6b57dca,_335_9176239,train
_336_8535989.jpg,C:\projects\retina-ai-ocular-disease-classification\archive\dataset\cataract\_336_8535989.jpg,cataract/_336_8535989.jpg,cataract,256,256,3,8278b433f198d1d655132ea9b8b2fc15,_336_8535989,train
_337_6800255.jpg,C:\projects\retina-ai-ocular-disease-classification\archive\dataset\cataract\_337_6800255.jpg,cataract/_337_6800255.jpg,cataract,256,256,3,852116a9f6abbb6a0b4257db1d33803f,_337_6800255,train
_338_6734383.jpg,C:\projects\retina-ai-ocular-disease-classification\archive\dataset\cataract\_338_6734383.jpg,cataract/_338_6734383.jpg,cataract,256,256,3,7ba2df9851f55c13b72c075335dfec05,_338_6734383,train
_339_9106724.jpg,C:\projects\retina-ai-ocular-disease-classification\archive\dataset\cataract\_339_9106724.jpg,cataract/_339_9106724.jpg,cataract,256,256,3,65deb84150aa1f2ef599cedf53585fbf,_339_9106724,train
_340_3239094.jpg,C:\projects\retina-ai-ocular-disease-classification\archive\dataset\cataract\_340_3239094.jpg,cataract/_340_3239094.jpg,cataract,256,256,3,800736e29cfa9737a8a14442ac39ff99,_340_3239094,train
_342_2775386.jpg,C:\projects\retina-ai-ocular-disease-classification\archive\dataset\cataract\_342_2775386.jpg,cataract/_342_2775386.jpg,cataract,256,256,3,a5a160684f93a687f858e1a8fbbc7454,_342_2775386,train
_343_2631213.jpg,C:\projects\retina-ai-ocular-disease-classification\archive\dataset\cataract\_343_2631213.jpg,cataract/_343_2631213.jpg,cataract,256,256,3,532c85c3baa962a25bc6069e6bbb9b2a,_343_2631213,train
_344_5181730.jpg,C:\projects\retina-ai-ocular-disease-classification\archive\dataset\cataract\_344_5181730.jpg,cataract/_344_5181730.jpg,cataract,256,256,3,3d1c74621af1d1c8da018aafb1992d1d,_344_5181730,train
_345_2495680.jpg,C:\projects\retina-ai-ocular-disease-classification\archive\dataset\cataract\_345_2495680.jpg,cataract/_345_2495680.jpg,cataract,256,256,3,cd763c22d6d8ac32636523b80d2b848f,_345_2495680,train
_345_8957256.jpg,C:\projects\retina-ai-ocular-disease-classification\archive\dataset\cataract\_345_8957256.jpg,cataract/_345_8957256.jpg,cataract,256,256,3,a6d25df4de6530ba6ae18545aad0d500,_345_8957256,train
_346_6209704.jpg,C:\projects\retina-ai-ocular-disease-classification\archive\dataset\cataract\_346_6209704.jpg,cataract/_346_6209704.jpg,cataract,256,256,3,619a86e7dd710b27d3e3923a3d66d058,_346_6209704,train
_349_4292233.jpg,C:\projects\retina-ai-ocular-disease-classification\archive\dataset\cataract\_349_4292233.jpg,cataract/_349_4292233.jpg,cataract,256,256,3,fff8fb1197a1398c2335583d60b27b28,_349_4292233,train
_34_2026427.jpg,C:\projects\retina-ai-ocular-disease-classification\archive\dataset\cataract\_34_2026427.jpg,cataract/_34_2026427.jpg,cataract,256,256,3,a1d98c4940a6bdfd48f9e63772f21fbc,_34_2026427,train
_34_2290989.jpg,C:\projects\retina-ai-ocular-disease-classification\archive\dataset\cataract\_34_2290989.jpg,cataract/_34_2290989.jpg,cataract,256,256,3,2c448b31a499a21dafca876b99345d5b,_34_2290989,train
_350_1666948.jpg,C:\projects\retina-ai-ocular-disease-classification\archive\dataset\cataract\_350_1666948.jpg,cataract/_350_1666948.jpg,cataract,256,256,3,0ab3d95c2ac94adeb7d735860d443a9c,_350_1666948,train
_351_7651498.jpg,C:\projects\retina-ai-ocular-disease-classification\archive\dataset\cataract\_351_7651498.jpg,cataract/_351_7651498.jpg,cataract,256,256,3,17c2334eb0bdfdae04a7f9a2c0848032,_351_7651498,train
_352_5217565.jpg,C:\projects\retina-ai-ocular-disease-classification\archive\dataset\cataract\_352_5217565.jpg,cataract/_352_5217565.jpg,cataract,256,256,3,ea254de4748f24d14b7649156858e001,_352_5217565,train
_354_5293531.jpg,C:\projects\retina-ai-ocular-disease-classification\archive\dataset\cataract\_354_5293531.jpg,cataract/_354_5293531.jpg,cataract,256,256,3,2ae14de58b9d0fef45ffb37566cd1a71,_354_5293531,train
_356_7744260.jpg,C:\projects\retina-ai-ocular-disease-classification\archive\dataset\cataract\_356_7744260.jpg,cataract/_356_7744260.jpg,cataract,256,256,3,440f5c7115e6f359b247e586558d03fb,_356_7744260,train
_356_8261086.jpg,C:\projects\retina-ai-ocular-disease-classification\archive\dataset\cataract\_356_8261086.jpg,cataract/_356_8261086.jpg,cataract,256,256,3,7b13b75aadd1eac30d81bc9bb0bfd533,_356_8261086,train
_357_8304812.jpg,C:\projects\retina-ai-ocular-disease-classification\archive\dataset\cataract\_357_8304812.jpg,cataract/_357_8304812.jpg,cataract,256,256,3,439db051831eaa5ebc2ec4e3cdd5fd3c,_357_8304812,train
_358_1004212.jpg,C:\projects\retina-ai-ocular-disease-classification\archive\dataset\cataract\_358_1004212.jpg,cataract/_358_1004212.jpg,cataract,256,256,3,ee6d4bb6b5277ca81e178bc090956558,_358_1004212,train
_358_2608507.jpg,C:\projects\retina-ai-ocular-disease-classification\archive\dataset\cataract\_358_2608507.jpg,cataract/_358_2608507.jpg,cataract,256,256,3,7031e7c83977e632bf551e79e93f522b,_358_2608507,train
_359_2555267.jpg,C:\projects\retina-ai-ocular-disease-classification\archive\dataset\cataract\_359_2555267.jpg,cataract/_359_2555267.jpg,cataract,256,256,3,a312c3943e60307d66aeceb534329084,_359_2555267,train
_361_2261122.jpg,C:\projects\retina-ai-ocular-disease-classification\archive\dataset\cataract\_361_2261122.jpg,cataract/_361_2261122.jpg,cataract,256,256,3,fd5680f944e38e1be0963bee4d7cf1e0,_361_2261122,train
_362_4801225.jpg,C:\projects\retina-ai-ocular-disease-classification\archive\dataset\cataract\_362_4801225.jpg,cataract/_362_4801225.jpg,cataract,256,256,3,a64eb355b003750b579c7899e25b56c5,_362_4801225,train
_362_9739218.jpg,C:\projects\retina-ai-ocular-disease-classification\archive\dataset\cataract\_362_9739218.jpg,cataract/_362_9739218.jpg,cataract,256,256,3,560c7d92609017c574ee9c5a2b3e2f04,_362_9739218,train
_363_2736933.jpg,C:\projects\retina-ai-ocular-disease-classification\archive\dataset\cataract\_363_2736933.jpg,cataract/_363_2736933.jpg,cataract,256,256,3,bf62f7160d1804e39dc3b143f2f6b6e1,_363_2736933,train
_363_7332544.jpg,C:\projects\retina-ai-ocular-disease-classification\archive\dataset\cataract\_363_7332544.jpg,cataract/_363_7332544.jpg,cataract,256,256,3,fbe7ec06166bf965561e1f9d44b0dada,_363_7332544,train
_364_9397731.jpg,C:\projects\retina-ai-ocular-disease-classification\archive\dataset\cataract\_364_9397731.jpg,cataract/_364_9397731.jpg,cataract,256,256,3,cb408011e3819e89312ef1942b586f61,_364_9397731,train
_365_6266228.jpg,C:\projects\retina-ai-ocular-disease-classification\archive\dataset\cataract\_365_6266228.jpg,cataract/_365_6266228.jpg,cataract,256,256,3,f733159bac1ec89f9ed104f113081343,_365_6266228,train
_365_8356754.jpg,C:\projects\retina-ai-ocular-disease-classification\archive\dataset\cataract\_365_8356754.jpg,cataract/_365_8356754.jpg,cataract,256,256,3,22290324d618786a6794ca0e8e100cf9,_365_8356754,train
_366_1717014.jpg,C:\projects\retina-ai-ocular-disease-classification\archive\dataset\cataract\_366_1717014.jpg,cataract/_366_1717014.jpg,cataract,256,256,3,4aecb8ce11f76227e138ed1c97f97c49,_366_1717014,train
_366_983964.jpg,C:\projects\retina-ai-ocular-disease-classification\archive\dataset\cataract\_366_983964.jpg,cataract/_366_983964.jpg,cataract,256,256,3,9798161605d41bc129682868dd58cb23,_366_983964,train
_369_7001529.jpg,C:\projects\retina-ai-ocular-disease-classification\archive\dataset\cataract\_369_7001529.jpg,cataract/_369_7001529.jpg,cataract,256,256,3,a41f8d1433e280cfe957759755c82847,_369_7001529,train
_36_1799809.jpg,C:\projects\retina-ai-ocular-disease-classification\archive\dataset\cataract\_36_1799809.jpg,cataract/_36_1799809.jpg,cataract,256,256,3,1bdda08ac9f8e6144f64eacfeb0efdbd,_36_1799809,train
_36_5599796.jpg,C:\projects\retina-ai-ocular-disease-classification\archive\dataset\cataract\_36_5599796.jpg,cataract/_36_5599796.jpg,cataract,256,256,3,dd3e4aa97f4e14db948a2639456f9ee6,_36_5599796,train
_372_5630593.jpg,C:\projects\retina-ai-ocular-disease-classification\archive\dataset\cataract\_372_5630593.jpg,cataract/_372_5630593.jpg,cataract,256,256,3,c43aab3e0fe79c8d93c726ab0ef505f8,_372_5630593,train
_374_3493833.jpg,C:\projects\retina-ai-ocular-disease-classification\archive\dataset\cataract\_374_3493833.jpg,cataract/_374_3493833.jpg,cataract,256,256,3,98818c1c06d7272dfed31e8d3db1ca54,_374_3493833,train
_375_8898265.jpg,C:\projects\retina-ai-ocular-disease-classification\archive\dataset\cataract\_375_8898265.jpg,cataract/_375_8898265.jpg,cataract,256,256,3,6b07e834f7c3d26635fbf0a4280a99e1,_375_8898265,train
_375_9227285.jpg,C:\projects\retina-ai-ocular-disease-classification\archive\dataset\cataract\_375_9227285.jpg,cataract/_375_9227285.jpg,cataract,256,256,3,70e995b915858819a28e16b7fbfb258a,_375_9227285,train
_376_9321900.jpg,C:\projects\retina-ai-ocular-disease-classification\archive\dataset\cataract\_376_9321900.jpg,cataract/_376_9321900.jpg,cataract,256,256,3,007c3b499b39d78a54a5625bf5ee0bf1,_376_9321900,train
_379_8385603.jpg,C:\projects\retina-ai-ocular-disease-classification\archive\dataset\cataract\_379_8385603.jpg,cataract/_379_8385603.jpg,cataract,256,256,3,1cb728b0bdbfe5747f8a9f0db8ca21e0,_379_8385603,train
_37_8896673.jpg,C:\projects\retina-ai-ocular-disease-classification\archive\dataset\cataract\_37_8896673.jpg,cataract/_37_8896673.jpg,cataract,256,256,3,2155a9827f87de5f3666d58fa1cfb7da,_37_8896673,train
_380_7004130.jpg,C:\projects\retina-ai-ocular-disease-classification\archive\dataset\cataract\_380_7004130.jpg,cataract/_380_7004130.jpg,cataract,256,256,3,1df38b79caeecd708daa60a349e9418e,_380_7004130,train
_380_8765246.jpg,C:\projects\retina-ai-ocular-disease-classification\archive\dataset\cataract\_380_8765246.jpg,cataract/_380_8765246.jpg,cataract,256,256,3,0020b24d7be98bae224c627dab262db6,_380_8765246,train
_382_1061054.jpg,C:\projects\retina-ai-ocular-disease-classification\archive\dataset\cataract\_382_1061054.jpg,cataract/_382_1061054.jpg,cataract,256,256,3,f0ab72f41c059058859e0419fd8f3214,_382_1061054,train
_383_4165819.jpg,C:\projects\retina-ai-ocular-disease-classification\archive\dataset\cataract\_383_4165819.jpg,cataract/_383_4165819.jpg,cataract,256,256,3,fa9b7bb24cbfb2aa2fdd906505cde134,_383_4165819,train
_384_4668888.jpg,C:\projects\retina-ai-ocular-disease-classification\archive\dataset\cataract\_384_4668888.jpg,cataract/_384_4668888.jpg,cataract,256,256,3,6fcc17ac319d53a9e7c05e55881d70a5,_384_4668888,train
_385_4113427.jpg,C:\projects\retina-ai-ocular-disease-classification\archive\dataset\cataract\_385_4113427.jpg,cataract/_385_4113427.jpg,cataract,256,256,3,f7f84ffaa1c9ee5fbda5a8aa530bbe7c,_385_4113427,train
_386_4269538.jpg,C:\projects\retina-ai-ocular-disease-classification\archive\dataset\cataract\_386_4269538.jpg,cataract/_386_4269538.jpg,cataract,256,256,3,3a0b483f715647cd4383c87f7cef6029,_386_4269538,train
_388_2242538.jpg,C:\projects\retina-ai-ocular-disease-classification\archive\dataset\cataract\_388_2242538.jpg,cataract/_388_2242538.jpg,cataract,256,256,3,536f03ab1accc874108166f88eafd73d,_388_2242538,train
_38_5463921.jpg,C:\projects\retina-ai-ocular-disease-classification\archive\dataset\cataract\_38_5463921.jpg,cataract/_38_5463921.jpg,cataract,256,256,3,43afa1fc393510443739098c82e65de6,_38_5463921,train
_390_1354382.jpg,C:\projects\retina-ai-ocular-disease-classification\archive\dataset\cataract\_390_1354382.jpg,cataract/_390_1354382.jpg,cataract,256,256,3,4909ad27a2663ddf7f7bd5782be87594,_390_1354382,train
_390_5561281.jpg,C:\projects\retina-ai-ocular-disease-classification\archive\dataset\cataract\_390_5561281.jpg,cataract/_390_5561281.jpg,cataract,256,256,3,40381f14c6f052a3f905def4128974f7,_390_5561281,train
_391_3026815.jpg,C:\projects\retina-ai-ocular-disease-classification\archive\dataset\cataract\_391_3026815.jpg,cataract/_391_3026815.jpg,cataract,256,256,3,387f962c3440ca3c9ad5c2257fdeacdd,_391_3026815,train
_392_3084035.jpg,C:\projects\retina-ai-ocular-disease-classification\archive\dataset\cataract\_392_3084035.jpg,cataract/_392_3084035.jpg,cataract,256,256,3,f270ea1ad1620c143ce230e19fe6f393,_392_3084035,train
_393_746807.jpg,C:\projects\retina-ai-ocular-disease-classification\archive\dataset\cataract\_393_746807.jpg,cataract/_393_746807.jpg,cataract,256,256,3,33d4808826f132db8b83f610099c7acf,_393_746807,train
_394_4972049.jpg,C:\projects\retina-ai-ocular-disease-classification\archive\dataset\cataract\_394_4972049.jpg,cataract/_394_4972049.jpg,cataract,256,256,3,6195ec66af2a5059c45c5da69533bf6e,_394_4972049,train
_396_4783302.jpg,C:\projects\retina-ai-ocular-disease-classification\archive\dataset\cataract\_396_4783302.jpg,cataract/_396_4783302.jpg,cataract,256,256,3,5364cfb01bf726128f8b067ac80aa272,_396_4783302,train
_397_8948757.jpg,C:\projects\retina-ai-ocular-disease-classification\archive\dataset\cataract\_397_8948757.jpg,cataract/_397_8948757.jpg,cataract,256,256,3,a9a657704374d9b18b369aef166e0af1,_397_8948757,train
_398_329081.jpg,C:\projects\retina-ai-ocular-disease-classification\archive\dataset\cataract\_398_329081.jpg,cataract/_398_329081.jpg,cataract,256,256,3,d3a98683a753cfd585294eab9e8df6c9,_398_329081,train
_399_6667595.jpg,C:\projects\retina-ai-ocular-disease-classification\archive\dataset\cataract\_399_6667595.jpg,cataract/_399_6667595.jpg,cataract,256,256,3,121a2989da81c2c694edafa8e2f43821,_399_6667595,train
_39_9762209.jpg,C:\projects\retina-ai-ocular-disease-classification\archive\dataset\cataract\_39_9762209.jpg,cataract/_39_9762209.jpg,cataract,256,256,3,9934a036919e1fdbed335483848ee83c,_39_9762209,train
_39_9936846.jpg,C:\projects\retina-ai-ocular-disease-classification\archive\dataset\cataract\_39_9936846.jpg,cataract/_39_9936846.jpg,cataract,256,256,3,f7db89b24b1daacfbda71763b447b2c0,_39_9936846,train
_3_4674992.jpg,C:\projects\retina-ai-ocular-disease-classification\archive\dataset\cataract\_3_4674992.jpg,cataract/_3_4674992.jpg,cataract,256,256,3,59df793a6cbb1d57cd548cb44e7a22a5,_3_4674992,train
_40_3866061.jpg,C:\projects\retina-ai-ocular-disease-classification\archive\dataset\cataract\_40_3866061.jpg,cataract/_40_3866061.jpg,cataract,256,256,3,50b5050e7c45a0085528c239596b6c20,_40_3866061,train
_40_4103987.jpg,C:\projects\retina-ai-ocular-disease-classification\archive\dataset\cataract\_40_4103987.jpg,cataract/_40_4103987.jpg,cataract,256,256,3,7a44340d5d53c905bcd9d14c3b498768,_40_4103987,train
_42_9949990.jpg,C:\projects\retina-ai-ocular-disease-classification\archive\dataset\cataract\_42_9949990.jpg,cataract/_42_9949990.jpg,cataract,256,256,3,451b26884f6640bd87faccc3bab6b562,_42_9949990,train
_43_5838123.jpg,C:\projects\retina-ai-ocular-disease-classification\archive\dataset\cataract\_43_5838123.jpg,cataract/_43_5838123.jpg,cataract,256,256,3,bb64c97c4af83c3c7aae97d66f4e2e40,_43_5838123,train
_44_6970984.jpg,C:\projects\retina-ai-ocular-disease-classification\archive\dataset\cataract\_44_6970984.jpg,cataract/_44_6970984.jpg,cataract,256,256,3,ca36fa3d5e02c8c5cfe01b3f3ebd9c65,_44_6970984,train
_44_8713938.jpg,C:\projects\retina-ai-ocular-disease-classification\archive\dataset\cataract\_44_8713938.jpg,cataract/_44_8713938.jpg,cataract,256,256,3,1fb04dade1873b610b650b7e0293104e,_44_8713938,train
_46_4314985.jpg,C:\projects\retina-ai-ocular-disease-classification\archive\dataset\cataract\_46_4314985.jpg,cataract/_46_4314985.jpg,cataract,256,256,3,e67e6c5b1611fd3674ca5431652e1d32,_46_4314985,train
_46_7308563.jpg,C:\projects\retina-ai-ocular-disease-classification\archive\dataset\cataract\_46_7308563.jpg,cataract/_46_7308563.jpg,cataract,256,256,3,f309f32b2536cc844df3b75bb775332b,_46_7308563,train
_47_4608506.jpg,C:\projects\retina-ai-ocular-disease-classification\archive\dataset\cataract\_47_4608506.jpg,cataract/_47_4608506.jpg,cataract,256,256,3,4b4ab4c732804d0829d77364fff1629d,_47_4608506,train
_48_1110786.jpg,C:\projects\retina-ai-ocular-disease-classification\archive\dataset\cataract\_48_1110786.jpg,cataract/_48_1110786.jpg,cataract,256,256,3,6596ab786cfe4066a4e7f8840a05ae04,_48_1110786,train
_48_7953833.jpg,C:\projects\retina-ai-ocular-disease-classification\archive\dataset\cataract\_48_7953833.jpg,cataract/_48_7953833.jpg,cataract,256,256,3,20d34fd65907dd957c275c0361d60e5a,_48_7953833,train
_49_1539697.jpg,C:\projects\retina-ai-ocular-disease-classification\archive\dataset\cataract\_49_1539697.jpg,cataract/_49_1539697.jpg,cataract,256,256,3,a79c4569dc685704f4691f11776b3a0a,_49_1539697,train
_49_2405371.jpg,C:\projects\retina-ai-ocular-disease-classification\archive\dataset\cataract\_49_2405371.jpg,cataract/_49_2405371.jpg,cataract,256,256,3,ff8ae45a97c15ca9ada0d039e72c67b5,_49_2405371,train
_49_7277741.jpg,C:\projects\retina-ai-ocular-disease-classification\archive\dataset\cataract\_49_7277741.jpg,cataract/_49_7277741.jpg,cataract,256,256,3,5479b46721af4b5d896ce85eb961a990,_49_7277741,train
_50_1920746.jpg,C:\projects\retina-ai-ocular-disease-classification\archive\dataset\cataract\_50_1920746.jpg,cataract/_50_1920746.jpg,cataract,256,256,3,842deacef9b9df61d08fa9c02796ff5d,_50_1920746,train
_50_3163122.jpg,C:\projects\retina-ai-ocular-disease-classification\archive\dataset\cataract\_50_3163122.jpg,cataract/_50_3163122.jpg,cataract,256,256,3,a51e6caeecfd93d5639cba85c0fe2486,_50_3163122,train
_52_3704655.jpg,C:\projects\retina-ai-ocular-disease-classification\archive\dataset\cataract\_52_3704655.jpg,cataract/_52_3704655.jpg,cataract,256,256,3,758966df190b8f2860fbbde06e8b3bb4,_52_3704655,train
_52_7569766.jpg,C:\projects\retina-ai-ocular-disease-classification\archive\dataset\cataract\_52_7569766.jpg,cataract/_52_7569766.jpg,cataract,256,256,3,0ad92f782a6d0fad1bff864b4171f336,_52_7569766,train
_53_8912600.jpg,C:\projects\retina-ai-ocular-disease-classification\archive\dataset\cataract\_53_8912600.jpg,cataract/_53_8912600.jpg,cataract,256,256,3,8b8f191efea74d14b43fbf7194cd4762,_53_8912600,train
_54_2420057.jpg,C:\projects\retina-ai-ocular-disease-classification\archive\dataset\cataract\_54_2420057.jpg,cataract/_54_2420057.jpg,cataract,256,256,3,ef591ea6b547e01c8b50aa266b592731,_54_2420057,train
_56_3359017.jpg,C:\projects\retina-ai-ocular-disease-classification\archive\dataset\cataract\_56_3359017.jpg,cataract/_56_3359017.jpg,cataract,256,256,3,55452b80b40b261bcc6f75eba1a632ad,_56_3359017,train
_57_3959793.jpg,C:\projects\retina-ai-ocular-disease-classification\archive\dataset\cataract\_57_3959793.jpg,cataract/_57_3959793.jpg,cataract,256,256,3,098bf616e6d363e8122ca32576eb807a,_57_3959793,train
_58_7683562.jpg,C:\projects\retina-ai-ocular-disease-classification\archive\dataset\cataract\_58_7683562.jpg,cataract/_58_7683562.jpg,cataract,256,256,3,0ddeb9a335c93edadbd8703359abd5d6,_58_7683562,train
_59_2574195.jpg,C:\projects\retina-ai-ocular-disease-classification\archive\dataset\cataract\_59_2574195.jpg,cataract/_59_2574195.jpg,cataract,256,256,3,9ddf336746b9a50f7538a46109efa42c,_59_2574195,train
_59_8958387.jpg,C:\projects\retina-ai-ocular-disease-classification\archive\dataset\cataract\_59_8958387.jpg,cataract/_59_8958387.jpg,cataract,256,256,3,d50ab229bcf27e8c61a2401e18a716cb,_59_8958387,train
_60_2561089.jpg,C:\projects\retina-ai-ocular-disease-classification\archive\dataset\cataract\_60_2561089.jpg,cataract/_60_2561089.jpg,cataract,256,256,3,d3b2e8b85473814c2e8e2db43147db0f,_60_2561089,train
_60_7070159.jpg,C:\projects\retina-ai-ocular-disease-classification\archive\dataset\cataract\_60_7070159.jpg,cataract/_60_7070159.jpg,cataract,256,256,3,d9cf02ae93af14b3b6bae8c645753741,_60_7070159,train
_61_2475173.jpg,C:\projects\retina-ai-ocular-disease-classification\archive\dataset\cataract\_61_2475173.jpg,cataract/_61_2475173.jpg,cataract,256,256,3,6e9f1339f20d1e1c9065b43c3b26f69d,_61_2475173,train
_61_3633947.jpg,C:\projects\retina-ai-ocular-disease-classification\archive\dataset\cataract\_61_3633947.jpg,cataract/_61_3633947.jpg,cataract,256,256,3,76fbd7f434590e2baf0bbbe548a8fe23,_61_3633947,train
_62_4386293.jpg,C:\projects\retina-ai-ocular-disease-classification\archive\dataset\cataract\_62_4386293.jpg,cataract/_62_4386293.jpg,cataract,256,256,3,c4026be12f34b18223d782f2d7a12309,_62_4386293,train
_63_4246818.jpg,C:\projects\retina-ai-ocular-disease-classification\archive\dataset\cataract\_63_4246818.jpg,cataract/_63_4246818.jpg,cataract,256,256,3,adaebe3b6fe39465f2c63e407fc8c73d,_63_4246818,train
_63_7923836.jpg,C:\projects\retina-ai-ocular-disease-classification\archive\dataset\cataract\_63_7923836.jpg,cataract/_63_7923836.jpg,cataract,256,256,3,76465d3518b182478aeb9d47dbb78d47,_63_7923836,train
_64_2615880.jpg,C:\projects\retina-ai-ocular-disease-classification\archive\dataset\cataract\_64_2615880.jpg,cataract/_64_2615880.jpg,cataract,256,256,3,84a27f2017881f0b7b22bab6caad0c85,_64_2615880,train
_64_5229674.jpg,C:\projects\retina-ai-ocular-disease-classification\archive\dataset\cataract\_64_5229674.jpg,cataract/_64_5229674.jpg,cataract,256,256,3,b4ed01d923709a9da9a703778263627c,_64_5229674,train
_66_625523.jpg,C:\projects\retina-ai-ocular-disease-classification\archive\dataset\cataract\_66_625523.jpg,cataract/_66_625523.jpg,cataract,256,256,3,2662d5e9dac53560305372213fb8014f,_66_625523,train
_66_9729796.jpg,C:\projects\retina-ai-ocular-disease-classification\archive\dataset\cataract\_66_9729796.jpg,cataract/_66_9729796.jpg,cataract,256,256,3,8686e36fd47d9161be6092869c0ab89f,_66_9729796,train
_67_2701502.jpg,C:\projects\retina-ai-ocular-disease-classification\archive\dataset\cataract\_67_2701502.jpg,cataract/_67_2701502.jpg,cataract,256,256,3,4e211192a76d270cff831608c4fe7d75,_67_2701502,train
_67_7544085.jpg,C:\projects\retina-ai-ocular-disease-classification\archive\dataset\cataract\_67_7544085.jpg,cataract/_67_7544085.jpg,cataract,256,256,3,9c19ff59b8ba94c333e340355ca7a077,_67_7544085,train
_68_132563.jpg,C:\projects\retina-ai-ocular-disease-classification\archive\dataset\cataract\_68_132563.jpg,cataract/_68_132563.jpg,cataract,256,256,3,13d58a4613e33f4951c5e3230d4bdc69,_68_132563,train
_68_6182618.jpg,C:\projects\retina-ai-ocular-disease-classification\archive\dataset\cataract\_68_6182618.jpg,cataract/_68_6182618.jpg,cataract,256,256,3,f913bc0220ce6aedfdd29a4c33578bc1,_68_6182618,train
_69_3198217.jpg,C:\projects\retina-ai-ocular-disease-classification\archive\dataset\cataract\_69_3198217.jpg,cataract/_69_3198217.jpg,cataract,256,256,3,c8c5302b4597739e17263729947a5cf9,_69_3198217,train
_6_4834075.jpg,C:\projects\retina-ai-ocular-disease-classification\archive\dataset\cataract\_6_4834075.jpg,cataract/_6_4834075.jpg,cataract,256,256,3,217329a323e3800f8d66a7f75fdafc5a,_6_4834075,train
_70_3464173.jpg,C:\projects\retina-ai-ocular-disease-classification\archive\dataset\cataract\_70_3464173.jpg,cataract/_70_3464173.jpg,cataract,256,256,3,bbbff182e60ed5b3b02c21650743680c,_70_3464173,train
_70_6811978.jpg,C:\projects\retina-ai-ocular-disease-classification\archive\dataset\cataract\_70_6811978.jpg,cataract/_70_6811978.jpg,cataract,256,256,3,efde967dc3fe62e9f34dcfcd3cd5894e,_70_6811978,train
_71_5079718.jpg,C:\projects\retina-ai-ocular-disease-classification\archive\dataset\cataract\_71_5079718.jpg,cataract/_71_5079718.jpg,cataract,256,256,3,ea7575066034b7d523ab57d97ae42807,_71_5079718,train
_71_7808711.jpg,C:\projects\retina-ai-ocular-disease-classification\archive\dataset\cataract\_71_7808711.jpg,cataract/_71_7808711.jpg,cataract,256,256,3,01854306f5abff445cf677b356dbe56a,_71_7808711,train
_72_6009084.jpg,C:\projects\retina-ai-ocular-disease-classification\archive\dataset\cataract\_72_6009084.jpg,cataract/_72_6009084.jpg,cataract,256,256,3,9674a5e0d007093b65712d63525549b5,_72_6009084,train
_72_8796984.jpg,C:\projects\retina-ai-ocular-disease-classification\archive\dataset\cataract\_72_8796984.jpg,cataract/_72_8796984.jpg,cataract,256,256,3,0fa84286ad46d46245a50a17530f0da1,_72_8796984,train
_73_1828688.jpg,C:\projects\retina-ai-ocular-disease-classification\archive\dataset\cataract\_73_1828688.jpg,cataract/_73_1828688.jpg,cataract,256,256,3,030efd23bc52e58607744f084cfcc357,_73_1828688,train
_74_5402652.jpg,C:\projects\retina-ai-ocular-disease-classification\archive\dataset\cataract\_74_5402652.jpg,cataract/_74_5402652.jpg,cataract,256,256,3,3e3cd319569c1b86c0383e5f17833115,_74_5402652,train
_75_6801378.jpg,C:\projects\retina-ai-ocular-disease-classification\archive\dataset\cataract\_75_6801378.jpg,cataract/_75_6801378.jpg,cataract,256,256,3,9d76f099ab44f1c1795e8c404ca32240,_75_6801378,train
_77_2197698.jpg,C:\projects\retina-ai-ocular-disease-classification\archive\dataset\cataract\_77_2197698.jpg,cataract/_77_2197698.jpg,cataract,256,256,3,81a632b48022f43f66d00c5d442dcc07,_77_2197698,train
_77_938150.jpg,C:\projects\retina-ai-ocular-disease-classification\archive\dataset\cataract\_77_938150.jpg,cataract/_77_938150.jpg,cataract,256,256,3,e1b0a71a49e644403e387d09813046d8,_77_938150,train
_79_1123955.jpg,C:\projects\retina-ai-ocular-disease-classification\archive\dataset\cataract\_79_1123955.jpg,cataract/_79_1123955.jpg,cataract,256,256,3,6c411687ce6ff5d8f9b22f8c8d03ef29,_79_1123955,train
_7_2330751.jpg,C:\projects\retina-ai-ocular-disease-classification\archive\dataset\cataract\_7_2330751.jpg,cataract/_7_2330751.jpg,cataract,256,256,3,82cda5ed4c050e05736c46aaf36c21b4,_7_2330751,train
_80_8675414.jpg,C:\projects\retina-ai-ocular-disease-classification\archive\dataset\cataract\_80_8675414.jpg,cataract/_80_8675414.jpg,cataract,256,256,3,0e4bea8be01deef5d0cad8c52f3a2dab,_80_8675414,train
_81_6384668.jpg,C:\projects\retina-ai-ocular-disease-classification\archive\dataset\cataract\_81_6384668.jpg,cataract/_81_6384668.jpg,cataract,256,256,3,d1c7f4adaf52f675bde0e982758e0ffb,_81_6384668,train
_82_1805923.jpg,C:\projects\retina-ai-ocular-disease-classification\archive\dataset\cataract\_82_1805923.jpg,cataract/_82_1805923.jpg,cataract,256,256,3,e5ecc39462f37aebe3934fabdad93ff0,_82_1805923,train
_83_8570399.jpg,C:\projects\retina-ai-ocular-disease-classification\archive\dataset\cataract\_83_8570399.jpg,cataract/_83_8570399.jpg,cataract,256,256,3,52095b6b598b50e105980c0d7c191516,_83_8570399,train
_85_2405112.jpg,C:\projects\retina-ai-ocular-disease-classification\archive\dataset\cataract\_85_2405112.jpg,cataract/_85_2405112.jpg,cataract,256,256,3,d2b8bd0a6efd6c3940b58051969753b3,_85_2405112,train
_86_4443360.jpg,C:\projects\retina-ai-ocular-disease-classification\archive\dataset\cataract\_86_4443360.jpg,cataract/_86_4443360.jpg,cataract,256,256,3,41c2c9498c342a39e485fc24fb4db9b2,_86_4443360,train
_86_8666413.jpg,C:\projects\retina-ai-ocular-disease-classification\archive\dataset\cataract\_86_8666413.jpg,cataract/_86_8666413.jpg,cataract,256,256,3,40f6136e04065f07452e9c6436300157,_86_8666413,train
_87_635890.jpg,C:\projects\retina-ai-ocular-disease-classification\archive\dataset\cataract\_87_635890.jpg,cataract/_87_635890.jpg,cataract,256,256,3,bdce8655536b22671b5a55dde1c2eed2,_87_635890,train
_88_7869628.jpg,C:\projects\retina-ai-ocular-disease-classification\archive\dataset\cataract\_88_7869628.jpg,cataract/_88_7869628.jpg,cataract,256,256,3,94f4f69beccc979a2a2968e0af5ab223,_88_7869628,train
_89_2075481.jpg,C:\projects\retina-ai-ocular-disease-classification\archive\dataset\cataract\_89_2075481.jpg,cataract/_89_2075481.jpg,cataract,256,256,3,9f35494ad13d389f6942a3231144dbc1,_89_2075481,train
_89_450120.jpg,C:\projects\retina-ai-ocular-disease-classification\archive\dataset\cataract\_89_450120.jpg,cataract/_89_450120.jpg,cataract,256,256,3,164c6eb60a468e8142756db34d4692a1,_89_450120,train
_89_6878178.jpg,C:\projects\retina-ai-ocular-disease-classification\archive\dataset\cataract\_89_6878178.jpg,cataract/_89_6878178.jpg,cataract,256,256,3,eb156cd6f72fd59d1cdeb49b91af1449,_89_6878178,train
_8_7059542.jpg,C:\projects\retina-ai-ocular-disease-classification\archive\dataset\cataract\_8_7059542.jpg,cataract/_8_7059542.jpg,cataract,256,256,3,5f264a16705640e50664c012342299e1,_8_7059542,train
_90_3742626.jpg,C:\projects\retina-ai-ocular-disease-classification\archive\dataset\cataract\_90_3742626.jpg,cataract/_90_3742626.jpg,cataract,256,256,3,01028b81c0db1b1e85c4cf657baa23e4,_90_3742626,train
_90_4763455.jpg,C:\projects\retina-ai-ocular-disease-classification\archive\dataset\cataract\_90_4763455.jpg,cataract/_90_4763455.jpg,cataract,256,256,3,80b32961baac415d6c83535b2064756f,_90_4763455,train
_91_7118539.jpg,C:\projects\retina-ai-ocular-disease-classification\archive\dataset\cataract\_91_7118539.jpg,cataract/_91_7118539.jpg,cataract,256,256,3,4b095ce76b5a1fd5e389ad811980ec7b,_91_7118539,train
_92_5284437.jpg,C:\projects\retina-ai-ocular-disease-classification\archive\dataset\cataract\_92_5284437.jpg,cataract/_92_5284437.jpg,cataract,256,256,3,b65ffbd8caf58dbeb88a9a02abd6eb86,_92_5284437,train
_93_7584804.jpg,C:\projects\retina-ai-ocular-disease-classification\archive\dataset\cataract\_93_7584804.jpg,cataract/_93_7584804.jpg,cataract,256,256,3,74b6f55db47011fe453a4498b20b6f52,_93_7584804,train
_94_5517058.jpg,C:\projects\retina-ai-ocular-disease-classification\archive\dataset\cataract\_94_5517058.jpg,cataract/_94_5517058.jpg,cataract,256,256,3,5bf1cba61c6aada59d9c5a72f55784bc,_94_5517058,train
_95_592187.jpg,C:\projects\retina-ai-ocular-disease-classification\archive\dataset\cataract\_95_592187.jpg,cataract/_95_592187.jpg,cataract,256,256,3,c7e02eb8ffe8e97d1ea027d60cff7d8b,_95_592187,train
_96_6290965.jpg,C:\projects\retina-ai-ocular-disease-classification\archive\dataset\cataract\_96_6290965.jpg,cataract/_96_6290965.jpg,cataract,256,256,3,02576e3cac794f69a1e90a5b31643091,_96_6290965,train
_97_6398110.jpg,C:\projects\retina-ai-ocular-disease-classification\archive\dataset\cataract\_97_6398110.jpg,cataract/_97_6398110.jpg,cataract,256,256,3,c11eaa3ead1734d118a903baa5a04430,_97_6398110,train
_97_761368.jpg,C:\projects\retina-ai-ocular-disease-classification\archive\dataset\cataract\_97_761368.jpg,cataract/_97_761368.jpg,cataract,256,256,3,0a984dd3a31c2c9a96587057fb8beb51,_97_761368,train
cataract_001.png,C:\projects\retina-ai-ocular-disease-classification\archive\dataset\cataract\cataract_001.png,cataract/cataract_001.png,cataract,2592,1728,3,456ff9fb6c6bcf00402912b4c8691ce8,cataract_001,train
cataract_003.png,C:\projects\retina-ai-ocular-disease-classification\archive\dataset\cataract\cataract_003.png,cataract/cataract_003.png,cataract,2592,1728,3,ff11da89849a47137193d1447a41b566,cataract_003,train
cataract_004.png,C:\projects\retina-ai-ocular-disease-classification\archive\dataset\cataract\cataract_004.png,cataract/cataract_004.png,cataract,2592,1728,3,f7147f8891d139ad2129c0738f50931d,cataract_004,train
cataract_005.png,C:\projects\retina-ai-ocular-disease-classification\archive\dataset\cataract\cataract_005.png,cataract/cataract_005.png,cataract,1848,1224,3,f87b079b130067a37e50bd5e6afda679,cataract_005,train
cataract_006.png,C:\projects\retina-ai-ocular-disease-classification\archive\dataset\cataract\cataract_006.png,cataract/cataract_006.png,cataract,2464,1632,3,d985beb7c05135aec3de6bb909f6285d,cataract_006,train
cataract_007.png,C:\projects\retina-ai-ocular-disease-classification\archive\dataset\cataract\cataract_007.png,cataract/cataract_007.png,cataract,2464,1632,3,2899c291a9468c3b4b41c4abab5cecc8,cataract_007,train
cataract_008.png,C:\projects\retina-ai-ocular-disease-classification\archive\dataset\cataract\cataract_008.png,cataract/cataract_008.png,cataract,2592,1728,3,3a3a5e8430cb599bce0a62f509e3bce8,cataract_008,train
cataract_010.png,C:\projects\retina-ai-ocular-disease-classification\archive\dataset\cataract\cataract_010.png,cataract/cataract_010.png,cataract,2592,1728,3,3bb0f40d1980793b4d868c40f149c134,cataract_010,train
cataract_011.png,C:\projects\retina-ai-ocular-disease-classification\archive\dataset\cataract\cataract_011.png,cataract/cataract_011.png,cataract,2592,1728,3,5e6bc7bb290095d4dd60ca857423dccc,cataract_011,train
cataract_012.png,C:\projects\retina-ai-ocular-disease-classification\archive\dataset\cataract\cataract_012.png,cataract/cataract_012.png,cataract,2592,1728,3,4cf2dea6c11f914e67bb41cb7d3631f8,cataract_012,train
cataract_013.png,C:\projects\retina-ai-ocular-disease-classification\archive\dataset\cataract\cataract_013.png,cataract/cataract_013.png,cataract,2592,1728,3,f3decc2eda2bebaf5356cb82c003de22,cataract_013,train
cataract_016.png,C:\projects\retina-ai-ocular-disease-classification\archive\dataset\cataract\cataract_016.png,cataract/cataract_016.png,cataract,2592,1728,3,97f7db3792468c69dfd74eeaccc77fbb,cataract_016,train
cataract_017.png,C:\projects\retina-ai-ocular-disease-classification\archive\dataset\cataract\cataract_017.png,cataract/cataract_017.png,cataract,2592,1728,3,1d668663ff5a659940f87b1bbe30f237,cataract_017,train
cataract_021.png,C:\projects\retina-ai-ocular-disease-classification\archive\dataset\cataract\cataract_021.png,cataract/cataract_021.png,cataract,2592,1728,3,3815e7af54f7c7e434c3b0f58f348271,cataract_021,train
cataract_023.png,C:\projects\retina-ai-ocular-disease-classification\archive\dataset\cataract\cataract_023.png,cataract/cataract_023.png,cataract,2464,1632,3,da864b21a4bd7c15a6da26d511bbce64,cataract_023,train
cataract_024.png,C:\projects\retina-ai-ocular-disease-classification\archive\dataset\cataract\cataract_024.png,cataract/cataract_024.png,cataract,2464,1632,3,cd059c1ac6a604c4da4d1cd36e1e6e80,cataract_024,train
cataract_025.png,C:\projects\retina-ai-ocular-disease-classification\archive\dataset\cataract\cataract_025.png,cataract/cataract_025.png,cataract,2464,1632,3,0637080061530efc7759f0f050c93860,cataract_025,train
cataract_027.png,C:\projects\retina-ai-ocular-disease-classification\archive\dataset\cataract\cataract_027.png,cataract/cataract_027.png,cataract,1848,1224,3,1a26f4ebd3f75e2dba678156d4e9304a,cataract_027,train
cataract_028.png,C:\projects\retina-ai-ocular-disease-classification\archive\dataset\cataract\cataract_028.png,cataract/cataract_028.png,cataract,2464,1632,3,ff77d7cd141bf770874dcd4f144b9519,cataract_028,train
cataract_029.png,C:\projects\retina-ai-ocular-disease-classification\archive\dataset\cataract\cataract_029.png,cataract/cataract_029.png,cataract,2592,1728,3,8e8c098b32ff3f03a4f98ca053d2d1b5,cataract_029,train
cataract_030.png,C:\projects\retina-ai-ocular-disease-classification\archive\dataset\cataract\cataract_030.png,cataract/cataract_030.png,cataract,2592,1728,3,ecd1684ddb2c6ca3031a54b9cd8bd42c,cataract_030,train
cataract_032.png,C:\projects\retina-ai-ocular-disease-classification\archive\dataset\cataract\cataract_032.png,cataract/cataract_032.png,cataract,2464,1632,3,4cb99f09608bccbc48702ea24a09e462,cataract_032,train
cataract_033.png,C:\projects\retina-ai-ocular-disease-classification\archive\dataset\cataract\cataract_033.png,cataract/cataract_033.png,cataract,2592,1728,3,52f6b5386256236de50b10622214d1bd,cataract_033,train
cataract_036.png,C:\projects\retina-ai-ocular-disease-classification\archive\dataset\cataract\cataract_036.png,cataract/cataract_036.png,cataract,2592,1728,3,14c41574bd841a3d5421567567d06173,cataract_036,train
cataract_037.png,C:\projects\retina-ai-ocular-disease-classification\archive\dataset\cataract\cataract_037.png,cataract/cataract_037.png,cataract,2592,1728,3,42deaca460eb8686aba4a91e061ddaff,cataract_037,train
cataract_038.png,C:\projects\retina-ai-ocular-disease-classification\archive\dataset\cataract\cataract_038.png,cataract/cataract_038.png,cataract,2592,1728,3,50779d715c94bb2053db108cf3379f32,cataract_038,train
cataract_039.png,C:\projects\retina-ai-ocular-disease-classification\archive\dataset\cataract\cataract_039.png,cataract/cataract_039.png,cataract,2592,1728,3,03c8cba032436a606dfac988ee176425,cataract_039,train
cataract_040.png,C:\projects\retina-ai-ocular-disease-classification\archive\dataset\cataract\cataract_040.png,cataract/cataract_040.png,cataract,2592,1728,3,cbc95a2250d14bd15c36634a22a41d82,cataract_040,train
cataract_041.png,C:\projects\retina-ai-ocular-disease-classification\archive\dataset\cataract\cataract_041.png,cataract/cataract_041.png,cataract,2592,1728,3,232616c81327eff4e0b76635c5af7663,cataract_041,train
cataract_042.png,C:\projects\retina-ai-ocular-disease-classification\archive\dataset\cataract\cataract_042.png,cataract/cataract_042.png,cataract,2592,1728,3,3efc7044eac83cc937803a5c3bbed8f6,cataract_042,train
cataract_043.png,C:\projects\retina-ai-ocular-disease-classification\archive\dataset\cataract\cataract_043.png,cataract/cataract_043.png,cataract,2592,1728,3,84e3010d9e010f1575d24ceb309c712f,cataract_043,train
cataract_045.png,C:\projects\retina-ai-ocular-disease-classification\archive\dataset\cataract\cataract_045.png,cataract/cataract_045.png,cataract,2592,1728,3,3b54290735a7f5647bedd79d7c7389f7,cataract_045,train
cataract_047.png,C:\projects\retina-ai-ocular-disease-classification\archive\dataset\cataract\cataract_047.png,cataract/cataract_047.png,cataract,2592,1728,3,97a8de3b9f3e5f193156b84325b41e87,cataract_047,train
cataract_049.png,C:\projects\retina-ai-ocular-disease-classification\archive\dataset\cataract\cataract_049.png,cataract/cataract_049.png,cataract,2592,1728,3,5a86c648d1acea513f25334cba649ce0,cataract_049,train
cataract_052.png,C:\projects\retina-ai-ocular-disease-classification\archive\dataset\cataract\cataract_052.png,cataract/cataract_052.png,cataract,1848,1224,3,613d026a0ae23f32c5fef51d85d3a571,cataract_052,train
cataract_053.png,C:\projects\retina-ai-ocular-disease-classification\archive\dataset\cataract\cataract_053.png,cataract/cataract_053.png,cataract,2592,1728,3,946be8fe13b920ba8a36c387a060a3b7,cataract_053,train
cataract_054.png,C:\projects\retina-ai-ocular-disease-classification\archive\dataset\cataract\cataract_054.png,cataract/cataract_054.png,cataract,2592,1728,3,e9bed9e30ea4b45badaafb7c2d8b27f8,cataract_054,train
cataract_055.png,C:\projects\retina-ai-ocular-disease-classification\archive\dataset\cataract\cataract_055.png,cataract/cataract_055.png,cataract,2592,1728,3,b9ffe822ddbf3c11598d770277f6492b,cataract_055,train
cataract_056.png,C:\projects\retina-ai-ocular-disease-classification\archive\dataset\cataract\cataract_056.png,cataract/cataract_056.png,cataract,2592,1728,3,6f7bfc073f2cafd0ce1fb3f974b8d184,cataract_056,train
cataract_057.png,C:\projects\retina-ai-ocular-disease-classification\archive\dataset\cataract\cataract_057.png,cataract/cataract_057.png,cataract,2592,1728,3,af242f5680b8ddd126d5593320a3653d,cataract_057,train
cataract_058.png,C:\projects\retina-ai-ocular-disease-classification\archive\dataset\cataract\cataract_058.png,cataract/cataract_058.png,cataract,2592,1728,3,dba46d873ada1f981e36be12fafbcd36,cataract_058,train
cataract_060.png,C:\projects\retina-ai-ocular-disease-classification\archive\dataset\cataract\cataract_060.png,cataract/cataract_060.png,cataract,2464,1632,3,fc5fca527625ef7e40c3e7e25ede61e8,cataract_060,train
cataract_061.png,C:\projects\retina-ai-ocular-disease-classification\archive\dataset\cataract\cataract_061.png,cataract/cataract_061.png,cataract,2464,1632,3,289132398a222c10e5ff8494f5be59a3,cataract_061,train
cataract_062.png,C:\projects\retina-ai-ocular-disease-classification\archive\dataset\cataract\cataract_062.png,cataract/cataract_062.png,cataract,2464,1632,3,b9375ea49cd25f7aaca99aa416a5104b,cataract_062,train
cataract_063.png,C:\projects\retina-ai-ocular-disease-classification\archive\dataset\cataract\cataract_063.png,cataract/cataract_063.png,cataract,1848,1224,3,87d14a842d3ac01e2048630ff743bd28,cataract_063,train
cataract_064.png,C:\projects\retina-ai-ocular-disease-classification\archive\dataset\cataract\cataract_064.png,cataract/cataract_064.png,cataract,2464,1632,3,f47d4df4bc9921e993a19232c7033e53,cataract_064,train
cataract_065.png,C:\projects\retina-ai-ocular-disease-classification\archive\dataset\cataract\cataract_065.png,cataract/cataract_065.png,cataract,2464,1632,3,0a46444aa9e1811393fbbfef40eed762,cataract_065,train
cataract_066.png,C:\projects\retina-ai-ocular-disease-classification\archive\dataset\cataract\cataract_066.png,cataract/cataract_066.png,cataract,2592,1728,3,c4cfdd8fce2c71468c988f5ef3dfa4b4,cataract_066,train
cataract_067.png,C:\projects\retina-ai-ocular-disease-classification\archive\dataset\cataract\cataract_067.png,cataract/cataract_067.png,cataract,2592,1728,3,9eb22b477ae44a72b8f2dc12fb223712,cataract_067,train
cataract_068.png,C:\projects\retina-ai-ocular-disease-classification\archive\dataset\cataract\cataract_068.png,cataract/cataract_068.png,cataract,2592,1728,3,ce930117354c2eca9927b6d5d4d08ee6,cataract_068,train
cataract_074.png,C:\projects\retina-ai-ocular-disease-classification\archive\dataset\cataract\cataract_074.png,cataract/cataract_074.png,cataract,2464,1632,3,8478be728729b746da6cc5d0bd2c6406,cataract_074,train
cataract_076.png,C:\projects\retina-ai-ocular-disease-classification\archive\dataset\cataract\cataract_076.png,cataract/cataract_076.png,cataract,2592,1728,3,59768dd1cd2636becb88bab154632940,cataract_076,train
cataract_077.png,C:\projects\retina-ai-ocular-disease-classification\archive\dataset\cataract\cataract_077.png,cataract/cataract_077.png,cataract,2592,1728,3,1af2d3e8b70929717cccf7dd09494b56,cataract_077,train
cataract_078.png,C:\projects\retina-ai-ocular-disease-classification\archive\dataset\cataract\cataract_078.png,cataract/cataract_078.png,cataract,2592,1728,3,0bc9c32ac8629ec87883991777763120,cataract_078,train
cataract_079.png,C:\projects\retina-ai-ocular-disease-classification\archive\dataset\cataract\cataract_079.png,cataract/cataract_079.png,cataract,2592,1728,3,25b0b092fd14d7ee59997cb9c7747f77,cataract_079,train
cataract_080.png,C:\projects\retina-ai-ocular-disease-classification\archive\dataset\cataract\cataract_080.png,cataract/cataract_080.png,cataract,2464,1632,3,bad15ba20bacd3df9ed228debe46eb41,cataract_080,train
cataract_081.png,C:\projects\retina-ai-ocular-disease-classification\archive\dataset\cataract\cataract_081.png,cataract/cataract_081.png,cataract,2464,1632,3,6be0d6568e0ebcda40b085de6e2ae21e,cataract_081,train
cataract_082.png,C:\projects\retina-ai-ocular-disease-classification\archive\dataset\cataract\cataract_082.png,cataract/cataract_082.png,cataract,2592,1728,3,919de14349cf5570c6c39436d8d2a325,cataract_082,train
cataract_083.png,C:\projects\retina-ai-ocular-disease-classification\archive\dataset\cataract\cataract_083.png,cataract/cataract_083.png,cataract,2592,1728,3,d67cdb17e46d8bbda5ec358846834230,cataract_083,train
cataract_085.png,C:\projects\retina-ai-ocular-disease-classification\archive\dataset\cataract\cataract_085.png,cataract/cataract_085.png,cataract,2464,1632,3,8bbb1b118245d41772cb75c956267f0b,cataract_085,train
cataract_086.png,C:\projects\retina-ai-ocular-disease-classification\archive\dataset\cataract\cataract_086.png,cataract/cataract_086.png,cataract,2592,1728,3,ad0b8ce466110a5f600a84045169e791,cataract_086,train
cataract_091.png,C:\projects\retina-ai-ocular-disease-classification\archive\dataset\cataract\cataract_091.png,cataract/cataract_091.png,cataract,2592,1728,3,a9d7e595156dd7135b69a74fcfd8584c,cataract_091,train
cataract_092.png,C:\projects\retina-ai-ocular-disease-classification\archive\dataset\cataract\cataract_092.png,cataract/cataract_092.png,cataract,2592,1728,3,b2035fb5430997371df3f5352231f29e,cataract_092,train
cataract_094.png,C:\projects\retina-ai-ocular-disease-classification\archive\dataset\cataract\cataract_094.png,cataract/cataract_094.png,cataract,2592,1728,3,9dc671bb1b92d37139a75ed9adaae7b2,cataract_094,train
cataract_095.png,C:\projects\retina-ai-ocular-disease-classification\archive\dataset\cataract\cataract_095.png,cataract/cataract_095.png,cataract,2592,1728,3,404d5c6efbacd94105d8ed79ecc834a8,cataract_095,train
cataract_096.png,C:\projects\retina-ai-ocular-disease-classification\archive\dataset\cataract\cataract_096.png,cataract/cataract_096.png,cataract,2592,1728,3,d3ce0be39000e011a1616ffcea6a1df5,cataract_096,train
cataract_097.png,C:\projects\retina-ai-ocular-disease-classification\archive\dataset\cataract\cataract_097.png,cataract/cataract_097.png,cataract,2592,1728,3,79cf6c9216387fd97e31a7937fb5aba3,cataract_097,train
cataract_098.png,C:\projects\retina-ai-ocular-disease-classification\archive\dataset\cataract\cataract_098.png,cataract/cataract_098.png,cataract,2592,1728,3,422d4aa0d069f0848ee66d59b7aaf080,cataract_098,train
1062_right.jpg,C:\projects\retina-ai-ocular-disease-classification\archive\dataset\cataract\1062_right.jpg,cataract/1062_right.jpg,cataract,512,512,3,908145c9210100ae31e4afa6885b05aa,1062,val
1415_left.jpg,C:\projects\retina-ai-ocular-disease-classification\archive\dataset\cataract\1415_left.jpg,cataract/1415_left.jpg,cataract,512,512,3,66a8d453a933b40f3db9c7ccbb2c111e,1415,val
1435_left.jpg,C:\projects\retina-ai-ocular-disease-classification\archive\dataset\cataract\1435_left.jpg,cataract/1435_left.jpg,cataract,512,512,3,e2cd64ad93e19833da189e5372f0cbe2,1435,val
1452_left.jpg,C:\projects\retina-ai-ocular-disease-classification\archive\dataset\cataract\1452_left.jpg,cataract/1452_left.jpg,cataract,512,512,3,fe7494127554cf70560eeda02940f39b,1452,val
2096_right.jpg,C:\projects\retina-ai-ocular-disease-classification\archive\dataset\cataract\2096_right.jpg,cataract/2096_right.jpg,cataract,512,512,3,220bbc952e3741bbc069190233658fe2,2096,val
2119_right.jpg,C:\projects\retina-ai-ocular-disease-classification\archive\dataset\cataract\2119_right.jpg,cataract/2119_right.jpg,cataract,512,512,3,4e81cb6a37c6afd3b5b4c1c3576e6066,2119,val
2120_left.jpg,C:\projects\retina-ai-ocular-disease-classification\archive\dataset\cataract\2120_left.jpg,cataract/2120_left.jpg,cataract,512,512,3,68d1eda75e3051c46d5adeec7a294cc8,2120,val
2120_right.jpg,C:\projects\retina-ai-ocular-disease-classification\archive\dataset\cataract\2120_right.jpg,cataract/2120_right.jpg,cataract,512,512,3,df818c350e51cff6b9e043db56abff41,2120,val
2133_left.jpg,C:\projects\retina-ai-ocular-disease-classification\archive\dataset\cataract\2133_left.jpg,cataract/2133_left.jpg,cataract,512,512,3,ad0cc52ac4aa0c16e8a0b5c2c1623371,2133,val
2133_right.jpg,C:\projects\retina-ai-ocular-disease-classification\archive\dataset\cataract\2133_right.jpg,cataract/2133_right.jpg,cataract,512,512,3,7a63d340b7add183a1b90fcc3cb08117,2133,val
2135_left.jpg,C:\projects\retina-ai-ocular-disease-classification\archive\dataset\cataract\2135_left.jpg,cataract/2135_left.jpg,cataract,512,512,3,142188b394d0e4b05221f003427b9848,2135,val
2135_right.jpg,C:\projects\retina-ai-ocular-disease-classification\archive\dataset\cataract\2135_right.jpg,cataract/2135_right.jpg,cataract,512,512,3,be10e2b2eb7f4b0f758acfd7567aba4a,2135,val
2142_left.jpg,C:\projects\retina-ai-ocular-disease-classification\archive\dataset\cataract\2142_left.jpg,cataract/2142_left.jpg,cataract,512,512,3,03336af537ae645ec1e827e091afd3ca,2142,val
2142_right.jpg,C:\projects\retina-ai-ocular-disease-classification\archive\dataset\cataract\2142_right.jpg,cataract/2142_right.jpg,cataract,512,512,3,ecf57231778adea130abfdf48d933772,2142,val
2154_left.jpg,C:\projects\retina-ai-ocular-disease-classification\archive\dataset\cataract\2154_left.jpg,cataract/2154_left.jpg,cataract,512,512,3,b2780d1e886d4a3c20cee58f80580ca2,2154,val
2157_left.jpg,C:\projects\retina-ai-ocular-disease-classification\archive\dataset\cataract\2157_left.jpg,cataract/2157_left.jpg,cataract,512,512,3,7c4c23d00910a71e15c60a7e7068c614,2157,val
2157_right.jpg,C:\projects\retina-ai-ocular-disease-classification\archive\dataset\cataract\2157_right.jpg,cataract/2157_right.jpg,cataract,512,512,3,39dd166330a5a2856a72320e91e462a5,2157,val
2166_left.jpg,C:\projects\retina-ai-ocular-disease-classification\archive\dataset\cataract\2166_left.jpg,cataract/2166_left.jpg,cataract,512,512,3,727d16594daa1d572c6186463bc6fa06,2166,val
2177_right.jpg,C:\projects\retina-ai-ocular-disease-classification\archive\dataset\cataract\2177_right.jpg,cataract/2177_right.jpg,cataract,512,512,3,ff79992e808844f63646809764b4e8cc,2177,val
2184_left.jpg,C:\projects\retina-ai-ocular-disease-classification\archive\dataset\cataract\2184_left.jpg,cataract/2184_left.jpg,cataract,512,512,3,48875f35a82c9f97714167caf4b42029,2184,val
2184_right.jpg,C:\projects\retina-ai-ocular-disease-classification\archive\dataset\cataract\2184_right.jpg,cataract/2184_right.jpg,cataract,512,512,3,b854142924a7656eef00ec1491c0a91f,2184,val
2189_left.jpg,C:\projects\retina-ai-ocular-disease-classification\archive\dataset\cataract\2189_left.jpg,cataract/2189_left.jpg,cataract,512,512,3,fca54fa57448777afd5e1e7cbfd576f6,2189,val
2189_right.jpg,C:\projects\retina-ai-ocular-disease-classification\archive\dataset\cataract\2189_right.jpg,cataract/2189_right.jpg,cataract,512,512,3,bc2b1c964cda7b7697b221fce98601c3,2189,val
2190_right.jpg,C:\projects\retina-ai-ocular-disease-classification\archive\dataset\cataract\2190_right.jpg,cataract/2190_right.jpg,cataract,512,512,3,b36f4ba853cbebb3bca41dbd1420c671,2190,val
2197_right.jpg,C:\projects\retina-ai-ocular-disease-classification\archive\dataset\cataract\2197_right.jpg,cataract/2197_right.jpg,cataract,512,512,3,7eef4dc0d406f2f974ca7c0a72ec31e1,2197,val
2199_left.jpg,C:\projects\retina-ai-ocular-disease-classification\archive\dataset\cataract\2199_left.jpg,cataract/2199_left.jpg,cataract,512,512,3,0243352cdf2a67f0e636c61de9c89812,2199,val
2226_left.jpg,C:\projects\retina-ai-ocular-disease-classification\archive\dataset\cataract\2226_left.jpg,cataract/2226_left.jpg,cataract,512,512,3,71fc4b6ce4446ea6f5992ed99577abf3,2226,val
2226_right.jpg,C:\projects\retina-ai-ocular-disease-classification\archive\dataset\cataract\2226_right.jpg,cataract/2226_right.jpg,cataract,512,512,3,5fd4041cf114256fd7adc6e51debd141,2226,val
2231_right.jpg,C:\projects\retina-ai-ocular-disease-classification\archive\dataset\cataract\2231_right.jpg,cataract/2231_right.jpg,cataract,512,512,3,683513739ec5915cbb0511a1c2f9e353,2231,val
2235_left.jpg,C:\projects\retina-ai-ocular-disease-classification\archive\dataset\cataract\2235_left.jpg,cataract/2235_left.jpg,cataract,512,512,3,ac15a826b848c4433d27a6f97f9e4585,2235,val
611_left.jpg,C:\projects\retina-ai-ocular-disease-classification\archive\dataset\cataract\611_left.jpg,cataract/611_left.jpg,cataract,512,512,3,fffc637f750823c7c7e0c1c9aae0864d,611,val
726_left.jpg,C:\projects\retina-ai-ocular-disease-classification\archive\dataset\cataract\726_left.jpg,cataract/726_left.jpg,cataract,512,512,3,07bdb4f01c931bfdb6de1cf8588650d0,726,val
726_right.jpg,C:\projects\retina-ai-ocular-disease-classification\archive\dataset\cataract\726_right.jpg,cataract/726_right.jpg,cataract,512,512,3,868475fe1cc1924622077124eef38881,726,val
809_left.jpg,C:\projects\retina-ai-ocular-disease-classification\archive\dataset\cataract\809_left.jpg,cataract/809_left.jpg,cataract,512,512,3,f50f38342805dc7eed3a0953847048ca,809,val
_108_750835.jpg,C:\projects\retina-ai-ocular-disease-classification\archive\dataset\cataract\_108_750835.jpg,cataract/_108_750835.jpg,cataract,256,256,3,a5a3c92043a5813791bbf3c9d6fc25fc,_108_750835,val
_112_3727502.jpg,C:\projects\retina-ai-ocular-disease-classification\archive\dataset\cataract\_112_3727502.jpg,cataract/_112_3727502.jpg,cataract,256,256,3,debb91e3518033bf0057b206c214d955,_112_3727502,val
_116_4683353.jpg,C:\projects\retina-ai-ocular-disease-classification\archive\dataset\cataract\_116_4683353.jpg,cataract/_116_4683353.jpg,cataract,256,256,3,0b93d2093414b442fbeffc14b3ba2b10,_116_4683353,val
_128_4502689.jpg,C:\projects\retina-ai-ocular-disease-classification\archive\dataset\cataract\_128_4502689.jpg,cataract/_128_4502689.jpg,cataract,256,256,3,44141ee2bdd4a938151e0ebe2df4bb95,_128_4502689,val
_132_7102134.jpg,C:\projects\retina-ai-ocular-disease-classification\archive\dataset\cataract\_132_7102134.jpg,cataract/_132_7102134.jpg,cataract,256,256,3,409cffdc91a3f443732a366d00676701,_132_7102134,val
_135_7789155.jpg,C:\projects\retina-ai-ocular-disease-classification\archive\dataset\cataract\_135_7789155.jpg,cataract/_135_7789155.jpg,cataract,256,256,3,1ce930dbbac6552b4e85c3536b270a58,_135_7789155,val
_13_3987009.jpg,C:\projects\retina-ai-ocular-disease-classification\archive\dataset\cataract\_13_3987009.jpg,cataract/_13_3987009.jpg,cataract,256,256,3,93adc8c3c8ed5879251e12a511eb0e60,_13_3987009,val
_143_1247400.jpg,C:\projects\retina-ai-ocular-disease-classification\archive\dataset\cataract\_143_1247400.jpg,cataract/_143_1247400.jpg,cataract,256,256,3,20a905ef06cc82d0d6e637e25ea1db5b,_143_1247400,val
_151_5293593.jpg,C:\projects\retina-ai-ocular-disease-classification\archive\dataset\cataract\_151_5293593.jpg,cataract/_151_5293593.jpg,cataract,256,256,3,6cb329040e66eac8d35997ce7f012b70,_151_5293593,val
_152_9176638.jpg,C:\projects\retina-ai-ocular-disease-classification\archive\dataset\cataract\_152_9176638.jpg,cataract/_152_9176638.jpg,cataract,256,256,3,3395fca0b59d851f133aa70ab6f63071,_152_9176638,val
_159_8564797.jpg,C:\projects\retina-ai-ocular-disease-classification\archive\dataset\cataract\_159_8564797.jpg,cataract/_159_8564797.jpg,cataract,256,256,3,54e7cecee7520c26cbed9e6292cb7d8b,_159_8564797,val
_162_3096677.jpg,C:\projects\retina-ai-ocular-disease-classification\archive\dataset\cataract\_162_3096677.jpg,cataract/_162_3096677.jpg,cataract,256,256,3,a586b28a06714f3088bcb99ec6ee565d,_162_3096677,val
_166_6232447.jpg,C:\projects\retina-ai-ocular-disease-classification\archive\dataset\cataract\_166_6232447.jpg,cataract/_166_6232447.jpg,cataract,256,256,3,e37c24c8a2b11dd05e1cc6acd56ad867,_166_6232447,val
_170_1001041.jpg,C:\projects\retina-ai-ocular-disease-classification\archive\dataset\cataract\_170_1001041.jpg,cataract/_170_1001041.jpg,cataract,256,256,3,154436b9924fef7486a0641ab8804743,_170_1001041,val
_170_5458800.jpg,C:\projects\retina-ai-ocular-disease-classification\archive\dataset\cataract\_170_5458800.jpg,cataract/_170_5458800.jpg,cataract,256,256,3,29cf7c43a84c8a196b3c6386e3a1f50a,_170_5458800,val
_172_1350351.jpg,C:\projects\retina-ai-ocular-disease-classification\archive\dataset\cataract\_172_1350351.jpg,cataract/_172_1350351.jpg,cataract,256,256,3,17e2582d64ea6b91926444b5a59576d8,_172_1350351,val
_181_2009794.jpg,C:\projects\retina-ai-ocular-disease-classification\archive\dataset\cataract\_181_2009794.jpg,cataract/_181_2009794.jpg,cataract,256,256,3,b1f939d8c95adc75b39809a1e6514eb7,_181_2009794,val
_183_2695432.jpg,C:\projects\retina-ai-ocular-disease-classification\archive\dataset\cataract\_183_2695432.jpg,cataract/_183_2695432.jpg,cataract,256,256,3,d9a79d40734ef78f8ae6cfa260cde332,_183_2695432,val
_191_9356535.jpg,C:\projects\retina-ai-ocular-disease-classification\archive\dataset\cataract\_191_9356535.jpg,cataract/_191_9356535.jpg,cataract,256,256,3,fa5eb063709cdd6163d56af8f94970dd,_191_9356535,val
_195_3247880.jpg,C:\projects\retina-ai-ocular-disease-classification\archive\dataset\cataract\_195_3247880.jpg,cataract/_195_3247880.jpg,cataract,256,256,3,a6a4619f0ceb6fb80b8ed787ca7e5fe9,_195_3247880,val
_196_4818116.jpg,C:\projects\retina-ai-ocular-disease-classification\archive\dataset\cataract\_196_4818116.jpg,cataract/_196_4818116.jpg,cataract,256,256,3,b24184dcef0992662f61b389dce98d5b,_196_4818116,val
_196_6946219.jpg,C:\projects\retina-ai-ocular-disease-classification\archive\dataset\cataract\_196_6946219.jpg,cataract/_196_6946219.jpg,cataract,256,256,3,248595bd817e12b9b9b9170d041eb0f1,_196_6946219,val
_198_3804403.jpg,C:\projects\retina-ai-ocular-disease-classification\archive\dataset\cataract\_198_3804403.jpg,cataract/_198_3804403.jpg,cataract,256,256,3,d602141b16601d4710944988729a74fe,_198_3804403,val
_19_9976222.jpg,C:\projects\retina-ai-ocular-disease-classification\archive\dataset\cataract\_19_9976222.jpg,cataract/_19_9976222.jpg,cataract,256,256,3,77d043115a40071b18c11a3b40dfa18d,_19_9976222,val
_203_6969732.jpg,C:\projects\retina-ai-ocular-disease-classification\archive\dataset\cataract\_203_6969732.jpg,cataract/_203_6969732.jpg,cataract,256,256,3,65cd06d44c373fc209eb596580806244,_203_6969732,val
_205_1775772.jpg,C:\projects\retina-ai-ocular-disease-classification\archive\dataset\cataract\_205_1775772.jpg,cataract/_205_1775772.jpg,cataract,256,256,3,a59ed8676695f08d54f3a14708f802b7,_205_1775772,val
_207_6945490.jpg,C:\projects\retina-ai-ocular-disease-classification\archive\dataset\cataract\_207_6945490.jpg,cataract/_207_6945490.jpg,cataract,256,256,3,c0244ae91fba0b3641da94a837d2b36b,_207_6945490,val
_210_8722439.jpg,C:\projects\retina-ai-ocular-disease-classification\archive\dataset\cataract\_210_8722439.jpg,cataract/_210_8722439.jpg,cataract,256,256,3,bff2a36177610357d58faf2121c7331d,_210_8722439,val
_217_6662129.jpg,C:\projects\retina-ai-ocular-disease-classification\archive\dataset\cataract\_217_6662129.jpg,cataract/_217_6662129.jpg,cataract,256,256,3,cde8afd048374c758bd60a0f2932e8bb,_217_6662129,val
_219_4968838.jpg,C:\projects\retina-ai-ocular-disease-classification\archive\dataset\cataract\_219_4968838.jpg,cataract/_219_4968838.jpg,cataract,256,256,3,c55b180833d5867703edb36e21b2a116,_219_4968838,val
_224_4070697.jpg,C:\projects\retina-ai-ocular-disease-classification\archive\dataset\cataract\_224_4070697.jpg,cataract/_224_4070697.jpg,cataract,256,256,3,df7e24cc0709f4b8d9869501fceb1466,_224_4070697,val
_225_8520.jpg,C:\projects\retina-ai-ocular-disease-classification\archive\dataset\cataract\_225_8520.jpg,cataract/_225_8520.jpg,cataract,256,256,3,daf779b9762e04bb264028b6452e42a3,_225_8520,val
_228_2229739.jpg,C:\projects\retina-ai-ocular-disease-classification\archive\dataset\cataract\_228_2229739.jpg,cataract/_228_2229739.jpg,cataract,256,256,3,efca9ddeb101d6fc66f400302a4e741e,_228_2229739,val
_233_9763374.jpg,C:\projects\retina-ai-ocular-disease-classification\archive\dataset\cataract\_233_9763374.jpg,cataract/_233_9763374.jpg,cataract,256,256,3,82da4b9d4372531273eb7df3390f9fff,_233_9763374,val
_235_2122461.jpg,C:\projects\retina-ai-ocular-disease-classification\archive\dataset\cataract\_235_2122461.jpg,cataract/_235_2122461.jpg,cataract,256,256,3,588ac64ca22ae061e93b8ba253f883f2,_235_2122461,val
_244_5451565.jpg,C:\projects\retina-ai-ocular-disease-classification\archive\dataset\cataract\_244_5451565.jpg,cataract/_244_5451565.jpg,cataract,256,256,3,16213b0f4ac009b417ab887e50afb76d,_244_5451565,val
_245_498355.jpg,C:\projects\retina-ai-ocular-disease-classification\archive\dataset\cataract\_245_498355.jpg,cataract/_245_498355.jpg,cataract,256,256,3,f8d943214a35df3a1a79e0fd31adcf13,_245_498355,val
_253_643151.jpg,C:\projects\retina-ai-ocular-disease-classification\archive\dataset\cataract\_253_643151.jpg,cataract/_253_643151.jpg,cataract,256,256,3,fc7dc008a0dbb29d19787d191a930d3d,_253_643151,val
_254_1206508.jpg,C:\projects\retina-ai-ocular-disease-classification\archive\dataset\cataract\_254_1206508.jpg,cataract/_254_1206508.jpg,cataract,256,256,3,8804fabbc978dc755a3db7cfd401b426,_254_1206508,val
_255_7810419.jpg,C:\projects\retina-ai-ocular-disease-classification\archive\dataset\cataract\_255_7810419.jpg,cataract/_255_7810419.jpg,cataract,256,256,3,f5ca39457b6b13fa65ed2980826c4b96,_255_7810419,val
_257_9976187.jpg,C:\projects\retina-ai-ocular-disease-classification\archive\dataset\cataract\_257_9976187.jpg,cataract/_257_9976187.jpg,cataract,256,256,3,db2ee9f911146403b7d64c8e5fec87da,_257_9976187,val
_262_2214906.jpg,C:\projects\retina-ai-ocular-disease-classification\archive\dataset\cataract\_262_2214906.jpg,cataract/_262_2214906.jpg,cataract,256,256,3,727374f255f72ed73c0bde73ae78ae57,_262_2214906,val
_263_9418780.jpg,C:\projects\retina-ai-ocular-disease-classification\archive\dataset\cataract\_263_9418780.jpg,cataract/_263_9418780.jpg,cataract,256,256,3,39e5aedff9d0b918b4487e7487e9c9af,_263_9418780,val
_266_5676850.jpg,C:\projects\retina-ai-ocular-disease-classification\archive\dataset\cataract\_266_5676850.jpg,cataract/_266_5676850.jpg,cataract,256,256,3,410c54a55db470a79ceb3432478db230,_266_5676850,val
_267_7559168.jpg,C:\projects\retina-ai-ocular-disease-classification\archive\dataset\cataract\_267_7559168.jpg,cataract/_267_7559168.jpg,cataract,256,256,3,8fb858d6a457ae64590df2c23d969458,_267_7559168,val
_268_113112.jpg,C:\projects\retina-ai-ocular-disease-classification\archive\dataset\cataract\_268_113112.jpg,cataract/_268_113112.jpg,cataract,256,256,3,3e6d1519f78ce9de2d007a7db06e7dce,_268_113112,val
_272_4578328.jpg,C:\projects\retina-ai-ocular-disease-classification\archive\dataset\cataract\_272_4578328.jpg,cataract/_272_4578328.jpg,cataract,256,256,3,27147b11e104e80a044ed30efdcf065f,_272_4578328,val
_274_8144937.jpg,C:\projects\retina-ai-ocular-disease-classification\archive\dataset\cataract\_274_8144937.jpg,cataract/_274_8144937.jpg,cataract,256,256,3,1aa38f260e014b07f8728325f728dba4,_274_8144937,val
_278_248700.jpg,C:\projects\retina-ai-ocular-disease-classification\archive\dataset\cataract\_278_248700.jpg,cataract/_278_248700.jpg,cataract,256,256,3,cffca41f3edbb94a4166410c46c8759b,_278_248700,val
_279_2310498.jpg,C:\projects\retina-ai-ocular-disease-classification\archive\dataset\cataract\_279_2310498.jpg,cataract/_279_2310498.jpg,cataract,256,256,3,fcdcbf2fe1201826073ff400aa3b73de,_279_2310498,val
_280_4533213.jpg,C:\projects\retina-ai-ocular-disease-classification\archive\dataset\cataract\_280_4533213.jpg,cataract/_280_4533213.jpg,cataract,256,256,3,d5be228557722521279e5ab074b6259c,_280_4533213,val
_288_9182789.jpg,C:\projects\retina-ai-ocular-disease-classification\archive\dataset\cataract\_288_9182789.jpg,cataract/_288_9182789.jpg,cataract,256,256,3,a2d2d5d5927325331bee523b5ab6e3d9,_288_9182789,val
_292_4314144.jpg,C:\projects\retina-ai-ocular-disease-classification\archive\dataset\cataract\_292_4314144.jpg,cataract/_292_4314144.jpg,cataract,256,256,3,1d809b1c023ebe61c927c5a7207bf1e8,_292_4314144,val
_2_1600849.jpg,C:\projects\retina-ai-ocular-disease-classification\archive\dataset\cataract\_2_1600849.jpg,cataract/_2_1600849.jpg,cataract,256,256,3,d3ed68cfdc8b98f68f60870123da634c,_2_1600849,val
_306_8888195.jpg,C:\projects\retina-ai-ocular-disease-classification\archive\dataset\cataract\_306_8888195.jpg,cataract/_306_8888195.jpg,cataract,256,256,3,4402701291fa2ebd4ec7b20aa2123d37,_306_8888195,val
_314_3594023.jpg,C:\projects\retina-ai-ocular-disease-classification\archive\dataset\cataract\_314_3594023.jpg,cataract/_314_3594023.jpg,cataract,256,256,3,1f7fcc19e75eab60e27194ba555fea08,_314_3594023,val
_31_8523261.jpg,C:\projects\retina-ai-ocular-disease-classification\archive\dataset\cataract\_31_8523261.jpg,cataract/_31_8523261.jpg,cataract,256,256,3,ba32fb92e649d3c080519d652de141c2,_31_8523261,val
_326_1274700.jpg,C:\projects\retina-ai-ocular-disease-classification\archive\dataset\cataract\_326_1274700.jpg,cataract/_326_1274700.jpg,cataract,256,256,3,6775dd05c01294fbf8c0a831a55e80f2,_326_1274700,val
_326_3940502.jpg,C:\projects\retina-ai-ocular-disease-classification\archive\dataset\cataract\_326_3940502.jpg,cataract/_326_3940502.jpg,cataract,256,256,3,f77218af85892bfe832d4ec8786eaac6,_326_3940502,val
_329_4545620.jpg,C:\projects\retina-ai-ocular-disease-classification\archive\dataset\cataract\_329_4545620.jpg,cataract/_329_4545620.jpg,cataract,256,256,3,f318e0bfbccfb2bc7491e49db3b63781,_329_4545620,val
_331_2978484.jpg,C:\projects\retina-ai-ocular-disease-classification\archive\dataset\cataract\_331_2978484.jpg,cataract/_331_2978484.jpg,cataract,256,256,3,14c2ad3c4e85dab7466f46ca517be119,_331_2978484,val
_334_1360238.jpg,C:\projects\retina-ai-ocular-disease-classification\archive\dataset\cataract\_334_1360238.jpg,cataract/_334_1360238.jpg,cataract,256,256,3,b2ed912a628e5cb174fc72b415aa04c5,_334_1360238,val
_335_2109396.jpg,C:\projects\retina-ai-ocular-disease-classification\archive\dataset\cataract\_335_2109396.jpg,cataract/_335_2109396.jpg,cataract,256,256,3,33814d0e2ea721cf84694f3ccac15b35,_335_2109396,val
_33_692344.jpg,C:\projects\retina-ai-ocular-disease-classification\archive\dataset\cataract\_33_692344.jpg,cataract/_33_692344.jpg,cataract,256,256,3,5358f80276a7ee4b60ee5121b43dc93a,_33_692344,val
_341_8692985.jpg,C:\projects\retina-ai-ocular-disease-classification\archive\dataset\cataract\_341_8692985.jpg,cataract/_341_8692985.jpg,cataract,256,256,3,e995ac060e1dcc709847ae8e2943ecd6,_341_8692985,val
_347_6987666.jpg,C:\projects\retina-ai-ocular-disease-classification\archive\dataset\cataract\_347_6987666.jpg,cataract/_347_6987666.jpg,cataract,256,256,3,cfad9f45974276f3b17664b48f42be1a,_347_6987666,val
_348_8120738.jpg,C:\projects\retina-ai-ocular-disease-classification\archive\dataset\cataract\_348_8120738.jpg,cataract/_348_8120738.jpg,cataract,256,256,3,ef47d7ef3100cc7409451766baaaa7f4,_348_8120738,val
_350_7541734.jpg,C:\projects\retina-ai-ocular-disease-classification\archive\dataset\cataract\_350_7541734.jpg,cataract/_350_7541734.jpg,cataract,256,256,3,f8e4e72b21f31a3e392e4407a431f1b0,_350_7541734,val
_351_5778657.jpg,C:\projects\retina-ai-ocular-disease-classification\archive\dataset\cataract\_351_5778657.jpg,cataract/_351_5778657.jpg,cataract,256,256,3,e4011f25029013891b217e18f5edf711,_351_5778657,val
_352_2938767.jpg,C:\projects\retina-ai-ocular-disease-classification\archive\dataset\cataract\_352_2938767.jpg,cataract/_352_2938767.jpg,cataract,256,256,3,8d696c9bb2074f6fe76db90b67e691f4,_352_2938767,val
_353_8002933.jpg,C:\projects\retina-ai-ocular-disease-classification\archive\dataset\cataract\_353_8002933.jpg,cataract/_353_8002933.jpg,cataract,256,256,3,a129c797b3b18f5e03c15940cccd6703,_353_8002933,val
_367_2864412.jpg,C:\projects\retina-ai-ocular-disease-classification\archive\dataset\cataract\_367_2864412.jpg,cataract/_367_2864412.jpg,cataract,256,256,3,e404306aaae5d97a734809ea9873fe4b,_367_2864412,val
_368_3722136.jpg,C:\projects\retina-ai-ocular-disease-classification\archive\dataset\cataract\_368_3722136.jpg,cataract/_368_3722136.jpg,cataract,256,256,3,32cd6ee09953a4221a2251b4e50542b8,_368_3722136,val
_368_8153741.jpg,C:\projects\retina-ai-ocular-disease-classification\archive\dataset\cataract\_368_8153741.jpg,cataract/_368_8153741.jpg,cataract,256,256,3,52d636bc8eae41a0c62170c7be6f521e,_368_8153741,val
_370_1424453.jpg,C:\projects\retina-ai-ocular-disease-classification\archive\dataset\cataract\_370_1424453.jpg,cataract/_370_1424453.jpg,cataract,256,256,3,3d7f64fbffc75c5536737be9ddae2144,_370_1424453,val
_371_8717830.jpg,C:\projects\retina-ai-ocular-disease-classification\archive\dataset\cataract\_371_8717830.jpg,cataract/_371_8717830.jpg,cataract,256,256,3,cca67d21f4ddd6f484ba84a339244113,_371_8717830,val
_373_4029422.jpg,C:\projects\retina-ai-ocular-disease-classification\archive\dataset\cataract\_373_4029422.jpg,cataract/_373_4029422.jpg,cataract,256,256,3,1322f7b657ef518ba77c77c089b1a58b,_373_4029422,val
_374_8613138.jpg,C:\projects\retina-ai-ocular-disease-classification\archive\dataset\cataract\_374_8613138.jpg,cataract/_374_8613138.jpg,cataract,256,256,3,b267d5ea9f20142633ebc0eb598e6e88,_374_8613138,val
_377_1993330.jpg,C:\projects\retina-ai-ocular-disease-classification\archive\dataset\cataract\_377_1993330.jpg,cataract/_377_1993330.jpg,cataract,256,256,3,ef0706467bd38a8e2aa5126fc25d16aa,_377_1993330,val
_378_2183024.jpg,C:\projects\retina-ai-ocular-disease-classification\archive\dataset\cataract\_378_2183024.jpg,cataract/_378_2183024.jpg,cataract,256,256,3,40b4bd7b89c41abb46d52243bb573648,_378_2183024,val
_378_7653956.jpg,C:\projects\retina-ai-ocular-disease-classification\archive\dataset\cataract\_378_7653956.jpg,cataract/_378_7653956.jpg,cataract,256,256,3,d36c4185a52c4eef5b159cc866e6eb03,_378_7653956,val
_379_3919297.jpg,C:\projects\retina-ai-ocular-disease-classification\archive\dataset\cataract\_379_3919297.jpg,cataract/_379_3919297.jpg,cataract,256,256,3,aba33fc1591e6b338ae4a25c03e1fd95,_379_3919297,val
_381_5407671.jpg,C:\projects\retina-ai-ocular-disease-classification\archive\dataset\cataract\_381_5407671.jpg,cataract/_381_5407671.jpg,cataract,256,256,3,d721371e48a596ead989008d488b13a5,_381_5407671,val
_381_6039460.jpg,C:\projects\retina-ai-ocular-disease-classification\archive\dataset\cataract\_381_6039460.jpg,cataract/_381_6039460.jpg,cataract,256,256,3,7998b30964ea21cb62b5b4bb10b8de40,_381_6039460,val
_387_449073.jpg,C:\projects\retina-ai-ocular-disease-classification\archive\dataset\cataract\_387_449073.jpg,cataract/_387_449073.jpg,cataract,256,256,3,9207c8bb9d2620296cceaa6082d98198,_387_449073,val
_391_2115124.jpg,C:\projects\retina-ai-ocular-disease-classification\archive\dataset\cataract\_391_2115124.jpg,cataract/_391_2115124.jpg,cataract,256,256,3,e85f8e81cfa42238f3cddec02e734150,_391_2115124,val
_392_7918570.jpg,C:\projects\retina-ai-ocular-disease-classification\archive\dataset\cataract\_392_7918570.jpg,cataract/_392_7918570.jpg,cataract,256,256,3,75d6baa2655dc245303bf0360e3ed5e4,_392_7918570,val
_400_7591244.jpg,C:\projects\retina-ai-ocular-disease-classification\archive\dataset\cataract\_400_7591244.jpg,cataract/_400_7591244.jpg,cataract,256,256,3,6cabb66c30972f429bce73a54108a88e,_400_7591244,val
_400_7969437.jpg,C:\projects\retina-ai-ocular-disease-classification\archive\dataset\cataract\_400_7969437.jpg,cataract/_400_7969437.jpg,cataract,256,256,3,c5b4b70efefa8f6fefe79146a5c4543d,_400_7969437,val
_41_6704276.jpg,C:\projects\retina-ai-ocular-disease-classification\archive\dataset\cataract\_41_6704276.jpg,cataract/_41_6704276.jpg,cataract,256,256,3,df9e2b822a9b7f9a8b5aa6034ed6d61c,_41_6704276,val
_42_7486921.jpg,C:\projects\retina-ai-ocular-disease-classification\archive\dataset\cataract\_42_7486921.jpg,cataract/_42_7486921.jpg,cataract,256,256,3,014cc609812881c4dd8b79be0f29e99e,_42_7486921,val
_45_6457682.jpg,C:\projects\retina-ai-ocular-disease-classification\archive\dataset\cataract\_45_6457682.jpg,cataract/_45_6457682.jpg,cataract,256,256,3,c76cc6b6f79610b62286c99c3dbb02b2,_45_6457682,val
_4_1244424.jpg,C:\projects\retina-ai-ocular-disease-classification\archive\dataset\cataract\_4_1244424.jpg,cataract/_4_1244424.jpg,cataract,256,256,3,2d8db1d5279a990fd465fd117478894c,_4_1244424,val
_4_7491150.jpg,C:\projects\retina-ai-ocular-disease-classification\archive\dataset\cataract\_4_7491150.jpg,cataract/_4_7491150.jpg,cataract,256,256,3,c9ca50d7c9320d7c8c23806007e202db,_4_7491150,val
_51_7561724.jpg,C:\projects\retina-ai-ocular-disease-classification\archive\dataset\cataract\_51_7561724.jpg,cataract/_51_7561724.jpg,cataract,256,256,3,2c3e2c59d845386aba3a15653073d649,_51_7561724,val
_55_8463221.jpg,C:\projects\retina-ai-ocular-disease-classification\archive\dataset\cataract\_55_8463221.jpg,cataract/_55_8463221.jpg,cataract,256,256,3,c368895801e2c458cfa1b6da5d771d0b,_55_8463221,val
_57_8463167.jpg,C:\projects\retina-ai-ocular-disease-classification\archive\dataset\cataract\_57_8463167.jpg,cataract/_57_8463167.jpg,cataract,256,256,3,d5f090bd70a3cd666f3b3c8a7962e9e4,_57_8463167,val
_76_3327192.jpg,C:\projects\retina-ai-ocular-disease-classification\archive\dataset\cataract\_76_3327192.jpg,cataract/_76_3327192.jpg,cataract,256,256,3,d26e85c2a6df369f1d109fcd106e54b8,_76_3327192,val
_78_267330.jpg,C:\projects\retina-ai-ocular-disease-classification\archive\dataset\cataract\_78_267330.jpg,cataract/_78_267330.jpg,cataract,256,256,3,d306b4baf078bdadad1db2315cf31272,_78_267330,val
_78_8248707.jpg,C:\projects\retina-ai-ocular-disease-classification\archive\dataset\cataract\_78_8248707.jpg,cataract/_78_8248707.jpg,cataract,256,256,3,48aaaed372b2d1114503cdfeec3cdc99,_78_8248707,val
_81_5591649.jpg,C:\projects\retina-ai-ocular-disease-classification\archive\dataset\cataract\_81_5591649.jpg,cataract/_81_5591649.jpg,cataract,256,256,3,0731f2719431d6f814c4c165a25103e5,_81_5591649,val
_88_1858467.jpg,C:\projects\retina-ai-ocular-disease-classification\archive\dataset\cataract\_88_1858467.jpg,cataract/_88_1858467.jpg,cataract,256,256,3,b1d117a5cec00405a003968b51d376b8,_88_1858467,val
_90_4479779.jpg,C:\projects\retina-ai-ocular-disease-classification\archive\dataset\cataract\_90_4479779.jpg,cataract/_90_4479779.jpg,cataract,256,256,3,c8c9e16c6d7982053ecb5c819d53c280,_90_4479779,val
_96_5515894.jpg,C:\projects\retina-ai-ocular-disease-classification\archive\dataset\cataract\_96_5515894.jpg,cataract/_96_5515894.jpg,cataract,256,256,3,dc80619ffe7ca964b2469cde1a8b2b34,_96_5515894,val
_98_9687825.jpg,C:\projects\retina-ai-ocular-disease-classification\archive\dataset\cataract\_98_9687825.jpg,cataract/_98_9687825.jpg,cataract,256,256,3,5b75283f6c3894b81fb7b62dc5db95e7,_98_9687825,val
_99_746342.jpg,C:\projects\retina-ai-ocular-disease-classification\archive\dataset\cataract\_99_746342.jpg,cataract/_99_746342.jpg,cataract,256,256,3,74233b211faec6e9f041d0999e562936,_99_746342,val
_9_1244013.jpg,C:\projects\retina-ai-ocular-disease-classification\archive\dataset\cataract\_9_1244013.jpg,cataract/_9_1244013.jpg,cataract,256,256,3,f665378f3f7c96427b7f83716f66d090,_9_1244013,val
cataract_009.png,C:\projects\retina-ai-ocular-disease-classification\archive\dataset\cataract\cataract_009.png,cataract/cataract_009.png,cataract,2592,1728,3,83f47bedccd73e627076f1f1c6d3e507,cataract_009,val
cataract_019.png,C:\projects\retina-ai-ocular-disease-classification\archive\dataset\cataract\cataract_019.png,cataract/cataract_019.png,cataract,2592,1728,3,973272875673e4bbda3e1e52e30d384c,cataract_019,val
cataract_034.png,C:\projects\retina-ai-ocular-disease-classification\archive\dataset\cataract\cataract_034.png,cataract/cataract_034.png,cataract,2592,1728,3,80436e08c5b664d7c2c9b4f27d83ce57,cataract_034,val
cataract_051.png,C:\projects\retina-ai-ocular-disease-classification\archive\dataset\cataract\cataract_051.png,cataract/cataract_051.png,cataract,2592,1728,3,d780392525511a20de3c7eafffa24cb4,cataract_051,val
cataract_059.png,C:\projects\retina-ai-ocular-disease-classification\archive\dataset\cataract\cataract_059.png,cataract/cataract_059.png,cataract,2592,1728,3,22b5398417c8f4ff779d78b9b6530548,cataract_059,val
cataract_070.png,C:\projects\retina-ai-ocular-disease-classification\archive\dataset\cataract\cataract_070.png,cataract/cataract_070.png,cataract,2592,1728,3,8904f775526570c67b16a1840ab674b9,cataract_070,val
cataract_071.png,C:\projects\retina-ai-ocular-disease-classification\archive\dataset\cataract\cataract_071.png,cataract/cataract_071.png,cataract,2592,1728,3,ac2b57ea349beff4c14641436b5a3afd,cataract_071,val
cataract_075.png,C:\projects\retina-ai-ocular-disease-classification\archive\dataset\cataract\cataract_075.png,cataract/cataract_075.png,cataract,2464,1632,3,54a7ec96448260881e736dff6d0d449c,cataract_075,val
cataract_099.png,C:\projects\retina-ai-ocular-disease-classification\archive\dataset\cataract\cataract_099.png,cataract/cataract_099.png,cataract,2592,1728,3,496e7869c13f8d4bdccc204c13c3ce53,cataract_099,val
cataract_100.png,C:\projects\retina-ai-ocular-disease-classification\archive\dataset\cataract\cataract_100.png,cataract/cataract_100.png,cataract,2592,1728,3,b9d0bea94e94e8645687084a1e23be50,cataract_100,val
10010_left.jpeg,C:\projects\retina-ai-ocular-disease-classification\archive\dataset\diabetic_retinopathy\10010_left.jpeg,diabetic_retinopathy/10010_left.jpeg,diabetic_retinopathy,512,512,3,4dde62d2194a341efc1ceaa43fc6fdc7,10010,test
10010_right.jpeg,C:\projects\retina-ai-ocular-disease-classification\archive\dataset\diabetic_retinopathy\10010_right.jpeg,diabetic_retinopathy/10010_right.jpeg,diabetic_retinopathy,512,512,3,201950112a4b374132dec57a7ee9ad10,10010,test
10013_left.jpeg,C:\projects\retina-ai-ocular-disease-classification\archive\dataset\diabetic_retinopathy\10013_left.jpeg,diabetic_retinopathy/10013_left.jpeg,diabetic_retinopathy,512,512,3,38385939fddffcf34acd2420664c6900,10013,test
10013_right.jpeg,C:\projects\retina-ai-ocular-disease-classification\archive\dataset\diabetic_retinopathy\10013_right.jpeg,diabetic_retinopathy/10013_right.jpeg,diabetic_retinopathy,512,512,3,5bfa622617b7ed88c896457871e293f1,10013,test
10031_left.jpeg,C:\projects\retina-ai-ocular-disease-classification\archive\dataset\diabetic_retinopathy\10031_left.jpeg,diabetic_retinopathy/10031_left.jpeg,diabetic_retinopathy,512,512,3,5eb6163ddf63edb1a1e7c19c5c2031b2,10031,test
10031_right.jpeg,C:\projects\retina-ai-ocular-disease-classification\archive\dataset\diabetic_retinopathy\10031_right.jpeg,diabetic_retinopathy/10031_right.jpeg,diabetic_retinopathy,512,512,3,5364c9c7d11566fce3332ac79d4cd080,10031,test
10085_left.jpeg,C:\projects\retina-ai-ocular-disease-classification\archive\dataset\diabetic_retinopathy\10085_left.jpeg,diabetic_retinopathy/10085_left.jpeg,diabetic_retinopathy,512,512,3,808c5f86dbec78a71528aabc7be19e62,10085,test
10085_right.jpeg,C:\projects\retina-ai-ocular-disease-classification\archive\dataset\diabetic_retinopathy\10085_right.jpeg,diabetic_retinopathy/10085_right.jpeg,diabetic_retinopathy,512,512,3,f077caa61e6bc857b7172405d6bb5cc6,10085,test
1011_left.jpeg,C:\projects\retina-ai-ocular-disease-classification\archive\dataset\diabetic_retinopathy\1011_left.jpeg,diabetic_retinopathy/1011_left.jpeg,diabetic_retinopathy,512,512,3,6a9b5292c89461cf7f9ee3c5deb77cb3,1011,test
1011_right.jpeg,C:\projects\retina-ai-ocular-disease-classification\archive\dataset\diabetic_retinopathy\1011_right.jpeg,diabetic_retinopathy/1011_right.jpeg,diabetic_retinopathy,512,512,3,612e854d88b7c0398cd20cbfe89185c7,1011,test
10126_left.jpeg,C:\projects\retina-ai-ocular-disease-classification\archive\dataset\diabetic_retinopathy\10126_left.jpeg,diabetic_retinopathy/10126_left.jpeg,diabetic_retinopathy,512,512,3,4974c9b4d0325394dbdc2e71f0d404b0,10126,test
10126_right.jpeg,C:\projects\retina-ai-ocular-disease-classification\archive\dataset\diabetic_retinopathy\10126_right.jpeg,diabetic_retinopathy/10126_right.jpeg,diabetic_retinopathy,512,512,3,6ca0b2ddb80cd8e3a30ccc294b3c1133,10126,test
10147_left.jpeg,C:\projects\retina-ai-ocular-disease-classification\archive\dataset\diabetic_retinopathy\10147_left.jpeg,diabetic_retinopathy/10147_left.jpeg,diabetic_retinopathy,512,512,3,3ab4fdfedf633abbb53bf8b4e4f66aee,10147,test
10147_right.jpeg,C:\projects\retina-ai-ocular-disease-classification\archive\dataset\diabetic_retinopathy\10147_right.jpeg,diabetic_retinopathy/10147_right.jpeg,diabetic_retinopathy,512,512,3,e63bb22107c9b780e05b948834db061a,10147,test
10184_left.jpeg,C:\projects\retina-ai-ocular-disease-classification\archive\dataset\diabetic_retinopathy\10184_left.jpeg,diabetic_retinopathy/10184_left.jpeg,diabetic_retinopathy,512,512,3,f1900a1b4cd1d38c540109fe11411cd7,10184,test
10184_right.jpeg,C:\projects\retina-ai-ocular-disease-classification\archive\dataset\diabetic_retinopathy\10184_right.jpeg,diabetic_retinopathy/10184_right.jpeg,diabetic_retinopathy,512,512,3,7ee0358452727d6bfa3fd1748e5eff7e,10184,test
10194_left.jpeg,C:\projects\retina-ai-ocular-disease-classification\archive\dataset\diabetic_retinopathy\10194_left.jpeg,diabetic_retinopathy/10194_left.jpeg,diabetic_retinopathy,512,512,3,eae85a95e9b24bf0b865de95c7177a76,10194,test
10194_right.jpeg,C:\projects\retina-ai-ocular-disease-classification\archive\dataset\diabetic_retinopathy\10194_right.jpeg,diabetic_retinopathy/10194_right.jpeg,diabetic_retinopathy,512,512,3,6946b92caac45103fb4b1c48b06c8734,10194,test
10212_left.jpeg,C:\projects\retina-ai-ocular-disease-classification\archive\dataset\diabetic_retinopathy\10212_left.jpeg,diabetic_retinopathy/10212_left.jpeg,diabetic_retinopathy,512,512,3,72f1bbe38b73658bf70928b0af7a3fac,10212,test
10212_right.jpeg,C:\projects\retina-ai-ocular-disease-classification\archive\dataset\diabetic_retinopathy\10212_right.jpeg,diabetic_retinopathy/10212_right.jpeg,diabetic_retinopathy,512,512,3,3b89cf9464f80294532d296a2e43ef2c,10212,test
10218_right.jpeg,C:\projects\retina-ai-ocular-disease-classification\archive\dataset\diabetic_retinopathy\10218_right.jpeg,diabetic_retinopathy/10218_right.jpeg,diabetic_retinopathy,512,512,3,2e4f5034fe2095201d4869afa236b363,10218,test
10250_left.jpeg,C:\projects\retina-ai-ocular-disease-classification\archive\dataset\diabetic_retinopathy\10250_left.jpeg,diabetic_retinopathy/10250_left.jpeg,diabetic_retinopathy,512,512,3,bc9661654c2f84df12ec9bb5ff4b4c1a,10250,test
10250_right.jpeg,C:\projects\retina-ai-ocular-disease-classification\archive\dataset\diabetic_retinopathy\10250_right.jpeg,diabetic_retinopathy/10250_right.jpeg,diabetic_retinopathy,512,512,3,b1f655772518b91629276bf190df799d,10250,test
10262_left.jpeg,C:\projects\retina-ai-ocular-disease-classification\archive\dataset\diabetic_retinopathy\10262_left.jpeg,diabetic_retinopathy/10262_left.jpeg,diabetic_retinopathy,512,512,3,7b6cf8eb714f1c86ef50256d58146c83,10262,test
10262_right.jpeg,C:\projects\retina-ai-ocular-disease-classification\archive\dataset\diabetic_retinopathy\10262_right.jpeg,diabetic_retinopathy/10262_right.jpeg,diabetic_retinopathy,512,512,3,d079f5122bdc4c0131e3183c364e1d60,10262,test
10278_left.jpeg,C:\projects\retina-ai-ocular-disease-classification\archive\dataset\diabetic_retinopathy\10278_left.jpeg,diabetic_retinopathy/10278_left.jpeg,diabetic_retinopathy,512,512,3,1962baa12961131aebb5d0d39c44b256,10278,test
10295_left.jpeg,C:\projects\retina-ai-ocular-disease-classification\archive\dataset\diabetic_retinopathy\10295_left.jpeg,diabetic_retinopathy/10295_left.jpeg,diabetic_retinopathy,512,512,3,5b9ecbe6d3c4989075423d5869edcf44,10295,test
10319_left.jpeg,C:\projects\retina-ai-ocular-disease-classification\archive\dataset\diabetic_retinopathy\10319_left.jpeg,diabetic_retinopathy/10319_left.jpeg,diabetic_retinopathy,512,512,3,6eb9518e9eb103a4c13c90c18022d56e,10319,test
10319_right.jpeg,C:\projects\retina-ai-ocular-disease-classification\archive\dataset\diabetic_retinopathy\10319_right.jpeg,diabetic_retinopathy/10319_right.jpeg,diabetic_retinopathy,512,512,3,8e995a0eadcd7399168e1b080d48e477,10319,test
10328_left.jpeg,C:\projects\retina-ai-ocular-disease-classification\archive\dataset\diabetic_retinopathy\10328_left.jpeg,diabetic_retinopathy/10328_left.jpeg,diabetic_retinopathy,512,512,3,6ae51986e8edb4a55c433cd96ad67480,10328,test
10328_right.jpeg,C:\projects\retina-ai-ocular-disease-classification\archive\dataset\diabetic_retinopathy\10328_right.jpeg,diabetic_retinopathy/10328_right.jpeg,diabetic_retinopathy,512,512,3,9990ebcab58598fde44562e741e2947a,10328,test
10333_right.jpeg,C:\projects\retina-ai-ocular-disease-classification\archive\dataset\diabetic_retinopathy\10333_right.jpeg,diabetic_retinopathy/10333_right.jpeg,diabetic_retinopathy,512,512,3,0ff2a2d37a56f63e91596325215d083a,10333,test
1035_left.jpeg,C:\projects\retina-ai-ocular-disease-classification\archive\dataset\diabetic_retinopathy\1035_left.jpeg,diabetic_retinopathy/1035_left.jpeg,diabetic_retinopathy,512,512,3,11524c33e811c5ffa014def528ab0fa9,1035,test
1035_right.jpeg,C:\projects\retina-ai-ocular-disease-classification\archive\dataset\diabetic_retinopathy\1035_right.jpeg,diabetic_retinopathy/1035_right.jpeg,diabetic_retinopathy,512,512,3,a794abd00b17ab966d575515d7da59c3,1035,test
10398_left.jpeg,C:\projects\retina-ai-ocular-disease-classification\archive\dataset\diabetic_retinopathy\10398_left.jpeg,diabetic_retinopathy/10398_left.jpeg,diabetic_retinopathy,512,512,3,0b325a9b1ea66cb9444cdcb2bcc41f46,10398,test
10398_right.jpeg,C:\projects\retina-ai-ocular-disease-classification\archive\dataset\diabetic_retinopathy\10398_right.jpeg,diabetic_retinopathy/10398_right.jpeg,diabetic_retinopathy,512,512,3,1b5c996cdb3865aa10b4ed6ee920399e,10398,test
10438_left.jpeg,C:\projects\retina-ai-ocular-disease-classification\archive\dataset\diabetic_retinopathy\10438_left.jpeg,diabetic_retinopathy/10438_left.jpeg,diabetic_retinopathy,512,512,3,6fcf76a2c5e22fd5e5112fcad369d4cb,10438,test
10438_right.jpeg,C:\projects\retina-ai-ocular-disease-classification\archive\dataset\diabetic_retinopathy\10438_right.jpeg,diabetic_retinopathy/10438_right.jpeg,diabetic_retinopathy,512,512,3,2b4619dd8a72eaf20c5745a17a502b14,10438,test
10439_left.jpeg,C:\projects\retina-ai-ocular-disease-classification\archive\dataset\diabetic_retinopathy\10439_left.jpeg,diabetic_retinopathy/10439_left.jpeg,diabetic_retinopathy,512,512,3,a4d121556194e155a956ef53902c0d4c,10439,test
10566_left.jpeg,C:\projects\retina-ai-ocular-disease-classification\archive\dataset\diabetic_retinopathy\10566_left.jpeg,diabetic_retinopathy/10566_left.jpeg,diabetic_retinopathy,512,512,3,43e3cd6f27a6a5f4fbde8b45966596c6,10566,test
10566_right.jpeg,C:\projects\retina-ai-ocular-disease-classification\archive\dataset\diabetic_retinopathy\10566_right.jpeg,diabetic_retinopathy/10566_right.jpeg,diabetic_retinopathy,512,512,3,f3505bc116a476e66bb0d66104277d0c,10566,test
1056_left.jpeg,C:\projects\retina-ai-ocular-disease-classification\archive\dataset\diabetic_retinopathy\1056_left.jpeg,diabetic_retinopathy/1056_left.jpeg,diabetic_retinopathy,512,512,3,40af1e568c2d2ee0b2bcec4c261802ef,1056,test
1056_right.jpeg,C:\projects\retina-ai-ocular-disease-classification\archive\dataset\diabetic_retinopathy\1056_right.jpeg,diabetic_retinopathy/1056_right.jpeg,diabetic_retinopathy,512,512,3,10cca834977808136481eabaeaa384d9,1056,test
1059_left.jpeg,C:\projects\retina-ai-ocular-disease-classification\archive\dataset\diabetic_retinopathy\1059_left.jpeg,diabetic_retinopathy/1059_left.jpeg,diabetic_retinopathy,512,512,3,f30381e7ca68a4dcc50d6b18e8d80881,1059,test
1059_right.jpeg,C:\projects\retina-ai-ocular-disease-classification\archive\dataset\diabetic_retinopathy\1059_right.jpeg,diabetic_retinopathy/1059_right.jpeg,diabetic_retinopathy,512,512,3,d1957dcf3b01af184276f9f1573284c4,1059,test
10605_left.jpeg,C:\projects\retina-ai-ocular-disease-classification\archive\dataset\diabetic_retinopathy\10605_left.jpeg,diabetic_retinopathy/10605_left.jpeg,diabetic_retinopathy,512,512,3,bc07fd8e05ed5a5531d7062dc3894217,10605,test
10626_left.jpeg,C:\projects\retina-ai-ocular-disease-classification\archive\dataset\diabetic_retinopathy\10626_left.jpeg,diabetic_retinopathy/10626_left.jpeg,diabetic_retinopathy,512,512,3,6a572f952d75b56595801ef021bf4939,10626,test
10626_right.jpeg,C:\projects\retina-ai-ocular-disease-classification\archive\dataset\diabetic_retinopathy\10626_right.jpeg,diabetic_retinopathy/10626_right.jpeg,diabetic_retinopathy,512,512,3,f38d85aebd66ee015769513a1e27c773,10626,test
10651_left.jpeg,C:\projects\retina-ai-ocular-disease-classification\archive\dataset\diabetic_retinopathy\10651_left.jpeg,diabetic_retinopathy/10651_left.jpeg,diabetic_retinopathy,512,512,3,af4270683037228c728a7170eb286ef2,10651,test
10651_right.jpeg,C:\projects\retina-ai-ocular-disease-classification\archive\dataset\diabetic_retinopathy\10651_right.jpeg,diabetic_retinopathy/10651_right.jpeg,diabetic_retinopathy,512,512,3,15d71c09976fdd068a8aebb08075d65f,10651,test
10660_left.jpeg,C:\projects\retina-ai-ocular-disease-classification\archive\dataset\diabetic_retinopathy\10660_left.jpeg,diabetic_retinopathy/10660_left.jpeg,diabetic_retinopathy,512,512,3,d7c794051897f60f3cddf3263153be00,10660,test
10660_right.jpeg,C:\projects\retina-ai-ocular-disease-classification\archive\dataset\diabetic_retinopathy\10660_right.jpeg,diabetic_retinopathy/10660_right.jpeg,diabetic_retinopathy,512,512,3,46d30785dad84a89045be0a851e14c52,10660,test
10674_left.jpeg,C:\projects\retina-ai-ocular-disease-classification\archive\dataset\diabetic_retinopathy\10674_left.jpeg,diabetic_retinopathy/10674_left.jpeg,diabetic_retinopathy,512,512,3,a32bf71217fb97a8a8d49100d2cd0c7c,10674,test
10674_right.jpeg,C:\projects\retina-ai-ocular-disease-classification\archive\dataset\diabetic_retinopathy\10674_right.jpeg,diabetic_retinopathy/10674_right.jpeg,diabetic_retinopathy,512,512,3,ea1a0d5313ebc9ce9cf57a38aa567f64,10674,test
10675_left.jpeg,C:\projects\retina-ai-ocular-disease-classification\archive\dataset\diabetic_retinopathy\10675_left.jpeg,diabetic_retinopathy/10675_left.jpeg,diabetic_retinopathy,512,512,3,24ff1fec4351b63eb094fda997b7b34e,10675,test
10675_right.jpeg,C:\projects\retina-ai-ocular-disease-classification\archive\dataset\diabetic_retinopathy\10675_right.jpeg,diabetic_retinopathy/10675_right.jpeg,diabetic_retinopathy,512,512,3,4b099c19ac462564809a944f34f8ba05,10675,test
10722_left.jpeg,C:\projects\retina-ai-ocular-disease-classification\archive\dataset\diabetic_retinopathy\10722_left.jpeg,diabetic_retinopathy/10722_left.jpeg,diabetic_retinopathy,512,512,3,90bb9b10ae973bc198043d825b22fdc1,10722,test
10734_right.jpeg,C:\projects\retina-ai-ocular-disease-classification\archive\dataset\diabetic_retinopathy\10734_right.jpeg,diabetic_retinopathy/10734_right.jpeg,diabetic_retinopathy,512,512,3,092eb493f4d74b6a5af90abca664c41c,10734,test
10787_left.jpeg,C:\projects\retina-ai-ocular-disease-classification\archive\dataset\diabetic_retinopathy\10787_left.jpeg,diabetic_retinopathy/10787_left.jpeg,diabetic_retinopathy,512,512,3,6fdfde8a59357ac726b01dd47a83b4d4,10787,test
10787_right.jpeg,C:\projects\retina-ai-ocular-disease-classification\archive\dataset\diabetic_retinopathy\10787_right.jpeg,diabetic_retinopathy/10787_right.jpeg,diabetic_retinopathy,512,512,3,68f0bd379ed1c314ab67be5625a338c7,10787,test
10792_left.jpeg,C:\projects\retina-ai-ocular-disease-classification\archive\dataset\diabetic_retinopathy\10792_left.jpeg,diabetic_retinopathy/10792_left.jpeg,diabetic_retinopathy,512,512,3,8ab420d499090d2d0c4a25a163178534,10792,test
10792_right.jpeg,C:\projects\retina-ai-ocular-disease-classification\archive\dataset\diabetic_retinopathy\10792_right.jpeg,diabetic_retinopathy/10792_right.jpeg,diabetic_retinopathy,512,512,3,1a751e0d25242eb64a452873035002ea,10792,test
10865_left.jpeg,C:\projects\retina-ai-ocular-disease-classification\archive\dataset\diabetic_retinopathy\10865_left.jpeg,diabetic_retinopathy/10865_left.jpeg,diabetic_retinopathy,512,512,3,b28925809c212bc3e88e79bab664d00b,10865,test
10865_right.jpeg,C:\projects\retina-ai-ocular-disease-classification\archive\dataset\diabetic_retinopathy\10865_right.jpeg,diabetic_retinopathy/10865_right.jpeg,diabetic_retinopathy,512,512,3,be97ff2b27fe57ff82f0b3f985a5371b,10865,test
10884_left.jpeg,C:\projects\retina-ai-ocular-disease-classification\archive\dataset\diabetic_retinopathy\10884_left.jpeg,diabetic_retinopathy/10884_left.jpeg,diabetic_retinopathy,512,512,3,c2b422367a6912ec9a633fb675b5b550,10884,test
10884_right.jpeg,C:\projects\retina-ai-ocular-disease-classification\archive\dataset\diabetic_retinopathy\10884_right.jpeg,diabetic_retinopathy/10884_right.jpeg,diabetic_retinopathy,512,512,3,6e9d04fb720d64e80b67bf97d26588f8,10884,test
10908_left.jpeg,C:\projects\retina-ai-ocular-disease-classification\archive\dataset\diabetic_retinopathy\10908_left.jpeg,diabetic_retinopathy/10908_left.jpeg,diabetic_retinopathy,512,512,3,ea855f739698059733670c8f0344fba6,10908,test
10908_right.jpeg,C:\projects\retina-ai-ocular-disease-classification\archive\dataset\diabetic_retinopathy\10908_right.jpeg,diabetic_retinopathy/10908_right.jpeg,diabetic_retinopathy,512,512,3,0c2cf608ac11e8d00943b00db18a9886,10908,test
10916_left.jpeg,C:\projects\retina-ai-ocular-disease-classification\archive\dataset\diabetic_retinopathy\10916_left.jpeg,diabetic_retinopathy/10916_left.jpeg,diabetic_retinopathy,512,512,3,52634c89cf5e0ac78cd0deac7eb0fe21,10916,test
10916_right.jpeg,C:\projects\retina-ai-ocular-disease-classification\archive\dataset\diabetic_retinopathy\10916_right.jpeg,diabetic_retinopathy/10916_right.jpeg,diabetic_retinopathy,512,512,3,250dc06a8c93b288755d6c578a80ad28,10916,test
10924_right.jpeg,C:\projects\retina-ai-ocular-disease-classification\archive\dataset\diabetic_retinopathy\10924_right.jpeg,diabetic_retinopathy/10924_right.jpeg,diabetic_retinopathy,512,512,3,ce5669baf13f4418fa3d62cc7f0757dc,10924,test
10930_left.jpeg,C:\projects\retina-ai-ocular-disease-classification\archive\dataset\diabetic_retinopathy\10930_left.jpeg,diabetic_retinopathy/10930_left.jpeg,diabetic_retinopathy,512,512,3,4b3d409e5f42803418ddfd3d90292c6c,10930,test
10930_right.jpeg,C:\projects\retina-ai-ocular-disease-classification\archive\dataset\diabetic_retinopathy\10930_right.jpeg,diabetic_retinopathy/10930_right.jpeg,diabetic_retinopathy,512,512,3,4f188af1ce4f5511f605f162807ecb51,10930,test
10940_left.jpeg,C:\projects\retina-ai-ocular-disease-classification\archive\dataset\diabetic_retinopathy\10940_left.jpeg,diabetic_retinopathy/10940_left.jpeg,diabetic_retinopathy,512,512,3,6d79c1c8425f7d918d4d8dd5693adf88,10940,test
10940_right.jpeg,C:\projects\retina-ai-ocular-disease-classification\archive\dataset\diabetic_retinopathy\10940_right.jpeg,diabetic_retinopathy/10940_right.jpeg,diabetic_retinopathy,512,512,3,330ac964997043ce679b85c5844b9a6a,10940,test
10942_left.jpeg,C:\projects\retina-ai-ocular-disease-classification\archive\dataset\diabetic_retinopathy\10942_left.jpeg,diabetic_retinopathy/10942_left.jpeg,diabetic_retinopathy,512,512,3,1b34661c9cd70b2842f567f834055770,10942,test
10942_right.jpeg,C:\projects\retina-ai-ocular-disease-classification\archive\dataset\diabetic_retinopathy\10942_right.jpeg,diabetic_retinopathy/10942_right.jpeg,diabetic_retinopathy,512,512,3,5d1e56079fb14d340aa952e5029182d8,10942,test
10947_left.jpeg,C:\projects\retina-ai-ocular-disease-classification\archive\dataset\diabetic_retinopathy\10947_left.jpeg,diabetic_retinopathy/10947_left.jpeg,diabetic_retinopathy,512,512,3,5db5eed801902df03c139f32e798c490,10947,test
10947_right.jpeg,C:\projects\retina-ai-ocular-disease-classification\archive\dataset\diabetic_retinopathy\10947_right.jpeg,diabetic_retinopathy/10947_right.jpeg,diabetic_retinopathy,512,512,3,9f76739b47bf8a8ac3f120bdccd6bf5e,10947,test
10987_left.jpeg,C:\projects\retina-ai-ocular-disease-classification\archive\dataset\diabetic_retinopathy\10987_left.jpeg,diabetic_retinopathy/10987_left.jpeg,diabetic_retinopathy,512,512,3,f6cba079688593771626fccad5760e23,10987,test
10987_right.jpeg,C:\projects\retina-ai-ocular-disease-classification\archive\dataset\diabetic_retinopathy\10987_right.jpeg,diabetic_retinopathy/10987_right.jpeg,diabetic_retinopathy,512,512,3,5a82dade93ff8a26119d5c3c7a21fcf2,10987,test
11032_left.jpeg,C:\projects\retina-ai-ocular-disease-classification\archive\dataset\diabetic_retinopathy\11032_left.jpeg,diabetic_retinopathy/11032_left.jpeg,diabetic_retinopathy,512,512,3,abad4524826ef4b31c3d65fe61be6dad,11032,test
11032_right.jpeg,C:\projects\retina-ai-ocular-disease-classification\archive\dataset\diabetic_retinopathy\11032_right.jpeg,diabetic_retinopathy/11032_right.jpeg,diabetic_retinopathy,512,512,3,8a6ece6c8d92d8a9eb6996ab38c1c525,11032,test
11057_left.jpeg,C:\projects\retina-ai-ocular-disease-classification\archive\dataset\diabetic_retinopathy\11057_left.jpeg,diabetic_retinopathy/11057_left.jpeg,diabetic_retinopathy,512,512,3,e6a86ff1d6f74417d8e00ad6188665cd,11057,test
11057_right.jpeg,C:\projects\retina-ai-ocular-disease-classification\archive\dataset\diabetic_retinopathy\11057_right.jpeg,diabetic_retinopathy/11057_right.jpeg,diabetic_retinopathy,512,512,3,7570b238bf82645671fbdf8734ab0677,11057,test
11058_right.jpeg,C:\projects\retina-ai-ocular-disease-classification\archive\dataset\diabetic_retinopathy\11058_right.jpeg,diabetic_retinopathy/11058_right.jpeg,diabetic_retinopathy,512,512,3,ab5b11287efa8412e470e93e1cd84700,11058,test
11119_left.jpeg,C:\projects\retina-ai-ocular-disease-classification\archive\dataset\diabetic_retinopathy\11119_left.jpeg,diabetic_retinopathy/11119_left.jpeg,diabetic_retinopathy,512,512,3,31fc292efe4f9f4ea32318b500ed46bd,11119,test
11119_right.jpeg,C:\projects\retina-ai-ocular-disease-classification\archive\dataset\diabetic_retinopathy\11119_right.jpeg,diabetic_retinopathy/11119_right.jpeg,diabetic_retinopathy,512,512,3,66766770f04f85587adb8301499365a5,11119,test
11127_left.jpeg,C:\projects\retina-ai-ocular-disease-classification\archive\dataset\diabetic_retinopathy\11127_left.jpeg,diabetic_retinopathy/11127_left.jpeg,diabetic_retinopathy,512,512,3,7be6effd7177d39e9be31746b0dd8d63,11127,test
11127_right.jpeg,C:\projects\retina-ai-ocular-disease-classification\archive\dataset\diabetic_retinopathy\11127_right.jpeg,diabetic_retinopathy/11127_right.jpeg,diabetic_retinopathy,512,512,3,31c2a5af52770402e4197261fa2b23c1,11127,test
1113_left.jpeg,C:\projects\retina-ai-ocular-disease-classification\archive\dataset\diabetic_retinopathy\1113_left.jpeg,diabetic_retinopathy/1113_left.jpeg,diabetic_retinopathy,512,512,3,80f8a697e01bb6ff18e3d68456a07395,1113,test
1113_right.jpeg,C:\projects\retina-ai-ocular-disease-classification\archive\dataset\diabetic_retinopathy\1113_right.jpeg,diabetic_retinopathy/1113_right.jpeg,diabetic_retinopathy,512,512,3,1ab89e630f3b963c984e0031ac7352f0,1113,test
11183_left.jpeg,C:\projects\retina-ai-ocular-disease-classification\archive\dataset\diabetic_retinopathy\11183_left.jpeg,diabetic_retinopathy/11183_left.jpeg,diabetic_retinopathy,512,512,3,ff09aa1c6e2f734646865e055e513b04,11183,test
11183_right.jpeg,C:\projects\retina-ai-ocular-disease-classification\archive\dataset\diabetic_retinopathy\11183_right.jpeg,diabetic_retinopathy/11183_right.jpeg,diabetic_retinopathy,512,512,3,ece4c7f592367b2123c4f6f73804f3c5,11183,test
11222_left.jpeg,C:\projects\retina-ai-ocular-disease-classification\archive\dataset\diabetic_retinopathy\11222_left.jpeg,diabetic_retinopathy/11222_left.jpeg,diabetic_retinopathy,512,512,3,9c7d9dd93331d30b276c9e5b7a3b9e6d,11222,test
11222_right.jpeg,C:\projects\retina-ai-ocular-disease-classification\archive\dataset\diabetic_retinopathy\11222_right.jpeg,diabetic_retinopathy/11222_right.jpeg,diabetic_retinopathy,512,512,3,179d4d5af52d2fe67602771a295014a8,11222,test
11234_left.jpeg,C:\projects\retina-ai-ocular-disease-classification\archive\dataset\diabetic_retinopathy\11234_left.jpeg,diabetic_retinopathy/11234_left.jpeg,diabetic_retinopathy,512,512,3,7ef536ec883ac2b3751d556e44da5ad4,11234,test
11241_left.jpeg,C:\projects\retina-ai-ocular-disease-classification\archive\dataset\diabetic_retinopathy\11241_left.jpeg,diabetic_retinopathy/11241_left.jpeg,diabetic_retinopathy,512,512,3,68fd676ff6c93868454812c3b793e097,11241,test
11241_right.jpeg,C:\projects\retina-ai-ocular-disease-classification\archive\dataset\diabetic_retinopathy\11241_right.jpeg,diabetic_retinopathy/11241_right.jpeg,diabetic_retinopathy,512,512,3,a399956bc07df7692c7c68c67717c141,11241,test
11247_left.jpeg,C:\projects\retina-ai-ocular-disease-classification\archive\dataset\diabetic_retinopathy\11247_left.jpeg,diabetic_retinopathy/11247_left.jpeg,diabetic_retinopathy,512,512,3,ef911903b4600afcf4bb9aeeb037cdbd,11247,test
11247_right.jpeg,C:\projects\retina-ai-ocular-disease-classification\archive\dataset\diabetic_retinopathy\11247_right.jpeg,diabetic_retinopathy/11247_right.jpeg,diabetic_retinopathy,512,512,3,fd9644f283f24979ad66ac03e9a0fc00,11247,test
11249_left.jpeg,C:\projects\retina-ai-ocular-disease-classification\archive\dataset\diabetic_retinopathy\11249_left.jpeg,diabetic_retinopathy/11249_left.jpeg,diabetic_retinopathy,512,512,3,aad7ef0eda40f9924e874b6fdd29521a,11249,test
11301_left.jpeg,C:\projects\retina-ai-ocular-disease-classification\archive\dataset\diabetic_retinopathy\11301_left.jpeg,diabetic_retinopathy/11301_left.jpeg,diabetic_retinopathy,512,512,3,952cd0636b5643a169ae1cd6e860b045,11301,test
11301_right.jpeg,C:\projects\retina-ai-ocular-disease-classification\archive\dataset\diabetic_retinopathy\11301_right.jpeg,diabetic_retinopathy/11301_right.jpeg,diabetic_retinopathy,512,512,3,778b4989b673d3ec748d82addfe8b44c,11301,test
11304_left.jpeg,C:\projects\retina-ai-ocular-disease-classification\archive\dataset\diabetic_retinopathy\11304_left.jpeg,diabetic_retinopathy/11304_left.jpeg,diabetic_retinopathy,512,512,3,552dbdd0604db6a1f86ade005e4130c4,11304,test
11304_right.jpeg,C:\projects\retina-ai-ocular-disease-classification\archive\dataset\diabetic_retinopathy\11304_right.jpeg,diabetic_retinopathy/11304_right.jpeg,diabetic_retinopathy,512,512,3,aebeb75499ea2b09541113adf9e37802,11304,test
11326_left.jpeg,C:\projects\retina-ai-ocular-disease-classification\archive\dataset\diabetic_retinopathy\11326_left.jpeg,diabetic_retinopathy/11326_left.jpeg,diabetic_retinopathy,512,512,3,09a58c26248cd1015cf3c27b7377ea83,11326,test
11326_right.jpeg,C:\projects\retina-ai-ocular-disease-classification\archive\dataset\diabetic_retinopathy\11326_right.jpeg,diabetic_retinopathy/11326_right.jpeg,diabetic_retinopathy,512,512,3,5f14a92e55ce1408c6bd63a65694be49,11326,test
11387_left.jpeg,C:\projects\retina-ai-ocular-disease-classification\archive\dataset\diabetic_retinopathy\11387_left.jpeg,diabetic_retinopathy/11387_left.jpeg,diabetic_retinopathy,512,512,3,80d98e970f4fd095f513dad7a570d127,11387,test
11387_right.jpeg,C:\projects\retina-ai-ocular-disease-classification\archive\dataset\diabetic_retinopathy\11387_right.jpeg,diabetic_retinopathy/11387_right.jpeg,diabetic_retinopathy,512,512,3,4392ed9a8219ef9053cbb74839b92697,11387,test
11394_left.jpeg,C:\projects\retina-ai-ocular-disease-classification\archive\dataset\diabetic_retinopathy\11394_left.jpeg,diabetic_retinopathy/11394_left.jpeg,diabetic_retinopathy,512,512,3,55ba1439793afbfdf1d058c403d21154,11394,test
11394_right.jpeg,C:\projects\retina-ai-ocular-disease-classification\archive\dataset\diabetic_retinopathy\11394_right.jpeg,diabetic_retinopathy/11394_right.jpeg,diabetic_retinopathy,512,512,3,06a23354803d971f60d58b3575262a4c,11394,test
11407_left.jpeg,C:\projects\retina-ai-ocular-disease-classification\archive\dataset\diabetic_retinopathy\11407_left.jpeg,diabetic_retinopathy/11407_left.jpeg,diabetic_retinopathy,512,512,3,1a25f617e0cb30b50c6275c2b3e4afec,11407,test
11407_right.jpeg,C:\projects\retina-ai-ocular-disease-classification\archive\dataset\diabetic_retinopathy\11407_right.jpeg,diabetic_retinopathy/11407_right.jpeg,diabetic_retinopathy,512,512,3,ed4272db8546ea7fa33f5476a630555d,11407,test
11409_left.jpeg,C:\projects\retina-ai-ocular-disease-classification\archive\dataset\diabetic_retinopathy\11409_left.jpeg,diabetic_retinopathy/11409_left.jpeg,diabetic_retinopathy,512,512,3,68f9ffa5943493642a7ced274f7312f8,11409,test
11409_right.jpeg,C:\projects\retina-ai-ocular-disease-classification\archive\dataset\diabetic_retinopathy\11409_right.jpeg,diabetic_retinopathy/11409_right.jpeg,diabetic_retinopathy,512,512,3,c2d3ddae3be85d2335d1c9a8778b93f6,11409,test
11437_left.jpeg,C:\projects\retina-ai-ocular-disease-classification\archive\dataset\diabetic_retinopathy\11437_left.jpeg,diabetic_retinopathy/11437_left.jpeg,diabetic_retinopathy,512,512,3,5b395eca35b011ebf8587552e5318633,11437,test
11437_right.jpeg,C:\projects\retina-ai-ocular-disease-classification\archive\dataset\diabetic_retinopathy\11437_right.jpeg,diabetic_retinopathy/11437_right.jpeg,diabetic_retinopathy,512,512,3,61920fadd68547de3dd606793a125f75,11437,test
11444_left.jpeg,C:\projects\retina-ai-ocular-disease-classification\archive\dataset\diabetic_retinopathy\11444_left.jpeg,diabetic_retinopathy/11444_left.jpeg,diabetic_retinopathy,512,512,3,6c41c0b9e8ad8489a615de58b0e84230,11444,test
11444_right.jpeg,C:\projects\retina-ai-ocular-disease-classification\archive\dataset\diabetic_retinopathy\11444_right.jpeg,diabetic_retinopathy/11444_right.jpeg,diabetic_retinopathy,512,512,3,82d808a3891c46bc613efdae8c8eabdb,11444,test
11534_left.jpeg,C:\projects\retina-ai-ocular-disease-classification\archive\dataset\diabetic_retinopathy\11534_left.jpeg,diabetic_retinopathy/11534_left.jpeg,diabetic_retinopathy,512,512,3,415ab6f253f8c5ec03048f9a4ff6de5b,11534,test
11534_right.jpeg,C:\projects\retina-ai-ocular-disease-classification\archive\dataset\diabetic_retinopathy\11534_right.jpeg,diabetic_retinopathy/11534_right.jpeg,diabetic_retinopathy,512,512,3,facf062de7c33c4111a17980d69029f8,11534,test
11545_left.jpeg,C:\projects\retina-ai-ocular-disease-classification\archive\dataset\diabetic_retinopathy\11545_left.jpeg,diabetic_retinopathy/11545_left.jpeg,diabetic_retinopathy,512,512,3,7a28b6be727fe7fd610c92d327ca50d9,11545,test
11545_right.jpeg,C:\projects\retina-ai-ocular-disease-classification\archive\dataset\diabetic_retinopathy\11545_right.jpeg,diabetic_retinopathy/11545_right.jpeg,diabetic_retinopathy,512,512,3,50b15a630ff45dd989fc0301fb3e87ef,11545,test
11573_left.jpeg,C:\projects\retina-ai-ocular-disease-classification\archive\dataset\diabetic_retinopathy\11573_left.jpeg,diabetic_retinopathy/11573_left.jpeg,diabetic_retinopathy,512,512,3,39ec56674b4fda0c37f00d3b798ce3cb,11573,test
11573_right.jpeg,C:\projects\retina-ai-ocular-disease-classification\archive\dataset\diabetic_retinopathy\11573_right.jpeg,diabetic_retinopathy/11573_right.jpeg,diabetic_retinopathy,512,512,3,2c5e4d0aebed8b8b352f5ab995f499c7,11573,test
11581_left.jpeg,C:\projects\retina-ai-ocular-disease-classification\archive\dataset\diabetic_retinopathy\11581_left.jpeg,diabetic_retinopathy/11581_left.jpeg,diabetic_retinopathy,512,512,3,76a4864fb8e87939144e633453aefb4a,11581,test
11581_right.jpeg,C:\projects\retina-ai-ocular-disease-classification\archive\dataset\diabetic_retinopathy\11581_right.jpeg,diabetic_retinopathy/11581_right.jpeg,diabetic_retinopathy,512,512,3,bda6dabafd19f3d33044c405a6d764ec,11581,test
11590_left.jpeg,C:\projects\retina-ai-ocular-disease-classification\archive\dataset\diabetic_retinopathy\11590_left.jpeg,diabetic_retinopathy/11590_left.jpeg,diabetic_retinopathy,512,512,3,59662d796de957042bd657b7e2ec1f7c,11590,test
11590_right.jpeg,C:\projects\retina-ai-ocular-disease-classification\archive\dataset\diabetic_retinopathy\11590_right.jpeg,diabetic_retinopathy/11590_right.jpeg,diabetic_retinopathy,512,512,3,b8549ca3a0ea77392f5cdbc373a3c683,11590,test
11593_left.jpeg,C:\projects\retina-ai-ocular-disease-classification\archive\dataset\diabetic_retinopathy\11593_left.jpeg,diabetic_retinopathy/11593_left.jpeg,diabetic_retinopathy,512,512,3,5e93d2c637b9d786f08d2f16589117e4,11593,test
11593_right.jpeg,C:\projects\retina-ai-ocular-disease-classification\archive\dataset\diabetic_retinopathy\11593_right.jpeg,diabetic_retinopathy/11593_right.jpeg,diabetic_retinopathy,512,512,3,a73dfaf7b8e0dd38ecda31ddcaaf7116,11593,test
11594_left.jpeg,C:\projects\retina-ai-ocular-disease-classification\archive\dataset\diabetic_retinopathy\11594_left.jpeg,diabetic_retinopathy/11594_left.jpeg,diabetic_retinopathy,512,512,3,0bc7e5db82c5566b9e38832255fb55bc,11594,test
11594_right.jpeg,C:\projects\retina-ai-ocular-disease-classification\archive\dataset\diabetic_retinopathy\11594_right.jpeg,diabetic_retinopathy/11594_right.jpeg,diabetic_retinopathy,512,512,3,f3c9b7a764eb69db9ae4edab2ded5974,11594,test
1172_left.jpeg,C:\projects\retina-ai-ocular-disease-classification\archive\dataset\diabetic_retinopathy\1172_left.jpeg,diabetic_retinopathy/1172_left.jpeg,diabetic_retinopathy,512,512,3,3a94f9973055fc197400682314852397,1172,test
1172_right.jpeg,C:\projects\retina-ai-ocular-disease-classification\archive\dataset\diabetic_retinopathy\1172_right.jpeg,diabetic_retinopathy/1172_right.jpeg,diabetic_retinopathy,512,512,3,894ef7d2a744f864254f903838c3c4d8,1172,test
1178_left.jpeg,C:\projects\retina-ai-ocular-disease-classification\archive\dataset\diabetic_retinopathy\1178_left.jpeg,diabetic_retinopathy/1178_left.jpeg,diabetic_retinopathy,512,512,3,0d4160d9f0c2733b23ac440713af2874,1178,test
1178_right.jpeg,C:\projects\retina-ai-ocular-disease-classification\archive\dataset\diabetic_retinopathy\1178_right.jpeg,diabetic_retinopathy/1178_right.jpeg,diabetic_retinopathy,512,512,3,23b810c1d023bdeace7e19be7c3c4310,1178,test
1182_left.jpeg,C:\projects\retina-ai-ocular-disease-classification\archive\dataset\diabetic_retinopathy\1182_left.jpeg,diabetic_retinopathy/1182_left.jpeg,diabetic_retinopathy,512,512,3,4e04992a6d0b4d4e0db855c634317977,1182,test
1182_right.jpeg,C:\projects\retina-ai-ocular-disease-classification\archive\dataset\diabetic_retinopathy\1182_right.jpeg,diabetic_retinopathy/1182_right.jpeg,diabetic_retinopathy,512,512,3,4da3537f6276288b37fe74bd3c262bbe,1182,test
1188_left.jpeg,C:\projects\retina-ai-ocular-disease-classification\archive\dataset\diabetic_retinopathy\1188_left.jpeg,diabetic_retinopathy/1188_left.jpeg,diabetic_retinopathy,512,512,3,d56f7f4d9c9612a406e0f7d0ed820775,1188,test
1188_right.jpeg,C:\projects\retina-ai-ocular-disease-classification\archive\dataset\diabetic_retinopathy\1188_right.jpeg,diabetic_retinopathy/1188_right.jpeg,diabetic_retinopathy,512,512,3,4511504d664e7e71568582be44cdd596,1188,test
1197_right.jpeg,C:\projects\retina-ai-ocular-disease-classification\archive\dataset\diabetic_retinopathy\1197_right.jpeg,diabetic_retinopathy/1197_right.jpeg,diabetic_retinopathy,512,512,3,c381a9dd12f9e271662f6fe8b9bb5678,1197,test
1199_left.jpeg,C:\projects\retina-ai-ocular-disease-classification\archive\dataset\diabetic_retinopathy\1199_left.jpeg,diabetic_retinopathy/1199_left.jpeg,diabetic_retinopathy,512,512,3,74ef912216cdae0a643e6a2cf4a343de,1199,test
1199_right.jpeg,C:\projects\retina-ai-ocular-disease-classification\archive\dataset\diabetic_retinopathy\1199_right.jpeg,diabetic_retinopathy/1199_right.jpeg,diabetic_retinopathy,512,512,3,0e687c945caa92a45bd49b94ea9e0118,1199,test
122_left.jpeg,C:\projects\retina-ai-ocular-disease-classification\archive\dataset\diabetic_retinopathy\122_left.jpeg,diabetic_retinopathy/122_left.jpeg,diabetic_retinopathy,512,512,3,e0b833be5bfe330367b56ce87a63c615,122,test
122_right.jpeg,C:\projects\retina-ai-ocular-disease-classification\archive\dataset\diabetic_retinopathy\122_right.jpeg,diabetic_retinopathy/122_right.jpeg,diabetic_retinopathy,512,512,3,754a57a21eb7fde2a814ac4d0eb75acb,122,test
1259_left.jpeg,C:\projects\retina-ai-ocular-disease-classification\archive\dataset\diabetic_retinopathy\1259_left.jpeg,diabetic_retinopathy/1259_left.jpeg,diabetic_retinopathy,512,512,3,1bd12a93b6365c46226fd84d627ca292,1259,test
1259_right.jpeg,C:\projects\retina-ai-ocular-disease-classification\archive\dataset\diabetic_retinopathy\1259_right.jpeg,diabetic_retinopathy/1259_right.jpeg,diabetic_retinopathy,512,512,3,5eb0c8fc30968a41c58937439b40308c,1259,test
1285_left.jpeg,C:\projects\retina-ai-ocular-disease-classification\archive\dataset\diabetic_retinopathy\1285_left.jpeg,diabetic_retinopathy/1285_left.jpeg,diabetic_retinopathy,512,512,3,2abef10ffa6f9184593c9f2edd3795da,1285,test
1285_right.jpeg,C:\projects\retina-ai-ocular-disease-classification\archive\dataset\diabetic_retinopathy\1285_right.jpeg,diabetic_retinopathy/1285_right.jpeg,diabetic_retinopathy,512,512,3,55b9ca04ef326966c7f664b1260d2765,1285,test
10003_left.jpeg,C:\projects\retina-ai-ocular-disease-classification\archive\dataset\diabetic_retinopathy\10003_left.jpeg,diabetic_retinopathy/10003_left.jpeg,diabetic_retinopathy,512,512,3,fbb4ec7e5829a72b41d3acef7c84abb9,10003,train
10003_right.jpeg,C:\projects\retina-ai-ocular-disease-classification\archive\dataset\diabetic_retinopathy\10003_right.jpeg,diabetic_retinopathy/10003_right.jpeg,diabetic_retinopathy,512,512,3,3494d89245f3c80db6451d8e86c4dd12,10003,train
10007_left.jpeg,C:\projects\retina-ai-ocular-disease-classification\archive\dataset\diabetic_retinopathy\10007_left.jpeg,diabetic_retinopathy/10007_left.jpeg,diabetic_retinopathy,512,512,3,275f9f8962391e0ff18145d9f88b0230,10007,train
10007_right.jpeg,C:\projects\retina-ai-ocular-disease-classification\archive\dataset\diabetic_retinopathy\10007_right.jpeg,diabetic_retinopathy/10007_right.jpeg,diabetic_retinopathy,512,512,3,98aa1b8908ff5bf40c7be4313a3ab6b3,10007,train
10009_left.jpeg,C:\projects\retina-ai-ocular-disease-classification\archive\dataset\diabetic_retinopathy\10009_left.jpeg,diabetic_retinopathy/10009_left.jpeg,diabetic_retinopathy,512,512,3,c956f338eead42a2aafb4730fd36d10b,10009,train
10009_right.jpeg,C:\projects\retina-ai-ocular-disease-classification\archive\dataset\diabetic_retinopathy\10009_right.jpeg,diabetic_retinopathy/10009_right.jpeg,diabetic_retinopathy,512,512,3,bd931536481f7322d97b13961e0e63c7,10009,train
10014_left.jpeg,C:\projects\retina-ai-ocular-disease-classification\archive\dataset\diabetic_retinopathy\10014_left.jpeg,diabetic_retinopathy/10014_left.jpeg,diabetic_retinopathy,512,512,3,4cd346b8f79f0c6c153eb9fb1e011c69,10014,train
10015_right.jpeg,C:\projects\retina-ai-ocular-disease-classification\archive\dataset\diabetic_retinopathy\10015_right.jpeg,diabetic_retinopathy/10015_right.jpeg,diabetic_retinopathy,512,512,3,8f21db9c35315ab9d6ceaa785726ac0f,10015,train
10017_left.jpeg,C:\projects\retina-ai-ocular-disease-classification\archive\dataset\diabetic_retinopathy\10017_left.jpeg,diabetic_retinopathy/10017_left.jpeg,diabetic_retinopathy,512,512,3,457efba2d02f04208baa9e8065c40251,10017,train
10017_right.jpeg,C:\projects\retina-ai-ocular-disease-classification\archive\dataset\diabetic_retinopathy\10017_right.jpeg,diabetic_retinopathy/10017_right.jpeg,diabetic_retinopathy,512,512,3,2441fdf66df6bf932b58fe5f5616d253,10017,train
10029_left.jpeg,C:\projects\retina-ai-ocular-disease-classification\archive\dataset\diabetic_retinopathy\10029_left.jpeg,diabetic_retinopathy/10029_left.jpeg,diabetic_retinopathy,512,512,3,a285f19c355abad7a377e396aeded519,10029,train
10029_right.jpeg,C:\projects\retina-ai-ocular-disease-classification\archive\dataset\diabetic_retinopathy\10029_right.jpeg,diabetic_retinopathy/10029_right.jpeg,diabetic_retinopathy,512,512,3,665656f388927f1d67985b709eb93507,10029,train
10030_left.jpeg,C:\projects\retina-ai-ocular-disease-classification\archive\dataset\diabetic_retinopathy\10030_left.jpeg,diabetic_retinopathy/10030_left.jpeg,diabetic_retinopathy,512,512,3,bf424b62dc162b2e77e4ea20d45c9296,10030,train
10030_right.jpeg,C:\projects\retina-ai-ocular-disease-classification\archive\dataset\diabetic_retinopathy\10030_right.jpeg,diabetic_retinopathy/10030_right.jpeg,diabetic_retinopathy,512,512,3,264c80da1b23af2818bb4e260004ffe6,10030,train
10032_left.jpeg,C:\projects\retina-ai-ocular-disease-classification\archive\dataset\diabetic_retinopathy\10032_left.jpeg,diabetic_retinopathy/10032_left.jpeg,diabetic_retinopathy,512,512,3,43b62417e9c46029abf3f26da11daa00,10032,train
10032_right.jpeg,C:\projects\retina-ai-ocular-disease-classification\archive\dataset\diabetic_retinopathy\10032_right.jpeg,diabetic_retinopathy/10032_right.jpeg,diabetic_retinopathy,512,512,3,3ec10b585445a5a9a6b858eabbf82414,10032,train
10035_left.jpeg,C:\projects\retina-ai-ocular-disease-classification\archive\dataset\diabetic_retinopathy\10035_left.jpeg,diabetic_retinopathy/10035_left.jpeg,diabetic_retinopathy,512,512,3,9c6ef05bc501f9cc33d988ead68ea16c,10035,train
10035_right.jpeg,C:\projects\retina-ai-ocular-disease-classification\archive\dataset\diabetic_retinopathy\10035_right.jpeg,diabetic_retinopathy/10035_right.jpeg,diabetic_retinopathy,512,512,3,97657de8f28f24b808541f0fca00cc90,10035,train
10042_left.jpeg,C:\projects\retina-ai-ocular-disease-classification\archive\dataset\diabetic_retinopathy\10042_left.jpeg,diabetic_retinopathy/10042_left.jpeg,diabetic_retinopathy,512,512,3,81c161e96e6a1d1ecf09b28da19fa98a,10042,train
10042_right.jpeg,C:\projects\retina-ai-ocular-disease-classification\archive\dataset\diabetic_retinopathy\10042_right.jpeg,diabetic_retinopathy/10042_right.jpeg,diabetic_retinopathy,512,512,3,6340c49023151f252bc03565f412ebe5,10042,train
10046_left.jpeg,C:\projects\retina-ai-ocular-disease-classification\archive\dataset\diabetic_retinopathy\10046_left.jpeg,diabetic_retinopathy/10046_left.jpeg,diabetic_retinopathy,512,512,3,b8e2a6b9ce288bc65bee9ff97b54b1b1,10046,train
10046_right.jpeg,C:\projects\retina-ai-ocular-disease-classification\archive\dataset\diabetic_retinopathy\10046_right.jpeg,diabetic_retinopathy/10046_right.jpeg,diabetic_retinopathy,512,512,3,f11c8b2cc7fb25cdd22a7d965af99fd2,10046,train
10047_right.jpeg,C:\projects\retina-ai-ocular-disease-classification\archive\dataset\diabetic_retinopathy\10047_right.jpeg,diabetic_retinopathy/10047_right.jpeg,diabetic_retinopathy,512,512,3,e171a27d3160df470c85b5c83a3f6c2c,10047,train
10050_left.jpeg,C:\projects\retina-ai-ocular-disease-classification\archive\dataset\diabetic_retinopathy\10050_left.jpeg,diabetic_retinopathy/10050_left.jpeg,diabetic_retinopathy,512,512,3,b4b7b4703856fcd08ddd638e6ec208f5,10050,train
10050_right.jpeg,C:\projects\retina-ai-ocular-disease-classification\archive\dataset\diabetic_retinopathy\10050_right.jpeg,diabetic_retinopathy/10050_right.jpeg,diabetic_retinopathy,512,512,3,073592633f19b6007c11f76e9289b43b,10050,train
10053_left.jpeg,C:\projects\retina-ai-ocular-disease-classification\archive\dataset\diabetic_retinopathy\10053_left.jpeg,diabetic_retinopathy/10053_left.jpeg,diabetic_retinopathy,512,512,3,2e55055c9980ab5910421c5ab2308fea,10053,train
10053_right.jpeg,C:\projects\retina-ai-ocular-disease-classification\archive\dataset\diabetic_retinopathy\10053_right.jpeg,diabetic_retinopathy/10053_right.jpeg,diabetic_retinopathy,512,512,3,5db7910d707a985e6bfa9b23c3e943f0,10053,train
10058_left.jpeg,C:\projects\retina-ai-ocular-disease-classification\archive\dataset\diabetic_retinopathy\10058_left.jpeg,diabetic_retinopathy/10058_left.jpeg,diabetic_retinopathy,512,512,3,532656c0279e03bda0403d61385f72cc,10058,train
10058_right.jpeg,C:\projects\retina-ai-ocular-disease-classification\archive\dataset\diabetic_retinopathy\10058_right.jpeg,diabetic_retinopathy/10058_right.jpeg,diabetic_retinopathy,512,512,3,9d258c212d39a36c215ee181334c30a5,10058,train
10059_left.jpeg,C:\projects\retina-ai-ocular-disease-classification\archive\dataset\diabetic_retinopathy\10059_left.jpeg,diabetic_retinopathy/10059_left.jpeg,diabetic_retinopathy,512,512,3,3043aa8b281f61a97e3214841b026739,10059,train
10059_right.jpeg,C:\projects\retina-ai-ocular-disease-classification\archive\dataset\diabetic_retinopathy\10059_right.jpeg,diabetic_retinopathy/10059_right.jpeg,diabetic_retinopathy,512,512,3,2ffd60b09a226bdf244d0cf696bfcffd,10059,train
10069_left.jpeg,C:\projects\retina-ai-ocular-disease-classification\archive\dataset\diabetic_retinopathy\10069_left.jpeg,diabetic_retinopathy/10069_left.jpeg,diabetic_retinopathy,512,512,3,42e0b639a860c997dd884118a9867e17,10069,train
10069_right.jpeg,C:\projects\retina-ai-ocular-disease-classification\archive\dataset\diabetic_retinopathy\10069_right.jpeg,diabetic_retinopathy/10069_right.jpeg,diabetic_retinopathy,512,512,3,f2a9df62e57cc1dda089fee038b6e52a,10069,train
10078_left.jpeg,C:\projects\retina-ai-ocular-disease-classification\archive\dataset\diabetic_retinopathy\10078_left.jpeg,diabetic_retinopathy/10078_left.jpeg,diabetic_retinopathy,512,512,3,9b30c3e68d330bfc3f4f2502cd38a93f,10078,train
10078_right.jpeg,C:\projects\retina-ai-ocular-disease-classification\archive\dataset\diabetic_retinopathy\10078_right.jpeg,diabetic_retinopathy/10078_right.jpeg,diabetic_retinopathy,512,512,3,169b7342ea2885ddf672138273ca054f,10078,train
10095_left.jpeg,C:\projects\retina-ai-ocular-disease-classification\archive\dataset\diabetic_retinopathy\10095_left.jpeg,diabetic_retinopathy/10095_left.jpeg,diabetic_retinopathy,512,512,3,977184aa30ce54372626e90b699b23a7,10095,train
10095_right.jpeg,C:\projects\retina-ai-ocular-disease-classification\archive\dataset\diabetic_retinopathy\10095_right.jpeg,diabetic_retinopathy/10095_right.jpeg,diabetic_retinopathy,512,512,3,d760c82a3f38e9d085ab60d1a0dce51e,10095,train
10099_left.jpeg,C:\projects\retina-ai-ocular-disease-classification\archive\dataset\diabetic_retinopathy\10099_left.jpeg,diabetic_retinopathy/10099_left.jpeg,diabetic_retinopathy,512,512,3,a2b460762292719fd63a386481d560ca,10099,train
10099_right.jpeg,C:\projects\retina-ai-ocular-disease-classification\archive\dataset\diabetic_retinopathy\10099_right.jpeg,diabetic_retinopathy/10099_right.jpeg,diabetic_retinopathy,512,512,3,598f43494af8113af036a94a11703e9c,10099,train
100_left.jpeg,C:\projects\retina-ai-ocular-disease-classification\archive\dataset\diabetic_retinopathy\100_left.jpeg,diabetic_retinopathy/100_left.jpeg,diabetic_retinopathy,512,512,3,3ce6f06c1050d80012a6f85b6d3958f5,100,train
100_right.jpeg,C:\projects\retina-ai-ocular-disease-classification\archive\dataset\diabetic_retinopathy\100_right.jpeg,diabetic_retinopathy/100_right.jpeg,diabetic_retinopathy,512,512,3,7e21c7c691e926656965db1206bee383,100,train
10100_right.jpeg,C:\projects\retina-ai-ocular-disease-classification\archive\dataset\diabetic_retinopathy\10100_right.jpeg,diabetic_retinopathy/10100_right.jpeg,diabetic_retinopathy,512,512,3,8a0d944478190e3bf8ad87c45236e905,10100,train
10104_right.jpeg,C:\projects\retina-ai-ocular-disease-classification\archive\dataset\diabetic_retinopathy\10104_right.jpeg,diabetic_retinopathy/10104_right.jpeg,diabetic_retinopathy,512,512,3,5c73a7fc47f93053263a23ff884a5d58,10104,train
10109_left.jpeg,C:\projects\retina-ai-ocular-disease-classification\archive\dataset\diabetic_retinopathy\10109_left.jpeg,diabetic_retinopathy/10109_left.jpeg,diabetic_retinopathy,512,512,3,127266ba28d0ff120ca0bd7652177d0b,10109,train
10109_right.jpeg,C:\projects\retina-ai-ocular-disease-classification\archive\dataset\diabetic_retinopathy\10109_right.jpeg,diabetic_retinopathy/10109_right.jpeg,diabetic_retinopathy,512,512,3,f7d28999e5742f729dccc96e3bb1d375,10109,train
10115_left.jpeg,C:\projects\retina-ai-ocular-disease-classification\archive\dataset\diabetic_retinopathy\10115_left.jpeg,diabetic_retinopathy/10115_left.jpeg,diabetic_retinopathy,512,512,3,eeb29f1ba2c7e4b6030903bfb14e11c5,10115,train
10115_right.jpeg,C:\projects\retina-ai-ocular-disease-classification\archive\dataset\diabetic_retinopathy\10115_right.jpeg,diabetic_retinopathy/10115_right.jpeg,diabetic_retinopathy,512,512,3,0e5790ffde2ec2c18996b73f1d0b7364,10115,train
10116_left.jpeg,C:\projects\retina-ai-ocular-disease-classification\archive\dataset\diabetic_retinopathy\10116_left.jpeg,diabetic_retinopathy/10116_left.jpeg,diabetic_retinopathy,512,512,3,8bc1678cfa010946e19bcdfdada3f1da,10116,train
10116_right.jpeg,C:\projects\retina-ai-ocular-disease-classification\archive\dataset\diabetic_retinopathy\10116_right.jpeg,diabetic_retinopathy/10116_right.jpeg,diabetic_retinopathy,512,512,3,b0cca056c416623dbd9b4944be5c745c,10116,train
10124_left.jpeg,C:\projects\retina-ai-ocular-disease-classification\archive\dataset\diabetic_retinopathy\10124_left.jpeg,diabetic_retinopathy/10124_left.jpeg,diabetic_retinopathy,512,512,3,ac9a38d18f4ca59724d34b3f2cdad583,10124,train
10124_right.jpeg,C:\projects\retina-ai-ocular-disease-classification\archive\dataset\diabetic_retinopathy\10124_right.jpeg,diabetic_retinopathy/10124_right.jpeg,diabetic_retinopathy,512,512,3,6c628982d78aee4f5aa803d4e4d4bc33,10124,train
10129_left.jpeg,C:\projects\retina-ai-ocular-disease-classification\archive\dataset\diabetic_retinopathy\10129_left.jpeg,diabetic_retinopathy/10129_left.jpeg,diabetic_retinopathy,512,512,3,154cf36a3186f69c40866624a5c40eae,10129,train
10129_right.jpeg,C:\projects\retina-ai-ocular-disease-classification\archive\dataset\diabetic_retinopathy\10129_right.jpeg,diabetic_retinopathy/10129_right.jpeg,diabetic_retinopathy,512,512,3,d82432203e800bbe258166d856cd5f20,10129,train
1012_left.jpeg,C:\projects\retina-ai-ocular-disease-classification\archive\dataset\diabetic_retinopathy\1012_left.jpeg,diabetic_retinopathy/1012_left.jpeg,diabetic_retinopathy,512,512,3,0448c334f85c2890eaa754a3998cbe43,1012,train
1012_right.jpeg,C:\projects\retina-ai-ocular-disease-classification\archive\dataset\diabetic_retinopathy\1012_right.jpeg,diabetic_retinopathy/1012_right.jpeg,diabetic_retinopathy,512,512,3,d97dafaa3d8163fa2d612b44b8620a38,1012,train
10130_left.jpeg,C:\projects\retina-ai-ocular-disease-classification\archive\dataset\diabetic_retinopathy\10130_left.jpeg,diabetic_retinopathy/10130_left.jpeg,diabetic_retinopathy,512,512,3,e00ff80ed2ccc00e5eb5f31716bc6c46,10130,train
10130_right.jpeg,C:\projects\retina-ai-ocular-disease-classification\archive\dataset\diabetic_retinopathy\10130_right.jpeg,diabetic_retinopathy/10130_right.jpeg,diabetic_retinopathy,512,512,3,7ca87e721a5017abe559c735a9b0487f,10130,train
10135_left.jpeg,C:\projects\retina-ai-ocular-disease-classification\archive\dataset\diabetic_retinopathy\10135_left.jpeg,diabetic_retinopathy/10135_left.jpeg,diabetic_retinopathy,512,512,3,7893cbdf143c2e94c016d51e46cd8c97,10135,train
10141_left.jpeg,C:\projects\retina-ai-ocular-disease-classification\archive\dataset\diabetic_retinopathy\10141_left.jpeg,diabetic_retinopathy/10141_left.jpeg,diabetic_retinopathy,512,512,3,dc3dcbbf26501ea1b746506ae2e96875,10141,train
10149_left.jpeg,C:\projects\retina-ai-ocular-disease-classification\archive\dataset\diabetic_retinopathy\10149_left.jpeg,diabetic_retinopathy/10149_left.jpeg,diabetic_retinopathy,512,512,3,be8a4bb7a56917084d7dfb5df16175b2,10149,train
10149_right.jpeg,C:\projects\retina-ai-ocular-disease-classification\archive\dataset\diabetic_retinopathy\10149_right.jpeg,diabetic_retinopathy/10149_right.jpeg,diabetic_retinopathy,512,512,3,d2381e81842dd6f57c4757a5898651d5,10149,train
10153_left.jpeg,C:\projects\retina-ai-ocular-disease-classification\archive\dataset\diabetic_retinopathy\10153_left.jpeg,diabetic_retinopathy/10153_left.jpeg,diabetic_retinopathy,512,512,3,3d7b188862b56427830a28de442feda1,10153,train
10153_right.jpeg,C:\projects\retina-ai-ocular-disease-classification\archive\dataset\diabetic_retinopathy\10153_right.jpeg,diabetic_retinopathy/10153_right.jpeg,diabetic_retinopathy,512,512,3,71a0fa2fe1c924f012583e96068603e2,10153,train
10154_left.jpeg,C:\projects\retina-ai-ocular-disease-classification\archive\dataset\diabetic_retinopathy\10154_left.jpeg,diabetic_retinopathy/10154_left.jpeg,diabetic_retinopathy,512,512,3,451ff4c28edb125917f049da5f61dfce,10154,train
10154_right.jpeg,C:\projects\retina-ai-ocular-disease-classification\archive\dataset\diabetic_retinopathy\10154_right.jpeg,diabetic_retinopathy/10154_right.jpeg,diabetic_retinopathy,512,512,3,3f3678b37b0f5ab6949bcf0b29f9549c,10154,train
10156_left.jpeg,C:\projects\retina-ai-ocular-disease-classification\archive\dataset\diabetic_retinopathy\10156_left.jpeg,diabetic_retinopathy/10156_left.jpeg,diabetic_retinopathy,512,512,3,3af2491a289e45d623062c3527949a03,10156,train
10156_right.jpeg,C:\projects\retina-ai-ocular-disease-classification\archive\dataset\diabetic_retinopathy\10156_right.jpeg,diabetic_retinopathy/10156_right.jpeg,diabetic_retinopathy,512,512,3,0426c221dba0a7a45c4c0fea17fb61c9,10156,train
10160_left.jpeg,C:\projects\retina-ai-ocular-disease-classification\archive\dataset\diabetic_retinopathy\10160_left.jpeg,diabetic_retinopathy/10160_left.jpeg,diabetic_retinopathy,512,512,3,2daaca08621bd58cc1e531265f8322dd,10160,train
10160_right.jpeg,C:\projects\retina-ai-ocular-disease-classification\archive\dataset\diabetic_retinopathy\10160_right.jpeg,diabetic_retinopathy/10160_right.jpeg,diabetic_retinopathy,512,512,3,e72ec9120e2dcba3ddc88be6b15d703f,10160,train
10163_left.jpeg,C:\projects\retina-ai-ocular-disease-classification\archive\dataset\diabetic_retinopathy\10163_left.jpeg,diabetic_retinopathy/10163_left.jpeg,diabetic_retinopathy,512,512,3,fa7650c7a9011f140697eb41b64dc2fe,10163,train
10163_right.jpeg,C:\projects\retina-ai-ocular-disease-classification\archive\dataset\diabetic_retinopathy\10163_right.jpeg,diabetic_retinopathy/10163_right.jpeg,diabetic_retinopathy,512,512,3,293034de3c307b5633fd7445c95d3f6a,10163,train
10169_left.jpeg,C:\projects\retina-ai-ocular-disease-classification\archive\dataset\diabetic_retinopathy\10169_left.jpeg,diabetic_retinopathy/10169_left.jpeg,diabetic_retinopathy,512,512,3,b7ab3fcb48adca99b832c49a0c2bb393,10169,train
10169_right.jpeg,C:\projects\retina-ai-ocular-disease-classification\archive\dataset\diabetic_retinopathy\10169_right.jpeg,diabetic_retinopathy/10169_right.jpeg,diabetic_retinopathy,512,512,3,b5a8fe84fb5b125939d2f052238c9eb9,10169,train
10170_left.jpeg,C:\projects\retina-ai-ocular-disease-classification\archive\dataset\diabetic_retinopathy\10170_left.jpeg,diabetic_retinopathy/10170_left.jpeg,diabetic_retinopathy,512,512,3,ce022833288a5a1b22d52b6453cefef0,10170,train
10170_right.jpeg,C:\projects\retina-ai-ocular-disease-classification\archive\dataset\diabetic_retinopathy\10170_right.jpeg,diabetic_retinopathy/10170_right.jpeg,diabetic_retinopathy,512,512,3,100cbe4ecde776fcc15d99ab165f89ff,10170,train
10175_left.jpeg,C:\projects\retina-ai-ocular-disease-classification\archive\dataset\diabetic_retinopathy\10175_left.jpeg,diabetic_retinopathy/10175_left.jpeg,diabetic_retinopathy,512,512,3,cb58d33ae6904f201293c4d60af5840b,10175,train
10175_right.jpeg,C:\projects\retina-ai-ocular-disease-classification\archive\dataset\diabetic_retinopathy\10175_right.jpeg,diabetic_retinopathy/10175_right.jpeg,diabetic_retinopathy,512,512,3,c43e81c21bab0db130c9ad22629aec55,10175,train
10177_left.jpeg,C:\projects\retina-ai-ocular-disease-classification\archive\dataset\diabetic_retinopathy\10177_left.jpeg,diabetic_retinopathy/10177_left.jpeg,diabetic_retinopathy,512,512,3,3bebad991fd7408042e77a5fdaab3b84,10177,train
10177_right.jpeg,C:\projects\retina-ai-ocular-disease-classification\archive\dataset\diabetic_retinopathy\10177_right.jpeg,diabetic_retinopathy/10177_right.jpeg,diabetic_retinopathy,512,512,3,d1975fd26ee514678d950796ca6e57a9,10177,train
1017_left.jpeg,C:\projects\retina-ai-ocular-disease-classification\archive\dataset\diabetic_retinopathy\1017_left.jpeg,diabetic_retinopathy/1017_left.jpeg,diabetic_retinopathy,512,512,3,2a122169828f4601cbc9859e6ddfe558,1017,train
1017_right.jpeg,C:\projects\retina-ai-ocular-disease-classification\archive\dataset\diabetic_retinopathy\1017_right.jpeg,diabetic_retinopathy/1017_right.jpeg,diabetic_retinopathy,512,512,3,5688a91f9c6d282cf240926969c71b7d,1017,train
10182_left.jpeg,C:\projects\retina-ai-ocular-disease-classification\archive\dataset\diabetic_retinopathy\10182_left.jpeg,diabetic_retinopathy/10182_left.jpeg,diabetic_retinopathy,512,512,3,d08c99aa8ba7ac7c9b32fa84cf14ce29,10182,train
10183_left.jpeg,C:\projects\retina-ai-ocular-disease-classification\archive\dataset\diabetic_retinopathy\10183_left.jpeg,diabetic_retinopathy/10183_left.jpeg,diabetic_retinopathy,512,512,3,a8cad3bb325c69d17ab72c7f6b94fa07,10183,train
10183_right.jpeg,C:\projects\retina-ai-ocular-disease-classification\archive\dataset\diabetic_retinopathy\10183_right.jpeg,diabetic_retinopathy/10183_right.jpeg,diabetic_retinopathy,512,512,3,ac7c6401fee17246991b90761bec6033,10183,train
10206_right.jpeg,C:\projects\retina-ai-ocular-disease-classification\archive\dataset\diabetic_retinopathy\10206_right.jpeg,diabetic_retinopathy/10206_right.jpeg,diabetic_retinopathy,512,512,3,50b0fc994ccc53d68006cafc72859452,10206,train
10207_right.jpeg,C:\projects\retina-ai-ocular-disease-classification\archive\dataset\diabetic_retinopathy\10207_right.jpeg,diabetic_retinopathy/10207_right.jpeg,diabetic_retinopathy,512,512,3,03e80fe9d6ab34ea47c548f628f54ef9,10207,train
1020_left.jpeg,C:\projects\retina-ai-ocular-disease-classification\archive\dataset\diabetic_retinopathy\1020_left.jpeg,diabetic_retinopathy/1020_left.jpeg,diabetic_retinopathy,512,512,3,ad73ca7b8e55b19f1d81137d5344bf6f,1020,train
1020_right.jpeg,C:\projects\retina-ai-ocular-disease-classification\archive\dataset\diabetic_retinopathy\1020_right.jpeg,diabetic_retinopathy/1020_right.jpeg,diabetic_retinopathy,512,512,3,ed6d8b983765ac1a0a126ce472d6eee4,1020,train
10221_left.jpeg,C:\projects\retina-ai-ocular-disease-classification\archive\dataset\diabetic_retinopathy\10221_left.jpeg,diabetic_retinopathy/10221_left.jpeg,diabetic_retinopathy,512,512,3,2d0ace35fdf073e9c3638e03ed735f36,10221,train
10221_right.jpeg,C:\projects\retina-ai-ocular-disease-classification\archive\dataset\diabetic_retinopathy\10221_right.jpeg,diabetic_retinopathy/10221_right.jpeg,diabetic_retinopathy,512,512,3,8fe04418e12a0b3df06e9a1e816be6cc,10221,train
10230_left.jpeg,C:\projects\retina-ai-ocular-disease-classification\archive\dataset\diabetic_retinopathy\10230_left.jpeg,diabetic_retinopathy/10230_left.jpeg,diabetic_retinopathy,512,512,3,a3cde30f27e74a941bc03ab8ca7248c3,10230,train
10230_right.jpeg,C:\projects\retina-ai-ocular-disease-classification\archive\dataset\diabetic_retinopathy\10230_right.jpeg,diabetic_retinopathy/10230_right.jpeg,diabetic_retinopathy,512,512,3,ddddcde62702853321054b0e29563b05,10230,train
10233_left.jpeg,C:\projects\retina-ai-ocular-disease-classification\archive\dataset\diabetic_retinopathy\10233_left.jpeg,diabetic_retinopathy/10233_left.jpeg,diabetic_retinopathy,512,512,3,fe09dd51afa448e831651837b0cbe1f6,10233,train
10233_right.jpeg,C:\projects\retina-ai-ocular-disease-classification\archive\dataset\diabetic_retinopathy\10233_right.jpeg,diabetic_retinopathy/10233_right.jpeg,diabetic_retinopathy,512,512,3,545491b21c568ecd6b4f371e845add58,10233,train
10234_left.jpeg,C:\projects\retina-ai-ocular-disease-classification\archive\dataset\diabetic_retinopathy\10234_left.jpeg,diabetic_retinopathy/10234_left.jpeg,diabetic_retinopathy,512,512,3,afce76c7b72531f78599f4580e0b8cb5,10234,train
10234_right.jpeg,C:\projects\retina-ai-ocular-disease-classification\archive\dataset\diabetic_retinopathy\10234_right.jpeg,diabetic_retinopathy/10234_right.jpeg,diabetic_retinopathy,512,512,3,7d82d3d3fbd3797e826fcfc6717e062d,10234,train
10241_left.jpeg,C:\projects\retina-ai-ocular-disease-classification\archive\dataset\diabetic_retinopathy\10241_left.jpeg,diabetic_retinopathy/10241_left.jpeg,diabetic_retinopathy,512,512,3,88ac7e905cf5bae61f426d862f59619a,10241,train
10241_right.jpeg,C:\projects\retina-ai-ocular-disease-classification\archive\dataset\diabetic_retinopathy\10241_right.jpeg,diabetic_retinopathy/10241_right.jpeg,diabetic_retinopathy,512,512,3,f787e8084e795758ba0d1a9e1746f122,10241,train
10242_left.jpeg,C:\projects\retina-ai-ocular-disease-classification\archive\dataset\diabetic_retinopathy\10242_left.jpeg,diabetic_retinopathy/10242_left.jpeg,diabetic_retinopathy,512,512,3,77d255f158c4b4a1463edc0f4931e299,10242,train
10242_right.jpeg,C:\projects\retina-ai-ocular-disease-classification\archive\dataset\diabetic_retinopathy\10242_right.jpeg,diabetic_retinopathy/10242_right.jpeg,diabetic_retinopathy,512,512,3,e09ee3b1540a67d8f695f4a2d1dc2f77,10242,train
10243_left.jpeg,C:\projects\retina-ai-ocular-disease-classification\archive\dataset\diabetic_retinopathy\10243_left.jpeg,diabetic_retinopathy/10243_left.jpeg,diabetic_retinopathy,512,512,3,fda17d6bad16baceb2df1d0718d0ea7c,10243,train
10243_right.jpeg,C:\projects\retina-ai-ocular-disease-classification\archive\dataset\diabetic_retinopathy\10243_right.jpeg,diabetic_retinopathy/10243_right.jpeg,diabetic_retinopathy,512,512,3,c34934c0fb10cac7315669f3265dc0da,10243,train
10244_left.jpeg,C:\projects\retina-ai-ocular-disease-classification\archive\dataset\diabetic_retinopathy\10244_left.jpeg,diabetic_retinopathy/10244_left.jpeg,diabetic_retinopathy,512,512,3,203a6d5cba460e6d8ea099a86cce67db,10244,train
1024_left.jpeg,C:\projects\retina-ai-ocular-disease-classification\archive\dataset\diabetic_retinopathy\1024_left.jpeg,diabetic_retinopathy/1024_left.jpeg,diabetic_retinopathy,512,512,3,dcfbc90a6ffd522f910b370959c72a0e,1024,train
1024_right.jpeg,C:\projects\retina-ai-ocular-disease-classification\archive\dataset\diabetic_retinopathy\1024_right.jpeg,diabetic_retinopathy/1024_right.jpeg,diabetic_retinopathy,512,512,3,752c10b39b07e680dda913386d00ce00,1024,train
10251_right.jpeg,C:\projects\retina-ai-ocular-disease-classification\archive\dataset\diabetic_retinopathy\10251_right.jpeg,diabetic_retinopathy/10251_right.jpeg,diabetic_retinopathy,512,512,3,a97e2656990a6cee041ca0547ddc2bdd,10251,train
10252_left.jpeg,C:\projects\retina-ai-ocular-disease-classification\archive\dataset\diabetic_retinopathy\10252_left.jpeg,diabetic_retinopathy/10252_left.jpeg,diabetic_retinopathy,512,512,3,fa37838e2af40b745fed61c758aba8e5,10252,train
10252_right.jpeg,C:\projects\retina-ai-ocular-disease-classification\archive\dataset\diabetic_retinopathy\10252_right.jpeg,diabetic_retinopathy/10252_right.jpeg,diabetic_retinopathy,512,512,3,0a971d3ccaa964e8e1c2245ea8b06052,10252,train
10255_left.jpeg,C:\projects\retina-ai-ocular-disease-classification\archive\dataset\diabetic_retinopathy\10255_left.jpeg,diabetic_retinopathy/10255_left.jpeg,diabetic_retinopathy,512,512,3,ab68377c5d4924ce034395c3160e2faa,10255,train
10255_right.jpeg,C:\projects\retina-ai-ocular-disease-classification\archive\dataset\diabetic_retinopathy\10255_right.jpeg,diabetic_retinopathy/10255_right.jpeg,diabetic_retinopathy,512,512,3,d4d57734c545a0d274b8ad20b7805096,10255,train
10257_left.jpeg,C:\projects\retina-ai-ocular-disease-classification\archive\dataset\diabetic_retinopathy\10257_left.jpeg,diabetic_retinopathy/10257_left.jpeg,diabetic_retinopathy,512,512,3,2fc1b93685db412b884c07d28efd7e7c,10257,train
10257_right.jpeg,C:\projects\retina-ai-ocular-disease-classification\archive\dataset\diabetic_retinopathy\10257_right.jpeg,diabetic_retinopathy/10257_right.jpeg,diabetic_retinopathy,512,512,3,58f67920b18bc3ce42a340b9574933fc,10257,train
10263_left.jpeg,C:\projects\retina-ai-ocular-disease-classification\archive\dataset\diabetic_retinopathy\10263_left.jpeg,diabetic_retinopathy/10263_left.jpeg,diabetic_retinopathy,512,512,3,a0fe42ceceec0c9675df4618e0dbb841,10263,train
10263_right.jpeg,C:\projects\retina-ai-ocular-disease-classification\archive\dataset\diabetic_retinopathy\10263_right.jpeg,diabetic_retinopathy/10263_right.jpeg,diabetic_retinopathy,512,512,3,ee586db742f81e5444876db28ee9b201,10263,train
10266_left.jpeg,C:\projects\retina-ai-ocular-disease-classification\archive\dataset\diabetic_retinopathy\10266_left.jpeg,diabetic_retinopathy/10266_left.jpeg,diabetic_retinopathy,512,512,3,58ccbffed1f80406e39485f9b31e4b83,10266,train
10266_right.jpeg,C:\projects\retina-ai-ocular-disease-classification\archive\dataset\diabetic_retinopathy\10266_right.jpeg,diabetic_retinopathy/10266_right.jpeg,diabetic_retinopathy,512,512,3,e53b41cbf5ee6d0cb4076ffd9bdad24a,10266,train
10272_left.jpeg,C:\projects\retina-ai-ocular-disease-classification\archive\dataset\diabetic_retinopathy\10272_left.jpeg,diabetic_retinopathy/10272_left.jpeg,diabetic_retinopathy,512,512,3,5dcfc53c58536a6384a414afbd947992,10272,train
10272_right.jpeg,C:\projects\retina-ai-ocular-disease-classification\archive\dataset\diabetic_retinopathy\10272_right.jpeg,diabetic_retinopathy/10272_right.jpeg,diabetic_retinopathy,512,512,3,d52488aaf60d5f610ad6d6f902cfba6c,10272,train
10276_left.jpeg,C:\projects\retina-ai-ocular-disease-classification\archive\dataset\diabetic_retinopathy\10276_left.jpeg,diabetic_retinopathy/10276_left.jpeg,diabetic_retinopathy,512,512,3,b16d866ea8ee83223ba890f58860a385,10276,train
10279_left.jpeg,C:\projects\retina-ai-ocular-disease-classification\archive\dataset\diabetic_retinopathy\10279_left.jpeg,diabetic_retinopathy/10279_left.jpeg,diabetic_retinopathy,512,512,3,096bfbf90a80ebc7a1349cb313eddeaf,10279,train
10279_right.jpeg,C:\projects\retina-ai-ocular-disease-classification\archive\dataset\diabetic_retinopathy\10279_right.jpeg,diabetic_retinopathy/10279_right.jpeg,diabetic_retinopathy,512,512,3,316c6b47f643eb845d663699de6e3a55,10279,train
1027_left.jpeg,C:\projects\retina-ai-ocular-disease-classification\archive\dataset\diabetic_retinopathy\1027_left.jpeg,diabetic_retinopathy/1027_left.jpeg,diabetic_retinopathy,512,512,3,6e78fe545a0014762018a8264736c340,1027,train
1027_right.jpeg,C:\projects\retina-ai-ocular-disease-classification\archive\dataset\diabetic_retinopathy\1027_right.jpeg,diabetic_retinopathy/1027_right.jpeg,diabetic_retinopathy,512,512,3,cda8cdd8f30f868114a180d9693adfdf,1027,train
10284_left.jpeg,C:\projects\retina-ai-ocular-disease-classification\archive\dataset\diabetic_retinopathy\10284_left.jpeg,diabetic_retinopathy/10284_left.jpeg,diabetic_retinopathy,512,512,3,9b7c1a8be8986e4e0412a5fee9fde0e5,10284,train
10284_right.jpeg,C:\projects\retina-ai-ocular-disease-classification\archive\dataset\diabetic_retinopathy\10284_right.jpeg,diabetic_retinopathy/10284_right.jpeg,diabetic_retinopathy,512,512,3,d4a04670770e2389fe65a07da0c571f4,10284,train
10293_left.jpeg,C:\projects\retina-ai-ocular-disease-classification\archive\dataset\diabetic_retinopathy\10293_left.jpeg,diabetic_retinopathy/10293_left.jpeg,diabetic_retinopathy,512,512,3,1d560c06ca4aa01ab43628a604da21a7,10293,train
10293_right.jpeg,C:\projects\retina-ai-ocular-disease-classification\archive\dataset\diabetic_retinopathy\10293_right.jpeg,diabetic_retinopathy/10293_right.jpeg,diabetic_retinopathy,512,512,3,f60040cdf8326d01cfd6b55185a795cd,10293,train
10294_left.jpeg,C:\projects\retina-ai-ocular-disease-classification\archive\dataset\diabetic_retinopathy\10294_left.jpeg,diabetic_retinopathy/10294_left.jpeg,diabetic_retinopathy,512,512,3,be35d923ef3bc28babb5533cef0d3050,10294,train
10294_right.jpeg,C:\projects\retina-ai-ocular-disease-classification\archive\dataset\diabetic_retinopathy\10294_right.jpeg,diabetic_retinopathy/10294_right.jpeg,diabetic_retinopathy,512,512,3,efa328cff2de2fb3fffb370ffc4b3bb6,10294,train
102_left.jpeg,C:\projects\retina-ai-ocular-disease-classification\archive\dataset\diabetic_retinopathy\102_left.jpeg,diabetic_retinopathy/102_left.jpeg,diabetic_retinopathy,512,512,3,dee4c7c581e883e56168d9116c2d9651,102,train
10305_left.jpeg,C:\projects\retina-ai-ocular-disease-classification\archive\dataset\diabetic_retinopathy\10305_left.jpeg,diabetic_retinopathy/10305_left.jpeg,diabetic_retinopathy,512,512,3,40661797962de971f9436e8973973f85,10305,train
10305_right.jpeg,C:\projects\retina-ai-ocular-disease-classification\archive\dataset\diabetic_retinopathy\10305_right.jpeg,diabetic_retinopathy/10305_right.jpeg,diabetic_retinopathy,512,512,3,eb8da1d3b3e01f824e55a47f538987da,10305,train
10306_left.jpeg,C:\projects\retina-ai-ocular-disease-classification\archive\dataset\diabetic_retinopathy\10306_left.jpeg,diabetic_retinopathy/10306_left.jpeg,diabetic_retinopathy,512,512,3,03280224b608309a2a9c8bd62e040963,10306,train
10306_right.jpeg,C:\projects\retina-ai-ocular-disease-classification\archive\dataset\diabetic_retinopathy\10306_right.jpeg,diabetic_retinopathy/10306_right.jpeg,diabetic_retinopathy,512,512,3,9e6492cdbbb3293e639e5badf164a271,10306,train
1030_left.jpeg,C:\projects\retina-ai-ocular-disease-classification\archive\dataset\diabetic_retinopathy\1030_left.jpeg,diabetic_retinopathy/1030_left.jpeg,diabetic_retinopathy,512,512,3,4f5ad2beb2c65e80e6bee81dd56352aa,1030,train
1030_right.jpeg,C:\projects\retina-ai-ocular-disease-classification\archive\dataset\diabetic_retinopathy\1030_right.jpeg,diabetic_retinopathy/1030_right.jpeg,diabetic_retinopathy,512,512,3,a3432ce4d62fc1eeecc7806f0fec504f,1030,train
10310_left.jpeg,C:\projects\retina-ai-ocular-disease-classification\archive\dataset\diabetic_retinopathy\10310_left.jpeg,diabetic_retinopathy/10310_left.jpeg,diabetic_retinopathy,512,512,3,fd2e59c0ef6d47e3fdf91b93d92499f6,10310,train
10310_right.jpeg,C:\projects\retina-ai-ocular-disease-classification\archive\dataset\diabetic_retinopathy\10310_right.jpeg,diabetic_retinopathy/10310_right.jpeg,diabetic_retinopathy,512,512,3,6d91cb213c5335d44513418f86d2c23c,10310,train
10317_left.jpeg,C:\projects\retina-ai-ocular-disease-classification\archive\dataset\diabetic_retinopathy\10317_left.jpeg,diabetic_retinopathy/10317_left.jpeg,diabetic_retinopathy,512,512,3,12b442930e4ebda78f2561fb8c68ebe6,10317,train
10317_right.jpeg,C:\projects\retina-ai-ocular-disease-classification\archive\dataset\diabetic_retinopathy\10317_right.jpeg,diabetic_retinopathy/10317_right.jpeg,diabetic_retinopathy,512,512,3,e5bb8d4ea7acca10db7a53c9ebc7fbdc,10317,train
10325_left.jpeg,C:\projects\retina-ai-ocular-disease-classification\archive\dataset\diabetic_retinopathy\10325_left.jpeg,diabetic_retinopathy/10325_left.jpeg,diabetic_retinopathy,512,512,3,5942ec13dbcdd7ad51e5379ca4654897,10325,train
10325_right.jpeg,C:\projects\retina-ai-ocular-disease-classification\archive\dataset\diabetic_retinopathy\10325_right.jpeg,diabetic_retinopathy/10325_right.jpeg,diabetic_retinopathy,512,512,3,18d1a1d787ee95302dd33e915e218493,10325,train
10326_left.jpeg,C:\projects\retina-ai-ocular-disease-classification\archive\dataset\diabetic_retinopathy\10326_left.jpeg,diabetic_retinopathy/10326_left.jpeg,diabetic_retinopathy,512,512,3,7f5a5dc9033490cab0c6da8c8b8e1403,10326,train
10326_right.jpeg,C:\projects\retina-ai-ocular-disease-classification\archive\dataset\diabetic_retinopathy\10326_right.jpeg,diabetic_retinopathy/10326_right.jpeg,diabetic_retinopathy,512,512,3,2c150f60bf7b190a301b185cd8f09940,10326,train
10340_left.jpeg,C:\projects\retina-ai-ocular-disease-classification\archive\dataset\diabetic_retinopathy\10340_left.jpeg,diabetic_retinopathy/10340_left.jpeg,diabetic_retinopathy,512,512,3,d946cd2226c0d11043cf9eaf3434dd3a,10340,train
10340_right.jpeg,C:\projects\retina-ai-ocular-disease-classification\archive\dataset\diabetic_retinopathy\10340_right.jpeg,diabetic_retinopathy/10340_right.jpeg,diabetic_retinopathy,512,512,3,1aeb52bb4aac4a1b55d4beff6cb6f11f,10340,train
10343_left.jpeg,C:\projects\retina-ai-ocular-disease-classification\archive\dataset\diabetic_retinopathy\10343_left.jpeg,diabetic_retinopathy/10343_left.jpeg,diabetic_retinopathy,512,512,3,776c9cfad504cb23d31c9b71c06b9a3a,10343,train
10343_right.jpeg,C:\projects\retina-ai-ocular-disease-classification\archive\dataset\diabetic_retinopathy\10343_right.jpeg,diabetic_retinopathy/10343_right.jpeg,diabetic_retinopathy,512,512,3,c06d3e615e6b43ca1563e055b841df13,10343,train
1034_left.jpeg,C:\projects\retina-ai-ocular-disease-classification\archive\dataset\diabetic_retinopathy\1034_left.jpeg,diabetic_retinopathy/1034_left.jpeg,diabetic_retinopathy,512,512,3,5ea84ce36d30eb6f081656821974ba91,1034,train
10359_left.jpeg,C:\projects\retina-ai-ocular-disease-classification\archive\dataset\diabetic_retinopathy\10359_left.jpeg,diabetic_retinopathy/10359_left.jpeg,diabetic_retinopathy,512,512,3,6fa108be2312ecde4683995f9e675506,10359,train
10359_right.jpeg,C:\projects\retina-ai-ocular-disease-classification\archive\dataset\diabetic_retinopathy\10359_right.jpeg,diabetic_retinopathy/10359_right.jpeg,diabetic_retinopathy,512,512,3,bae663e16e67918a56aab407799d24f6,10359,train
10363_left.jpeg,C:\projects\retina-ai-ocular-disease-classification\archive\dataset\diabetic_retinopathy\10363_left.jpeg,diabetic_retinopathy/10363_left.jpeg,diabetic_retinopathy,512,512,3,d3c37919ee3f2a8980c41f3b6cb20283,10363,train
10363_right.jpeg,C:\projects\retina-ai-ocular-disease-classification\archive\dataset\diabetic_retinopathy\10363_right.jpeg,diabetic_retinopathy/10363_right.jpeg,diabetic_retinopathy,512,512,3,961fa4dda3a5ac9fc1eaa226d1817f7f,10363,train
10367_left.jpeg,C:\projects\retina-ai-ocular-disease-classification\archive\dataset\diabetic_retinopathy\10367_left.jpeg,diabetic_retinopathy/10367_left.jpeg,diabetic_retinopathy,512,512,3,220c76049e9d8421742ce416e68e12b1,10367,train
10367_right.jpeg,C:\projects\retina-ai-ocular-disease-classification\archive\dataset\diabetic_retinopathy\10367_right.jpeg,diabetic_retinopathy/10367_right.jpeg,diabetic_retinopathy,512,512,3,65d8afdd78668934b22bd9a6980eee7a,10367,train
10368_left.jpeg,C:\projects\retina-ai-ocular-disease-classification\archive\dataset\diabetic_retinopathy\10368_left.jpeg,diabetic_retinopathy/10368_left.jpeg,diabetic_retinopathy,512,512,3,4500dd028b68a262f98f3e362828090d,10368,train
10368_right.jpeg,C:\projects\retina-ai-ocular-disease-classification\archive\dataset\diabetic_retinopathy\10368_right.jpeg,diabetic_retinopathy/10368_right.jpeg,diabetic_retinopathy,512,512,3,7e750d3d4bca3a1f57260349a27cb364,10368,train
10377_left.jpeg,C:\projects\retina-ai-ocular-disease-classification\archive\dataset\diabetic_retinopathy\10377_left.jpeg,diabetic_retinopathy/10377_left.jpeg,diabetic_retinopathy,512,512,3,4735b3c150bd12f3183d56065c978677,10377,train
10377_right.jpeg,C:\projects\retina-ai-ocular-disease-classification\archive\dataset\diabetic_retinopathy\10377_right.jpeg,diabetic_retinopathy/10377_right.jpeg,diabetic_retinopathy,512,512,3,a7a8f2d25b15c6919e637c69ceee172a,10377,train
1037_left.jpeg,C:\projects\retina-ai-ocular-disease-classification\archive\dataset\diabetic_retinopathy\1037_left.jpeg,diabetic_retinopathy/1037_left.jpeg,diabetic_retinopathy,512,512,3,b1663ea06cb93174187b43ebc3f37edb,1037,train
1037_right.jpeg,C:\projects\retina-ai-ocular-disease-classification\archive\dataset\diabetic_retinopathy\1037_right.jpeg,diabetic_retinopathy/1037_right.jpeg,diabetic_retinopathy,512,512,3,5bce5ed0942f3771938ccb8b105cb5b8,1037,train
10386_left.jpeg,C:\projects\retina-ai-ocular-disease-classification\archive\dataset\diabetic_retinopathy\10386_left.jpeg,diabetic_retinopathy/10386_left.jpeg,diabetic_retinopathy,512,512,3,e7ff201f121836bb8b11ffe7f3280336,10386,train
10386_right.jpeg,C:\projects\retina-ai-ocular-disease-classification\archive\dataset\diabetic_retinopathy\10386_right.jpeg,diabetic_retinopathy/10386_right.jpeg,diabetic_retinopathy,512,512,3,db8ed55879c817ffcbac7512e56d7aa2,10386,train
10391_left.jpeg,C:\projects\retina-ai-ocular-disease-classification\archive\dataset\diabetic_retinopathy\10391_left.jpeg,diabetic_retinopathy/10391_left.jpeg,diabetic_retinopathy,512,512,3,3e8c30cbe56dc613903f765ed8bffe35,10391,train
10391_right.jpeg,C:\projects\retina-ai-ocular-disease-classification\archive\dataset\diabetic_retinopathy\10391_right.jpeg,diabetic_retinopathy/10391_right.jpeg,diabetic_retinopathy,512,512,3,5a9dfb4aeedad94d393a61865a285f77,10391,train
10397_left.jpeg,C:\projects\retina-ai-ocular-disease-classification\archive\dataset\diabetic_retinopathy\10397_left.jpeg,diabetic_retinopathy/10397_left.jpeg,diabetic_retinopathy,512,512,3,0dc07a730c7b67bc3550c91fcc126733,10397,train
10397_right.jpeg,C:\projects\retina-ai-ocular-disease-classification\archive\dataset\diabetic_retinopathy\10397_right.jpeg,diabetic_retinopathy/10397_right.jpeg,diabetic_retinopathy,512,512,3,5dfb2457c7bd0683b6ca4d2add98e4e0,10397,train
10403_left.jpeg,C:\projects\retina-ai-ocular-disease-classification\archive\dataset\diabetic_retinopathy\10403_left.jpeg,diabetic_retinopathy/10403_left.jpeg,diabetic_retinopathy,512,512,3,24698d69f820c330f03a5f0e787c9529,10403,train
10407_left.jpeg,C:\projects\retina-ai-ocular-disease-classification\archive\dataset\diabetic_retinopathy\10407_left.jpeg,diabetic_retinopathy/10407_left.jpeg,diabetic_retinopathy,512,512,3,c9e2debeabe4444e8ad517d5f4051471,10407,train
10407_right.jpeg,C:\projects\retina-ai-ocular-disease-classification\archive\dataset\diabetic_retinopathy\10407_right.jpeg,diabetic_retinopathy/10407_right.jpeg,diabetic_retinopathy,512,512,3,115e274c04111936e6a9d0a3d45ebceb,10407,train
10409_right.jpeg,C:\projects\retina-ai-ocular-disease-classification\archive\dataset\diabetic_retinopathy\10409_right.jpeg,diabetic_retinopathy/10409_right.jpeg,diabetic_retinopathy,512,512,3,6d8d31e5ec4126e8d02d71c8962176f4,10409,train
10415_left.jpeg,C:\projects\retina-ai-ocular-disease-classification\archive\dataset\diabetic_retinopathy\10415_left.jpeg,diabetic_retinopathy/10415_left.jpeg,diabetic_retinopathy,512,512,3,d88b030f5ec332cbd29bf8cbd9e34ef1,10415,train
10415_right.jpeg,C:\projects\retina-ai-ocular-disease-classification\archive\dataset\diabetic_retinopathy\10415_right.jpeg,diabetic_retinopathy/10415_right.jpeg,diabetic_retinopathy,512,512,3,76c10129e4e15fa7bcc3d4ab8be7ccf2,10415,train
10416_left.jpeg,C:\projects\retina-ai-ocular-disease-classification\archive\dataset\diabetic_retinopathy\10416_left.jpeg,diabetic_retinopathy/10416_left.jpeg,diabetic_retinopathy,512,512,3,0823a387078a4f73876085922f104b92,10416,train
10416_right.jpeg,C:\projects\retina-ai-ocular-disease-classification\archive\dataset\diabetic_retinopathy\10416_right.jpeg,diabetic_retinopathy/10416_right.jpeg,diabetic_retinopathy,512,512,3,a9592fa3edcbedf04b19bc49d64ae306,10416,train
10419_left.jpeg,C:\projects\retina-ai-ocular-disease-classification\archive\dataset\diabetic_retinopathy\10419_left.jpeg,diabetic_retinopathy/10419_left.jpeg,diabetic_retinopathy,512,512,3,66ee6e776289383499c1587db76f09db,10419,train
10419_right.jpeg,C:\projects\retina-ai-ocular-disease-classification\archive\dataset\diabetic_retinopathy\10419_right.jpeg,diabetic_retinopathy/10419_right.jpeg,diabetic_retinopathy,512,512,3,9fd4eda0e24a19ffb76dbe373fb93663,10419,train
10426_left.jpeg,C:\projects\retina-ai-ocular-disease-classification\archive\dataset\diabetic_retinopathy\10426_left.jpeg,diabetic_retinopathy/10426_left.jpeg,diabetic_retinopathy,512,512,3,fe62a91940449c88ce9d01ec49db5cc3,10426,train
10426_right.jpeg,C:\projects\retina-ai-ocular-disease-classification\archive\dataset\diabetic_retinopathy\10426_right.jpeg,diabetic_retinopathy/10426_right.jpeg,diabetic_retinopathy,512,512,3,01615803a83d33b66a7429b6914a91b9,10426,train
10429_left.jpeg,C:\projects\retina-ai-ocular-disease-classification\archive\dataset\diabetic_retinopathy\10429_left.jpeg,diabetic_retinopathy/10429_left.jpeg,diabetic_retinopathy,512,512,3,c82fc6941863a14f9f829f1631646f33,10429,train
10429_right.jpeg,C:\projects\retina-ai-ocular-disease-classification\archive\dataset\diabetic_retinopathy\10429_right.jpeg,diabetic_retinopathy/10429_right.jpeg,diabetic_retinopathy,512,512,3,dcf879e0b6887451531e8a57065a7042,10429,train
1042_right.jpeg,C:\projects\retina-ai-ocular-disease-classification\archive\dataset\diabetic_retinopathy\1042_right.jpeg,diabetic_retinopathy/1042_right.jpeg,diabetic_retinopathy,512,512,3,c972cb7726a6ef114d944fe0c8251064,1042,train
10431_left.jpeg,C:\projects\retina-ai-ocular-disease-classification\archive\dataset\diabetic_retinopathy\10431_left.jpeg,diabetic_retinopathy/10431_left.jpeg,diabetic_retinopathy,512,512,3,f1cdde02b756be8a07f1d050c8e23d5e,10431,train
10431_right.jpeg,C:\projects\retina-ai-ocular-disease-classification\archive\dataset\diabetic_retinopathy\10431_right.jpeg,diabetic_retinopathy/10431_right.jpeg,diabetic_retinopathy,512,512,3,24c9801cc3212e003b9d355fa80b716b,10431,train
10444_left.jpeg,C:\projects\retina-ai-ocular-disease-classification\archive\dataset\diabetic_retinopathy\10444_left.jpeg,diabetic_retinopathy/10444_left.jpeg,diabetic_retinopathy,512,512,3,40619d53996b74f47d17ff381f5d8858,10444,train
10444_right.jpeg,C:\projects\retina-ai-ocular-disease-classification\archive\dataset\diabetic_retinopathy\10444_right.jpeg,diabetic_retinopathy/10444_right.jpeg,diabetic_retinopathy,512,512,3,588cacc833c7dfeada5c7669ea5ed06f,10444,train
10448_left.jpeg,C:\projects\retina-ai-ocular-disease-classification\archive\dataset\diabetic_retinopathy\10448_left.jpeg,diabetic_retinopathy/10448_left.jpeg,diabetic_retinopathy,512,512,3,7a6e058bcb950a04b5b5cad89c49ea16,10448,train
10448_right.jpeg,C:\projects\retina-ai-ocular-disease-classification\archive\dataset\diabetic_retinopathy\10448_right.jpeg,diabetic_retinopathy/10448_right.jpeg,diabetic_retinopathy,512,512,3,dba52a40e79f1b619a32d065f72b8b3d,10448,train
10452_left.jpeg,C:\projects\retina-ai-ocular-disease-classification\archive\dataset\diabetic_retinopathy\10452_left.jpeg,diabetic_retinopathy/10452_left.jpeg,diabetic_retinopathy,512,512,3,a56699fd6e471ecc4b6ef6049eb852f0,10452,train
10452_right.jpeg,C:\projects\retina-ai-ocular-disease-classification\archive\dataset\diabetic_retinopathy\10452_right.jpeg,diabetic_retinopathy/10452_right.jpeg,diabetic_retinopathy,512,512,3,d1683a254f2a4f4cb5ae4c4a1c2ce5eb,10452,train
10457_left.jpeg,C:\projects\retina-ai-ocular-disease-classification\archive\dataset\diabetic_retinopathy\10457_left.jpeg,diabetic_retinopathy/10457_left.jpeg,diabetic_retinopathy,512,512,3,0b7fd23bddec13f89befa99b9ec04d7c,10457,train
10457_right.jpeg,C:\projects\retina-ai-ocular-disease-classification\archive\dataset\diabetic_retinopathy\10457_right.jpeg,diabetic_retinopathy/10457_right.jpeg,diabetic_retinopathy,512,512,3,d9832952cf305985f97f0302712a95fa,10457,train
10464_left.jpeg,C:\projects\retina-ai-ocular-disease-classification\archive\dataset\diabetic_retinopathy\10464_left.jpeg,diabetic_retinopathy/10464_left.jpeg,diabetic_retinopathy,512,512,3,a860a258d7d5e21a687c2e43c7f62f3e,10464,train
10464_right.jpeg,C:\projects\retina-ai-ocular-disease-classification\archive\dataset\diabetic_retinopathy\10464_right.jpeg,diabetic_retinopathy/10464_right.jpeg,diabetic_retinopathy,512,512,3,9bd6388a7bbc979e80079f8d671a0891,10464,train
10475_left.jpeg,C:\projects\retina-ai-ocular-disease-classification\archive\dataset\diabetic_retinopathy\10475_left.jpeg,diabetic_retinopathy/10475_left.jpeg,diabetic_retinopathy,512,512,3,d6f791217a3d2ea7e515e614b95055a3,10475,train
10475_right.jpeg,C:\projects\retina-ai-ocular-disease-classification\archive\dataset\diabetic_retinopathy\10475_right.jpeg,diabetic_retinopathy/10475_right.jpeg,diabetic_retinopathy,512,512,3,fffcacfd83766042a80dca20222ce11c,10475,train
10479_left.jpeg,C:\projects\retina-ai-ocular-disease-classification\archive\dataset\diabetic_retinopathy\10479_left.jpeg,diabetic_retinopathy/10479_left.jpeg,diabetic_retinopathy,512,512,3,e91afea6edac3e08875d686a52f0672b,10479,train
10479_right.jpeg,C:\projects\retina-ai-ocular-disease-classification\archive\dataset\diabetic_retinopathy\10479_right.jpeg,diabetic_retinopathy/10479_right.jpeg,diabetic_retinopathy,512,512,3,eb6dcff6f17a1047d35928f5369f2d49,10479,train
10484_left.jpeg,C:\projects\retina-ai-ocular-disease-classification\archive\dataset\diabetic_retinopathy\10484_left.jpeg,diabetic_retinopathy/10484_left.jpeg,diabetic_retinopathy,512,512,3,84cc7b09238b51299e61c0e93380a601,10484,train
10487_left.jpeg,C:\projects\retina-ai-ocular-disease-classification\archive\dataset\diabetic_retinopathy\10487_left.jpeg,diabetic_retinopathy/10487_left.jpeg,diabetic_retinopathy,512,512,3,f957bc9dd2ade36e814b6919842918a6,10487,train
10487_right.jpeg,C:\projects\retina-ai-ocular-disease-classification\archive\dataset\diabetic_retinopathy\10487_right.jpeg,diabetic_retinopathy/10487_right.jpeg,diabetic_retinopathy,512,512,3,eb9292a6eebdfca77a342289b6b9cdd8,10487,train
10492_left.jpeg,C:\projects\retina-ai-ocular-disease-classification\archive\dataset\diabetic_retinopathy\10492_left.jpeg,diabetic_retinopathy/10492_left.jpeg,diabetic_retinopathy,512,512,3,367b3df9a535c215fe78e68bd6fef78f,10492,train
10492_right.jpeg,C:\projects\retina-ai-ocular-disease-classification\archive\dataset\diabetic_retinopathy\10492_right.jpeg,diabetic_retinopathy/10492_right.jpeg,diabetic_retinopathy,512,512,3,d792d2f093fee89dcdac9e2556133da3,10492,train
10503_left.jpeg,C:\projects\retina-ai-ocular-disease-classification\archive\dataset\diabetic_retinopathy\10503_left.jpeg,diabetic_retinopathy/10503_left.jpeg,diabetic_retinopathy,512,512,3,061af25267dc7d80aab4f592111a8b7d,10503,train
10503_right.jpeg,C:\projects\retina-ai-ocular-disease-classification\archive\dataset\diabetic_retinopathy\10503_right.jpeg,diabetic_retinopathy/10503_right.jpeg,diabetic_retinopathy,512,512,3,12c325b5235147a5fa5fe1a82b9564e1,10503,train
10504_left.jpeg,C:\projects\retina-ai-ocular-disease-classification\archive\dataset\diabetic_retinopathy\10504_left.jpeg,diabetic_retinopathy/10504_left.jpeg,diabetic_retinopathy,512,512,3,546e9c47b2005e5d919937b91e390097,10504,train
10504_right.jpeg,C:\projects\retina-ai-ocular-disease-classification\archive\dataset\diabetic_retinopathy\10504_right.jpeg,diabetic_retinopathy/10504_right.jpeg,diabetic_retinopathy,512,512,3,94487b6396ad2e6a002a063350260643,10504,train
10511_right.jpeg,C:\projects\retina-ai-ocular-disease-classification\archive\dataset\diabetic_retinopathy\10511_right.jpeg,diabetic_retinopathy/10511_right.jpeg,diabetic_retinopathy,512,512,3,1d1b7483acfab85b8832799aadb84223,10511,train
10513_left.jpeg,C:\projects\retina-ai-ocular-disease-classification\archive\dataset\diabetic_retinopathy\10513_left.jpeg,diabetic_retinopathy/10513_left.jpeg,diabetic_retinopathy,512,512,3,e93560dc2f790a0bec9145f861177770,10513,train
10513_right.jpeg,C:\projects\retina-ai-ocular-disease-classification\archive\dataset\diabetic_retinopathy\10513_right.jpeg,diabetic_retinopathy/10513_right.jpeg,diabetic_retinopathy,512,512,3,13eb4b2b18a867a2d967dabb75ef11a1,10513,train
10515_left.jpeg,C:\projects\retina-ai-ocular-disease-classification\archive\dataset\diabetic_retinopathy\10515_left.jpeg,diabetic_retinopathy/10515_left.jpeg,diabetic_retinopathy,512,512,3,1f42b0f9a16435510be299bfe000ade8,10515,train
10515_right.jpeg,C:\projects\retina-ai-ocular-disease-classification\archive\dataset\diabetic_retinopathy\10515_right.jpeg,diabetic_retinopathy/10515_right.jpeg,diabetic_retinopathy,512,512,3,affb95c32b2c0948d8809015b9fdbee6,10515,train
10521_left.jpeg,C:\projects\retina-ai-ocular-disease-classification\archive\dataset\diabetic_retinopathy\10521_left.jpeg,diabetic_retinopathy/10521_left.jpeg,diabetic_retinopathy,512,512,3,4c5d416c4616c064ecc98b6da6cb0f7d,10521,train
10523_left.jpeg,C:\projects\retina-ai-ocular-disease-classification\archive\dataset\diabetic_retinopathy\10523_left.jpeg,diabetic_retinopathy/10523_left.jpeg,diabetic_retinopathy,512,512,3,d779eb11489eb9d8ea25a3235de2532e,10523,train
10523_right.jpeg,C:\projects\retina-ai-ocular-disease-classification\archive\dataset\diabetic_retinopathy\10523_right.jpeg,diabetic_retinopathy/10523_right.jpeg,diabetic_retinopathy,512,512,3,e42c6ae3d0d2d36e7acd570a5551e116,10523,train
1052_left.jpeg,C:\projects\retina-ai-ocular-disease-classification\archive\dataset\diabetic_retinopathy\1052_left.jpeg,diabetic_retinopathy/1052_left.jpeg,diabetic_retinopathy,512,512,3,0e59d8fc7054b9ce490ee1303a876ffd,1052,train
1052_right.jpeg,C:\projects\retina-ai-ocular-disease-classification\archive\dataset\diabetic_retinopathy\1052_right.jpeg,diabetic_retinopathy/1052_right.jpeg,diabetic_retinopathy,512,512,3,987ff0a5d87e9c6e3ef0f21c06cf77a4,1052,train
10542_left.jpeg,C:\projects\retina-ai-ocular-disease-classification\archive\dataset\diabetic_retinopathy\10542_left.jpeg,diabetic_retinopathy/10542_left.jpeg,diabetic_retinopathy,512,512,3,eae0e2f8a60cc23aa0fae65c9687d9df,10542,train
10542_right.jpeg,C:\projects\retina-ai-ocular-disease-classification\archive\dataset\diabetic_retinopathy\10542_right.jpeg,diabetic_retinopathy/10542_right.jpeg,diabetic_retinopathy,512,512,3,4bbbc714b19d832cf0143f5c9ce24623,10542,train
10548_left.jpeg,C:\projects\retina-ai-ocular-disease-classification\archive\dataset\diabetic_retinopathy\10548_left.jpeg,diabetic_retinopathy/10548_left.jpeg,diabetic_retinopathy,512,512,3,a1ddbabf3188371fc25b1b015867d404,10548,train
10548_right.jpeg,C:\projects\retina-ai-ocular-disease-classification\archive\dataset\diabetic_retinopathy\10548_right.jpeg,diabetic_retinopathy/10548_right.jpeg,diabetic_retinopathy,512,512,3,2a115f7342584314c3b7c9ca0be10737,10548,train
10550_left.jpeg,C:\projects\retina-ai-ocular-disease-classification\archive\dataset\diabetic_retinopathy\10550_left.jpeg,diabetic_retinopathy/10550_left.jpeg,diabetic_retinopathy,512,512,3,ad5e87a84c5a7249a3c53235ff6edc3d,10550,train
10550_right.jpeg,C:\projects\retina-ai-ocular-disease-classification\archive\dataset\diabetic_retinopathy\10550_right.jpeg,diabetic_retinopathy/10550_right.jpeg,diabetic_retinopathy,512,512,3,c22b8a45efae5c7bd5242d7ad4402982,10550,train
1055_left.jpeg,C:\projects\retina-ai-ocular-disease-classification\archive\dataset\diabetic_retinopathy\1055_left.jpeg,diabetic_retinopathy/1055_left.jpeg,diabetic_retinopathy,512,512,3,3c42faa06e1f2c88d1a25708dd0c01eb,1055,train
1055_right.jpeg,C:\projects\retina-ai-ocular-disease-classification\archive\dataset\diabetic_retinopathy\1055_right.jpeg,diabetic_retinopathy/1055_right.jpeg,diabetic_retinopathy,512,512,3,cd6ccb654be081df11c0175fbff8013e,1055,train
10562_left.jpeg,C:\projects\retina-ai-ocular-disease-classification\archive\dataset\diabetic_retinopathy\10562_left.jpeg,diabetic_retinopathy/10562_left.jpeg,diabetic_retinopathy,512,512,3,a2fc685d68284d5a65266d5386282ab8,10562,train
10562_right.jpeg,C:\projects\retina-ai-ocular-disease-classification\archive\dataset\diabetic_retinopathy\10562_right.jpeg,diabetic_retinopathy/10562_right.jpeg,diabetic_retinopathy,512,512,3,2916b8661e8a8df64460afd686019e5d,10562,train
10563_left.jpeg,C:\projects\retina-ai-ocular-disease-classification\archive\dataset\diabetic_retinopathy\10563_left.jpeg,diabetic_retinopathy/10563_left.jpeg,diabetic_retinopathy,512,512,3,803123c18dde389330019f8bc4ab3750,10563,train
10563_right.jpeg,C:\projects\retina-ai-ocular-disease-classification\archive\dataset\diabetic_retinopathy\10563_right.jpeg,diabetic_retinopathy/10563_right.jpeg,diabetic_retinopathy,512,512,3,4c6104943dfba5df74aae0029ea9b8d7,10563,train
10569_left.jpeg,C:\projects\retina-ai-ocular-disease-classification\archive\dataset\diabetic_retinopathy\10569_left.jpeg,diabetic_retinopathy/10569_left.jpeg,diabetic_retinopathy,512,512,3,a8e52ad067d2d313d0812241b483ff6a,10569,train
10569_right.jpeg,C:\projects\retina-ai-ocular-disease-classification\archive\dataset\diabetic_retinopathy\10569_right.jpeg,diabetic_retinopathy/10569_right.jpeg,diabetic_retinopathy,512,512,3,7ce41449a0425372aa9d3f99405f9876,10569,train
10570_left.jpeg,C:\projects\retina-ai-ocular-disease-classification\archive\dataset\diabetic_retinopathy\10570_left.jpeg,diabetic_retinopathy/10570_left.jpeg,diabetic_retinopathy,512,512,3,2d526a4ea03a82e679fda39d45581dde,10570,train
10570_right.jpeg,C:\projects\retina-ai-ocular-disease-classification\archive\dataset\diabetic_retinopathy\10570_right.jpeg,diabetic_retinopathy/10570_right.jpeg,diabetic_retinopathy,512,512,3,93463ed879cdbe45e7d38c81b5863354,10570,train
10579_left.jpeg,C:\projects\retina-ai-ocular-disease-classification\archive\dataset\diabetic_retinopathy\10579_left.jpeg,diabetic_retinopathy/10579_left.jpeg,diabetic_retinopathy,512,512,3,33832ceaf8842a3aa09c5b42f46f07fe,10579,train
10579_right.jpeg,C:\projects\retina-ai-ocular-disease-classification\archive\dataset\diabetic_retinopathy\10579_right.jpeg,diabetic_retinopathy/10579_right.jpeg,diabetic_retinopathy,512,512,3,854b3417af268f4b03cafbdebd778d62,10579,train
1057_left.jpeg,C:\projects\retina-ai-ocular-disease-classification\archive\dataset\diabetic_retinopathy\1057_left.jpeg,diabetic_retinopathy/1057_left.jpeg,diabetic_retinopathy,512,512,3,96f641f8caa5f84ab82a435f7a15280b,1057,train
1057_right.jpeg,C:\projects\retina-ai-ocular-disease-classification\archive\dataset\diabetic_retinopathy\1057_right.jpeg,diabetic_retinopathy/1057_right.jpeg,diabetic_retinopathy,512,512,3,0cc35abbd50bcd8ce66d90613605f1e8,1057,train
10583_left.jpeg,C:\projects\retina-ai-ocular-disease-classification\archive\dataset\diabetic_retinopathy\10583_left.jpeg,diabetic_retinopathy/10583_left.jpeg,diabetic_retinopathy,512,512,3,5c11bad6176d053cf00995ae2082d89e,10583,train
10583_right.jpeg,C:\projects\retina-ai-ocular-disease-classification\archive\dataset\diabetic_retinopathy\10583_right.jpeg,diabetic_retinopathy/10583_right.jpeg,diabetic_retinopathy,512,512,3,b30f09b85c4be820b1006a8d3593c4fa,10583,train
10585_left.jpeg,C:\projects\retina-ai-ocular-disease-classification\archive\dataset\diabetic_retinopathy\10585_left.jpeg,diabetic_retinopathy/10585_left.jpeg,diabetic_retinopathy,512,512,3,bebb87f084bb1abf6907845867e36cd0,10585,train
10585_right.jpeg,C:\projects\retina-ai-ocular-disease-classification\archive\dataset\diabetic_retinopathy\10585_right.jpeg,diabetic_retinopathy/10585_right.jpeg,diabetic_retinopathy,512,512,3,6ff9efc52f194571fec260ba354ed6c6,10585,train
10587_left.jpeg,C:\projects\retina-ai-ocular-disease-classification\archive\dataset\diabetic_retinopathy\10587_left.jpeg,diabetic_retinopathy/10587_left.jpeg,diabetic_retinopathy,512,512,3,22a012171a7fb6d2cede5f407a18348d,10587,train
10587_right.jpeg,C:\projects\retina-ai-ocular-disease-classification\archive\dataset\diabetic_retinopathy\10587_right.jpeg,diabetic_retinopathy/10587_right.jpeg,diabetic_retinopathy,512,512,3,f2797a28fec59525bc1b6e952ae4acf8,10587,train
10592_left.jpeg,C:\projects\retina-ai-ocular-disease-classification\archive\dataset\diabetic_retinopathy\10592_left.jpeg,diabetic_retinopathy/10592_left.jpeg,diabetic_retinopathy,512,512,3,55c3466a481f95a71c3c40c028fdab50,10592,train
10592_right.jpeg,C:\projects\retina-ai-ocular-disease-classification\archive\dataset\diabetic_retinopathy\10592_right.jpeg,diabetic_retinopathy/10592_right.jpeg,diabetic_retinopathy,512,512,3,233c2c4b4817a78139ef1bfb9099d4f1,10592,train
10603_left.jpeg,C:\projects\retina-ai-ocular-disease-classification\archive\dataset\diabetic_retinopathy\10603_left.jpeg,diabetic_retinopathy/10603_left.jpeg,diabetic_retinopathy,512,512,3,ef5d913b0d624214aaeacac1533fcc37,10603,train
10606_left.jpeg,C:\projects\retina-ai-ocular-disease-classification\archive\dataset\diabetic_retinopathy\10606_left.jpeg,diabetic_retinopathy/10606_left.jpeg,diabetic_retinopathy,512,512,3,f6116846732f237a8995532a0ac4248e,10606,train
10606_right.jpeg,C:\projects\retina-ai-ocular-disease-classification\archive\dataset\diabetic_retinopathy\10606_right.jpeg,diabetic_retinopathy/10606_right.jpeg,diabetic_retinopathy,512,512,3,5e62946749699a887a50529a37b9e5c4,10606,train
10608_left.jpeg,C:\projects\retina-ai-ocular-disease-classification\archive\dataset\diabetic_retinopathy\10608_left.jpeg,diabetic_retinopathy/10608_left.jpeg,diabetic_retinopathy,512,512,3,732ea33c1eb26fdfe9a54de98bce24b5,10608,train
10610_left.jpeg,C:\projects\retina-ai-ocular-disease-classification\archive\dataset\diabetic_retinopathy\10610_left.jpeg,diabetic_retinopathy/10610_left.jpeg,diabetic_retinopathy,512,512,3,2f3a73bb822bede4b4ce23b7b5ad926c,10610,train
10610_right.jpeg,C:\projects\retina-ai-ocular-disease-classification\archive\dataset\diabetic_retinopathy\10610_right.jpeg,diabetic_retinopathy/10610_right.jpeg,diabetic_retinopathy,512,512,3,a417b794a0179ff6e04f45d2cbb1a443,10610,train
10612_left.jpeg,C:\projects\retina-ai-ocular-disease-classification\archive\dataset\diabetic_retinopathy\10612_left.jpeg,diabetic_retinopathy/10612_left.jpeg,diabetic_retinopathy,512,512,3,354f6785fa5e1a7170d6af89bf2c30b3,10612,train
10612_right.jpeg,C:\projects\retina-ai-ocular-disease-classification\archive\dataset\diabetic_retinopathy\10612_right.jpeg,diabetic_retinopathy/10612_right.jpeg,diabetic_retinopathy,512,512,3,94e7715653aa6353aa8fe43993d27b04,10612,train
10616_left.jpeg,C:\projects\retina-ai-ocular-disease-classification\archive\dataset\diabetic_retinopathy\10616_left.jpeg,diabetic_retinopathy/10616_left.jpeg,diabetic_retinopathy,512,512,3,b7a6f3211d127c90120329bab46b073c,10616,train
10616_right.jpeg,C:\projects\retina-ai-ocular-disease-classification\archive\dataset\diabetic_retinopathy\10616_right.jpeg,diabetic_retinopathy/10616_right.jpeg,diabetic_retinopathy,512,512,3,874ac99b55b73a818a3b3fe3e73059a8,10616,train
10624_left.jpeg,C:\projects\retina-ai-ocular-disease-classification\archive\dataset\diabetic_retinopathy\10624_left.jpeg,diabetic_retinopathy/10624_left.jpeg,diabetic_retinopathy,512,512,3,18accd3ac17d93fd26b1deee564b209b,10624,train
10624_right.jpeg,C:\projects\retina-ai-ocular-disease-classification\archive\dataset\diabetic_retinopathy\10624_right.jpeg,diabetic_retinopathy/10624_right.jpeg,diabetic_retinopathy,512,512,3,548588a10962573d913b9a1fe91df600,10624,train
10636_left.jpeg,C:\projects\retina-ai-ocular-disease-classification\archive\dataset\diabetic_retinopathy\10636_left.jpeg,diabetic_retinopathy/10636_left.jpeg,diabetic_retinopathy,512,512,3,f18e0c2d26cd4a07fa70e05a645e3e87,10636,train
10636_right.jpeg,C:\projects\retina-ai-ocular-disease-classification\archive\dataset\diabetic_retinopathy\10636_right.jpeg,diabetic_retinopathy/10636_right.jpeg,diabetic_retinopathy,512,512,3,c53c6490da19fbb293ae4da6807e576d,10636,train
10640_left.jpeg,C:\projects\retina-ai-ocular-disease-classification\archive\dataset\diabetic_retinopathy\10640_left.jpeg,diabetic_retinopathy/10640_left.jpeg,diabetic_retinopathy,512,512,3,664bdf18a75df1f9053765bb6a801137,10640,train
10640_right.jpeg,C:\projects\retina-ai-ocular-disease-classification\archive\dataset\diabetic_retinopathy\10640_right.jpeg,diabetic_retinopathy/10640_right.jpeg,diabetic_retinopathy,512,512,3,236ba4863534fedb347c7003739fe6ad,10640,train
10644_left.jpeg,C:\projects\retina-ai-ocular-disease-classification\archive\dataset\diabetic_retinopathy\10644_left.jpeg,diabetic_retinopathy/10644_left.jpeg,diabetic_retinopathy,512,512,3,47038e3b7bf59aefc20f324ad62e711c,10644,train
10644_right.jpeg,C:\projects\retina-ai-ocular-disease-classification\archive\dataset\diabetic_retinopathy\10644_right.jpeg,diabetic_retinopathy/10644_right.jpeg,diabetic_retinopathy,512,512,3,fd1e8fd72b42c65bc7e556f09384c78a,10644,train
10645_left.jpeg,C:\projects\retina-ai-ocular-disease-classification\archive\dataset\diabetic_retinopathy\10645_left.jpeg,diabetic_retinopathy/10645_left.jpeg,diabetic_retinopathy,512,512,3,9f5e3965131c7255ffb5485c87070a2e,10645,train
10645_right.jpeg,C:\projects\retina-ai-ocular-disease-classification\archive\dataset\diabetic_retinopathy\10645_right.jpeg,diabetic_retinopathy/10645_right.jpeg,diabetic_retinopathy,512,512,3,6e94dbecc965648418c0a6b1fd201774,10645,train
10653_left.jpeg,C:\projects\retina-ai-ocular-disease-classification\archive\dataset\diabetic_retinopathy\10653_left.jpeg,diabetic_retinopathy/10653_left.jpeg,diabetic_retinopathy,512,512,3,456873f223983c5e3cab275b0ea05ae6,10653,train
10653_right.jpeg,C:\projects\retina-ai-ocular-disease-classification\archive\dataset\diabetic_retinopathy\10653_right.jpeg,diabetic_retinopathy/10653_right.jpeg,diabetic_retinopathy,512,512,3,84b4462028abc55ca7fc1ee70eae1c4b,10653,train
10657_left.jpeg,C:\projects\retina-ai-ocular-disease-classification\archive\dataset\diabetic_retinopathy\10657_left.jpeg,diabetic_retinopathy/10657_left.jpeg,diabetic_retinopathy,512,512,3,79f1050695c3ed763e1a1f746dcacaf7,10657,train
10657_right.jpeg,C:\projects\retina-ai-ocular-disease-classification\archive\dataset\diabetic_retinopathy\10657_right.jpeg,diabetic_retinopathy/10657_right.jpeg,diabetic_retinopathy,512,512,3,b93b9c108abaf90be41e2dc0ed226bb0,10657,train
10672_left.jpeg,C:\projects\retina-ai-ocular-disease-classification\archive\dataset\diabetic_retinopathy\10672_left.jpeg,diabetic_retinopathy/10672_left.jpeg,diabetic_retinopathy,512,512,3,27d8b39e2635142bd5bb9fe883508755,10672,train
10672_right.jpeg,C:\projects\retina-ai-ocular-disease-classification\archive\dataset\diabetic_retinopathy\10672_right.jpeg,diabetic_retinopathy/10672_right.jpeg,diabetic_retinopathy,512,512,3,c1c9eb5366b51114e73d6fc3d1e27c7b,10672,train
10680_left.jpeg,C:\projects\retina-ai-ocular-disease-classification\archive\dataset\diabetic_retinopathy\10680_left.jpeg,diabetic_retinopathy/10680_left.jpeg,diabetic_retinopathy,512,512,3,ddb5187b24dc7cf8a800323c7feea255,10680,train
10680_right.jpeg,C:\projects\retina-ai-ocular-disease-classification\archive\dataset\diabetic_retinopathy\10680_right.jpeg,diabetic_retinopathy/10680_right.jpeg,diabetic_retinopathy,512,512,3,42fc0c6c523fc8b0b577be36c23ee034,10680,train
10688_left.jpeg,C:\projects\retina-ai-ocular-disease-classification\archive\dataset\diabetic_retinopathy\10688_left.jpeg,diabetic_retinopathy/10688_left.jpeg,diabetic_retinopathy,512,512,3,d44e9e4335df7ece081242c327c5d373,10688,train
10688_right.jpeg,C:\projects\retina-ai-ocular-disease-classification\archive\dataset\diabetic_retinopathy\10688_right.jpeg,diabetic_retinopathy/10688_right.jpeg,diabetic_retinopathy,512,512,3,3b13cde92e4d875f412cb1b649281f2a,10688,train
10694_left.jpeg,C:\projects\retina-ai-ocular-disease-classification\archive\dataset\diabetic_retinopathy\10694_left.jpeg,diabetic_retinopathy/10694_left.jpeg,diabetic_retinopathy,512,512,3,13d14016ce1f4176c985e4cc70750425,10694,train
10694_right.jpeg,C:\projects\retina-ai-ocular-disease-classification\archive\dataset\diabetic_retinopathy\10694_right.jpeg,diabetic_retinopathy/10694_right.jpeg,diabetic_retinopathy,512,512,3,c4d4a9d9f1e42b8a4a426aad317f37a8,10694,train
10695_left.jpeg,C:\projects\retina-ai-ocular-disease-classification\archive\dataset\diabetic_retinopathy\10695_left.jpeg,diabetic_retinopathy/10695_left.jpeg,diabetic_retinopathy,512,512,3,9142316f9ece1a73b6620a5221d9fb17,10695,train
10695_right.jpeg,C:\projects\retina-ai-ocular-disease-classification\archive\dataset\diabetic_retinopathy\10695_right.jpeg,diabetic_retinopathy/10695_right.jpeg,diabetic_retinopathy,512,512,3,02c562a6b1e90771717ac2f025776acd,10695,train
10701_left.jpeg,C:\projects\retina-ai-ocular-disease-classification\archive\dataset\diabetic_retinopathy\10701_left.jpeg,diabetic_retinopathy/10701_left.jpeg,diabetic_retinopathy,512,512,3,e2f9adfd1fd2a5c065ee962f59fe8463,10701,train
10701_right.jpeg,C:\projects\retina-ai-ocular-disease-classification\archive\dataset\diabetic_retinopathy\10701_right.jpeg,diabetic_retinopathy/10701_right.jpeg,diabetic_retinopathy,512,512,3,a42b15cf2dc30261dbd31d1301e27a5a,10701,train
10705_left.jpeg,C:\projects\retina-ai-ocular-disease-classification\archive\dataset\diabetic_retinopathy\10705_left.jpeg,diabetic_retinopathy/10705_left.jpeg,diabetic_retinopathy,512,512,3,7889cb77fce10ab732bf454557956c4f,10705,train
10705_right.jpeg,C:\projects\retina-ai-ocular-disease-classification\archive\dataset\diabetic_retinopathy\10705_right.jpeg,diabetic_retinopathy/10705_right.jpeg,diabetic_retinopathy,512,512,3,28c679370b916123b52e4f86024ace05,10705,train
1070_left.jpeg,C:\projects\retina-ai-ocular-disease-classification\archive\dataset\diabetic_retinopathy\1070_left.jpeg,diabetic_retinopathy/1070_left.jpeg,diabetic_retinopathy,512,512,3,a32f6e4b3af0ea9597b87e1235227659,1070,train
1070_right.jpeg,C:\projects\retina-ai-ocular-disease-classification\archive\dataset\diabetic_retinopathy\1070_right.jpeg,diabetic_retinopathy/1070_right.jpeg,diabetic_retinopathy,512,512,3,00c885245c926c7901d8835c56e9ae39,1070,train
10710_left.jpeg,C:\projects\retina-ai-ocular-disease-classification\archive\dataset\diabetic_retinopathy\10710_left.jpeg,diabetic_retinopathy/10710_left.jpeg,diabetic_retinopathy,512,512,3,f7f712260e8698d2b7c9396600b96277,10710,train
10710_right.jpeg,C:\projects\retina-ai-ocular-disease-classification\archive\dataset\diabetic_retinopathy\10710_right.jpeg,diabetic_retinopathy/10710_right.jpeg,diabetic_retinopathy,512,512,3,8195058c5f81ffa4275451de5f2b940e,10710,train
10720_left.jpeg,C:\projects\retina-ai-ocular-disease-classification\archive\dataset\diabetic_retinopathy\10720_left.jpeg,diabetic_retinopathy/10720_left.jpeg,diabetic_retinopathy,512,512,3,2746bdf4e07cc983d72d17d5aa287880,10720,train
10720_right.jpeg,C:\projects\retina-ai-ocular-disease-classification\archive\dataset\diabetic_retinopathy\10720_right.jpeg,diabetic_retinopathy/10720_right.jpeg,diabetic_retinopathy,512,512,3,35698852f09a5221220472cf7fceab69,10720,train
10723_left.jpeg,C:\projects\retina-ai-ocular-disease-classification\archive\dataset\diabetic_retinopathy\10723_left.jpeg,diabetic_retinopathy/10723_left.jpeg,diabetic_retinopathy,512,512,3,315830bcd734ece2885d86eb4878fd71,10723,train
10723_right.jpeg,C:\projects\retina-ai-ocular-disease-classification\archive\dataset\diabetic_retinopathy\10723_right.jpeg,diabetic_retinopathy/10723_right.jpeg,diabetic_retinopathy,512,512,3,618feb03eea82a38c828a71bab73ae97,10723,train
10726_left.jpeg,C:\projects\retina-ai-ocular-disease-classification\archive\dataset\diabetic_retinopathy\10726_left.jpeg,diabetic_retinopathy/10726_left.jpeg,diabetic_retinopathy,512,512,3,9c66558863fa5f61b38f6d18f79d279e,10726,train
10727_left.jpeg,C:\projects\retina-ai-ocular-disease-classification\archive\dataset\diabetic_retinopathy\10727_left.jpeg,diabetic_retinopathy/10727_left.jpeg,diabetic_retinopathy,512,512,3,8f597b8cc1cb650b0d62450ca1becb2f,10727,train
10727_right.jpeg,C:\projects\retina-ai-ocular-disease-classification\archive\dataset\diabetic_retinopathy\10727_right.jpeg,diabetic_retinopathy/10727_right.jpeg,diabetic_retinopathy,512,512,3,5533d367a2bb6e4230ec8ee7eb288cfb,10727,train
10729_left.jpeg,C:\projects\retina-ai-ocular-disease-classification\archive\dataset\diabetic_retinopathy\10729_left.jpeg,diabetic_retinopathy/10729_left.jpeg,diabetic_retinopathy,512,512,3,2aaac4554fa3af2b6fd738ce2d61f339,10729,train
10729_right.jpeg,C:\projects\retina-ai-ocular-disease-classification\archive\dataset\diabetic_retinopathy\10729_right.jpeg,diabetic_retinopathy/10729_right.jpeg,diabetic_retinopathy,512,512,3,be76dd838487db60809327b145926fb7,10729,train
10732_left.jpeg,C:\projects\retina-ai-ocular-disease-classification\archive\dataset\diabetic_retinopathy\10732_left.jpeg,diabetic_retinopathy/10732_left.jpeg,diabetic_retinopathy,512,512,3,f42575fe112bc377ecb8f24fa0f3b03e,10732,train
10732_right.jpeg,C:\projects\retina-ai-ocular-disease-classification\archive\dataset\diabetic_retinopathy\10732_right.jpeg,diabetic_retinopathy/10732_right.jpeg,diabetic_retinopathy,512,512,3,1f47bce606dbef7b4cf5dff82b1dbb2e,10732,train
1073_left.jpeg,C:\projects\retina-ai-ocular-disease-classification\archive\dataset\diabetic_retinopathy\1073_left.jpeg,diabetic_retinopathy/1073_left.jpeg,diabetic_retinopathy,512,512,3,d4effdf6c1208d236992795a74ae0435,1073,train
1073_right.jpeg,C:\projects\retina-ai-ocular-disease-classification\archive\dataset\diabetic_retinopathy\1073_right.jpeg,diabetic_retinopathy/1073_right.jpeg,diabetic_retinopathy,512,512,3,94a6376d89ad3f3a21425bca3808a489,1073,train
10745_left.jpeg,C:\projects\retina-ai-ocular-disease-classification\archive\dataset\diabetic_retinopathy\10745_left.jpeg,diabetic_retinopathy/10745_left.jpeg,diabetic_retinopathy,512,512,3,a36ffd14d92d4215da57a861e035e2f4,10745,train
10745_right.jpeg,C:\projects\retina-ai-ocular-disease-classification\archive\dataset\diabetic_retinopathy\10745_right.jpeg,diabetic_retinopathy/10745_right.jpeg,diabetic_retinopathy,512,512,3,791dc43cb33d03b0f839b326fb580a59,10745,train
10748_right.jpeg,C:\projects\retina-ai-ocular-disease-classification\archive\dataset\diabetic_retinopathy\10748_right.jpeg,diabetic_retinopathy/10748_right.jpeg,diabetic_retinopathy,512,512,3,bf5703f33aa9068aed0a03fa00db6d5f,10748,train
10751_left.jpeg,C:\projects\retina-ai-ocular-disease-classification\archive\dataset\diabetic_retinopathy\10751_left.jpeg,diabetic_retinopathy/10751_left.jpeg,diabetic_retinopathy,512,512,3,7cd438d113059f873b3f52d19fea86b6,10751,train
10751_right.jpeg,C:\projects\retina-ai-ocular-disease-classification\archive\dataset\diabetic_retinopathy\10751_right.jpeg,diabetic_retinopathy/10751_right.jpeg,diabetic_retinopathy,512,512,3,b51541acc4e1a692c9d3b507808b1c51,10751,train
10755_left.jpeg,C:\projects\retina-ai-ocular-disease-classification\archive\dataset\diabetic_retinopathy\10755_left.jpeg,diabetic_retinopathy/10755_left.jpeg,diabetic_retinopathy,512,512,3,22a91adf41a8e2ea8529afa8d7e42784,10755,train
10755_right.jpeg,C:\projects\retina-ai-ocular-disease-classification\archive\dataset\diabetic_retinopathy\10755_right.jpeg,diabetic_retinopathy/10755_right.jpeg,diabetic_retinopathy,512,512,3,9b95331ba48ce1b21798c1a2df03a025,10755,train
10758_left.jpeg,C:\projects\retina-ai-ocular-disease-classification\archive\dataset\diabetic_retinopathy\10758_left.jpeg,diabetic_retinopathy/10758_left.jpeg,diabetic_retinopathy,512,512,3,10287a0ceec43b784c340c7f693c967c,10758,train
10758_right.jpeg,C:\projects\retina-ai-ocular-disease-classification\archive\dataset\diabetic_retinopathy\10758_right.jpeg,diabetic_retinopathy/10758_right.jpeg,diabetic_retinopathy,512,512,3,c45fe878569d5cc6a17166c66822d767,10758,train
1075_left.jpeg,C:\projects\retina-ai-ocular-disease-classification\archive\dataset\diabetic_retinopathy\1075_left.jpeg,diabetic_retinopathy/1075_left.jpeg,diabetic_retinopathy,512,512,3,bce207628965bbe3afb58735feaec44c,1075,train
1075_right.jpeg,C:\projects\retina-ai-ocular-disease-classification\archive\dataset\diabetic_retinopathy\1075_right.jpeg,diabetic_retinopathy/1075_right.jpeg,diabetic_retinopathy,512,512,3,0d43b640d4d0fe046aacc824d66c657d,1075,train
10761_left.jpeg,C:\projects\retina-ai-ocular-disease-classification\archive\dataset\diabetic_retinopathy\10761_left.jpeg,diabetic_retinopathy/10761_left.jpeg,diabetic_retinopathy,512,512,3,dfcb2d4cf65b6a2198fb59c4d426a189,10761,train
10761_right.jpeg,C:\projects\retina-ai-ocular-disease-classification\archive\dataset\diabetic_retinopathy\10761_right.jpeg,diabetic_retinopathy/10761_right.jpeg,diabetic_retinopathy,512,512,3,2e90798907d5deb691db3e3914b1b196,10761,train
10762_left.jpeg,C:\projects\retina-ai-ocular-disease-classification\archive\dataset\diabetic_retinopathy\10762_left.jpeg,diabetic_retinopathy/10762_left.jpeg,diabetic_retinopathy,512,512,3,b305643e1c935db38d7009359b9b8df3,10762,train
10763_left.jpeg,C:\projects\retina-ai-ocular-disease-classification\archive\dataset\diabetic_retinopathy\10763_left.jpeg,diabetic_retinopathy/10763_left.jpeg,diabetic_retinopathy,512,512,3,914318cfbcfcb1251ea054824b880731,10763,train
10763_right.jpeg,C:\projects\retina-ai-ocular-disease-classification\archive\dataset\diabetic_retinopathy\10763_right.jpeg,diabetic_retinopathy/10763_right.jpeg,diabetic_retinopathy,512,512,3,d1b89917bfeb32a871d35ae9b76fc872,10763,train
10770_left.jpeg,C:\projects\retina-ai-ocular-disease-classification\archive\dataset\diabetic_retinopathy\10770_left.jpeg,diabetic_retinopathy/10770_left.jpeg,diabetic_retinopathy,512,512,3,aa88dbe058f4c359610df6448a9755dd,10770,train
10770_right.jpeg,C:\projects\retina-ai-ocular-disease-classification\archive\dataset\diabetic_retinopathy\10770_right.jpeg,diabetic_retinopathy/10770_right.jpeg,diabetic_retinopathy,512,512,3,dc3c9dc5284273fa5921de44a47393f5,10770,train
1077_left.jpeg,C:\projects\retina-ai-ocular-disease-classification\archive\dataset\diabetic_retinopathy\1077_left.jpeg,diabetic_retinopathy/1077_left.jpeg,diabetic_retinopathy,512,512,3,3a23ec36e5a2a4325484f7dea59cd68e,1077,train
1077_right.jpeg,C:\projects\retina-ai-ocular-disease-classification\archive\dataset\diabetic_retinopathy\1077_right.jpeg,diabetic_retinopathy/1077_right.jpeg,diabetic_retinopathy,512,512,3,1c0908137f6207e631fe615c7ed0168b,1077,train
10781_left.jpeg,C:\projects\retina-ai-ocular-disease-classification\archive\dataset\diabetic_retinopathy\10781_left.jpeg,diabetic_retinopathy/10781_left.jpeg,diabetic_retinopathy,512,512,3,87199a0236d1bc10bd68228f57907d4c,10781,train
10781_right.jpeg,C:\projects\retina-ai-ocular-disease-classification\archive\dataset\diabetic_retinopathy\10781_right.jpeg,diabetic_retinopathy/10781_right.jpeg,diabetic_retinopathy,512,512,3,5102812097696bb6a361dda15b7c4048,10781,train
10785_right.jpeg,C:\projects\retina-ai-ocular-disease-classification\archive\dataset\diabetic_retinopathy\10785_right.jpeg,diabetic_retinopathy/10785_right.jpeg,diabetic_retinopathy,512,512,3,c39b99d91e9429cc78c51c1b66f16ef2,10785,train
10794_left.jpeg,C:\projects\retina-ai-ocular-disease-classification\archive\dataset\diabetic_retinopathy\10794_left.jpeg,diabetic_retinopathy/10794_left.jpeg,diabetic_retinopathy,512,512,3,ce0f73cdcac5f45df2d6c74fa1a28d0a,10794,train
10794_right.jpeg,C:\projects\retina-ai-ocular-disease-classification\archive\dataset\diabetic_retinopathy\10794_right.jpeg,diabetic_retinopathy/10794_right.jpeg,diabetic_retinopathy,512,512,3,f9eb26feb9e93d9bc4693ccaae766e49,10794,train
10810_left.jpeg,C:\projects\retina-ai-ocular-disease-classification\archive\dataset\diabetic_retinopathy\10810_left.jpeg,diabetic_retinopathy/10810_left.jpeg,diabetic_retinopathy,512,512,3,dfcbdc64b5ea1578d1fa5fa8a3086c35,10810,train
10810_right.jpeg,C:\projects\retina-ai-ocular-disease-classification\archive\dataset\diabetic_retinopathy\10810_right.jpeg,diabetic_retinopathy/10810_right.jpeg,diabetic_retinopathy,512,512,3,bc3a9fc2c24298c1ba5aa0479894170f,10810,train
10814_left.jpeg,C:\projects\retina-ai-ocular-disease-classification\archive\dataset\diabetic_retinopathy\10814_left.jpeg,diabetic_retinopathy/10814_left.jpeg,diabetic_retinopathy,512,512,3,5f82a0595f293b1726046741fc2decb4,10814,train
10814_right.jpeg,C:\projects\retina-ai-ocular-disease-classification\archive\dataset\diabetic_retinopathy\10814_right.jpeg,diabetic_retinopathy/10814_right.jpeg,diabetic_retinopathy,512,512,3,e78ad78f63cf71e79b43b85e04c0b0c8,10814,train
10815_left.jpeg,C:\projects\retina-ai-ocular-disease-classification\archive\dataset\diabetic_retinopathy\10815_left.jpeg,diabetic_retinopathy/10815_left.jpeg,diabetic_retinopathy,512,512,3,28182116e107692372ffa4af3710849d,10815,train
10815_right.jpeg,C:\projects\retina-ai-ocular-disease-classification\archive\dataset\diabetic_retinopathy\10815_right.jpeg,diabetic_retinopathy/10815_right.jpeg,diabetic_retinopathy,512,512,3,42958c5e4a0c476cfe921413b95921d3,10815,train
10823_left.jpeg,C:\projects\retina-ai-ocular-disease-classification\archive\dataset\diabetic_retinopathy\10823_left.jpeg,diabetic_retinopathy/10823_left.jpeg,diabetic_retinopathy,512,512,3,efc6fc11b52632720edcbf8fd098c83d,10823,train
10823_right.jpeg,C:\projects\retina-ai-ocular-disease-classification\archive\dataset\diabetic_retinopathy\10823_right.jpeg,diabetic_retinopathy/10823_right.jpeg,diabetic_retinopathy,512,512,3,d2b423b5588ab0e7b9894c0857d9d4c5,10823,train
10827_left.jpeg,C:\projects\retina-ai-ocular-disease-classification\archive\dataset\diabetic_retinopathy\10827_left.jpeg,diabetic_retinopathy/10827_left.jpeg,diabetic_retinopathy,512,512,3,46d636f36a0b237ea2c73905ee4392bc,10827,train
10827_right.jpeg,C:\projects\retina-ai-ocular-disease-classification\archive\dataset\diabetic_retinopathy\10827_right.jpeg,diabetic_retinopathy/10827_right.jpeg,diabetic_retinopathy,512,512,3,3861d282bdc697967bfa47c10c37ac11,10827,train
10832_left.jpeg,C:\projects\retina-ai-ocular-disease-classification\archive\dataset\diabetic_retinopathy\10832_left.jpeg,diabetic_retinopathy/10832_left.jpeg,diabetic_retinopathy,512,512,3,6691f340ac307978fcd93d14b27610fd,10832,train
10832_right.jpeg,C:\projects\retina-ai-ocular-disease-classification\archive\dataset\diabetic_retinopathy\10832_right.jpeg,diabetic_retinopathy/10832_right.jpeg,diabetic_retinopathy,512,512,3,7e003c861d5c31d72a227d6e2c508196,10832,train
10839_left.jpeg,C:\projects\retina-ai-ocular-disease-classification\archive\dataset\diabetic_retinopathy\10839_left.jpeg,diabetic_retinopathy/10839_left.jpeg,diabetic_retinopathy,512,512,3,29182f8c0b4bd93214fcb86f801cbc20,10839,train
10839_right.jpeg,C:\projects\retina-ai-ocular-disease-classification\archive\dataset\diabetic_retinopathy\10839_right.jpeg,diabetic_retinopathy/10839_right.jpeg,diabetic_retinopathy,512,512,3,9f9e5bf840322ad570fc1026744ceb0c,10839,train
10842_left.jpeg,C:\projects\retina-ai-ocular-disease-classification\archive\dataset\diabetic_retinopathy\10842_left.jpeg,diabetic_retinopathy/10842_left.jpeg,diabetic_retinopathy,512,512,3,7fe738972ba45fa348ef8c68d8f5fb11,10842,train
10842_right.jpeg,C:\projects\retina-ai-ocular-disease-classification\archive\dataset\diabetic_retinopathy\10842_right.jpeg,diabetic_retinopathy/10842_right.jpeg,diabetic_retinopathy,512,512,3,821037a7eeb22d3ca429637fd4685e48,10842,train
10844_left.jpeg,C:\projects\retina-ai-ocular-disease-classification\archive\dataset\diabetic_retinopathy\10844_left.jpeg,diabetic_retinopathy/10844_left.jpeg,diabetic_retinopathy,512,512,3,1741f26a07c07ce5e41d87ab936a69bb,10844,train
10844_right.jpeg,C:\projects\retina-ai-ocular-disease-classification\archive\dataset\diabetic_retinopathy\10844_right.jpeg,diabetic_retinopathy/10844_right.jpeg,diabetic_retinopathy,512,512,3,8f4a8e5d2d3a140cb3d8b5a92bda0b29,10844,train
1084_left.jpeg,C:\projects\retina-ai-ocular-disease-classification\archive\dataset\diabetic_retinopathy\1084_left.jpeg,diabetic_retinopathy/1084_left.jpeg,diabetic_retinopathy,512,512,3,6e1727e1cfba2fb9fe1653fbcbc7e1c1,1084,train
1084_right.jpeg,C:\projects\retina-ai-ocular-disease-classification\archive\dataset\diabetic_retinopathy\1084_right.jpeg,diabetic_retinopathy/1084_right.jpeg,diabetic_retinopathy,512,512,3,344a672b0df8ae45f85859eebf8a009e,1084,train
10851_left.jpeg,C:\projects\retina-ai-ocular-disease-classification\archive\dataset\diabetic_retinopathy\10851_left.jpeg,diabetic_retinopathy/10851_left.jpeg,diabetic_retinopathy,512,512,3,8b8b99570a08bdc6fd772c57054606f1,10851,train
10851_right.jpeg,C:\projects\retina-ai-ocular-disease-classification\archive\dataset\diabetic_retinopathy\10851_right.jpeg,diabetic_retinopathy/10851_right.jpeg,diabetic_retinopathy,512,512,3,d06b2143073d826c17d9f79f32ee15f9,10851,train
10854_left.jpeg,C:\projects\retina-ai-ocular-disease-classification\archive\dataset\diabetic_retinopathy\10854_left.jpeg,diabetic_retinopathy/10854_left.jpeg,diabetic_retinopathy,512,512,3,aad67c0e83dfa504db5666e0f1d2018a,10854,train
10854_right.jpeg,C:\projects\retina-ai-ocular-disease-classification\archive\dataset\diabetic_retinopathy\10854_right.jpeg,diabetic_retinopathy/10854_right.jpeg,diabetic_retinopathy,512,512,3,73b145855c2ca0287df388f269b4a9b5,10854,train
10864_left.jpeg,C:\projects\retina-ai-ocular-disease-classification\archive\dataset\diabetic_retinopathy\10864_left.jpeg,diabetic_retinopathy/10864_left.jpeg,diabetic_retinopathy,512,512,3,f5393109d88524b4cf9c5e6605126237,10864,train
10864_right.jpeg,C:\projects\retina-ai-ocular-disease-classification\archive\dataset\diabetic_retinopathy\10864_right.jpeg,diabetic_retinopathy/10864_right.jpeg,diabetic_retinopathy,512,512,3,2ee66b61ecfb825546d85b8c7c3a17aa,10864,train
10874_left.jpeg,C:\projects\retina-ai-ocular-disease-classification\archive\dataset\diabetic_retinopathy\10874_left.jpeg,diabetic_retinopathy/10874_left.jpeg,diabetic_retinopathy,512,512,3,ab7dd52d0b93b2eca288a045262e832a,10874,train
10874_right.jpeg,C:\projects\retina-ai-ocular-disease-classification\archive\dataset\diabetic_retinopathy\10874_right.jpeg,diabetic_retinopathy/10874_right.jpeg,diabetic_retinopathy,512,512,3,8fb5e3e5deffdb864ae2ec8373bd3a67,10874,train
10886_left.jpeg,C:\projects\retina-ai-ocular-disease-classification\archive\dataset\diabetic_retinopathy\10886_left.jpeg,diabetic_retinopathy/10886_left.jpeg,diabetic_retinopathy,512,512,3,4536a28b8db64d421fd0d6235d3b5422,10886,train
10886_right.jpeg,C:\projects\retina-ai-ocular-disease-classification\archive\dataset\diabetic_retinopathy\10886_right.jpeg,diabetic_retinopathy/10886_right.jpeg,diabetic_retinopathy,512,512,3,315b7344ccc0259f2ba8ede277c34a44,10886,train
10891_left.jpeg,C:\projects\retina-ai-ocular-disease-classification\archive\dataset\diabetic_retinopathy\10891_left.jpeg,diabetic_retinopathy/10891_left.jpeg,diabetic_retinopathy,512,512,3,7f934728f914991393bdd1720391c23e,10891,train
10891_right.jpeg,C:\projects\retina-ai-ocular-disease-classification\archive\dataset\diabetic_retinopathy\10891_right.jpeg,diabetic_retinopathy/10891_right.jpeg,diabetic_retinopathy,512,512,3,ed3dd3a8133ef9f790fea8f81e0ab3c1,10891,train
108_left.jpeg,C:\projects\retina-ai-ocular-disease-classification\archive\dataset\diabetic_retinopathy\108_left.jpeg,diabetic_retinopathy/108_left.jpeg,diabetic_retinopathy,512,512,3,6a7049fce5cc2c7149f77d9dc6fe72c9,108,train
108_right.jpeg,C:\projects\retina-ai-ocular-disease-classification\archive\dataset\diabetic_retinopathy\108_right.jpeg,diabetic_retinopathy/108_right.jpeg,diabetic_retinopathy,512,512,3,135aa180d6c357ccfbad734d39786f22,108,train
10907_left.jpeg,C:\projects\retina-ai-ocular-disease-classification\archive\dataset\diabetic_retinopathy\10907_left.jpeg,diabetic_retinopathy/10907_left.jpeg,diabetic_retinopathy,512,512,3,20ea45f692a3101b39c452b7c4929fd6,10907,train
10907_right.jpeg,C:\projects\retina-ai-ocular-disease-classification\archive\dataset\diabetic_retinopathy\10907_right.jpeg,diabetic_retinopathy/10907_right.jpeg,diabetic_retinopathy,512,512,3,b5372a938a43f6fa6750d692e2a42e69,10907,train
10919_left.jpeg,C:\projects\retina-ai-ocular-disease-classification\archive\dataset\diabetic_retinopathy\10919_left.jpeg,diabetic_retinopathy/10919_left.jpeg,diabetic_retinopathy,512,512,3,105586ea340664f0e00499096a24f023,10919,train
10919_right.jpeg,C:\projects\retina-ai-ocular-disease-classification\archive\dataset\diabetic_retinopathy\10919_right.jpeg,diabetic_retinopathy/10919_right.jpeg,diabetic_retinopathy,512,512,3,b861ff7b6638e26405f5c181de80ea66,10919,train
10920_left.jpeg,C:\projects\retina-ai-ocular-disease-classification\archive\dataset\diabetic_retinopathy\10920_left.jpeg,diabetic_retinopathy/10920_left.jpeg,diabetic_retinopathy,512,512,3,32e21f288d65958a7ded7d2fe0689062,10920,train
10920_right.jpeg,C:\projects\retina-ai-ocular-disease-classification\archive\dataset\diabetic_retinopathy\10920_right.jpeg,diabetic_retinopathy/10920_right.jpeg,diabetic_retinopathy,512,512,3,714306a0e452844a4c8fd9ce53892c1d,10920,train
1092_left.jpeg,C:\projects\retina-ai-ocular-disease-classification\archive\dataset\diabetic_retinopathy\1092_left.jpeg,diabetic_retinopathy/1092_left.jpeg,diabetic_retinopathy,512,512,3,ded02306fcf7150dd741c7a55fad3d63,1092,train
1092_right.jpeg,C:\projects\retina-ai-ocular-disease-classification\archive\dataset\diabetic_retinopathy\1092_right.jpeg,diabetic_retinopathy/1092_right.jpeg,diabetic_retinopathy,512,512,3,f48cf10c7e018178a937489f76e11712,1092,train
10936_right.jpeg,C:\projects\retina-ai-ocular-disease-classification\archive\dataset\diabetic_retinopathy\10936_right.jpeg,diabetic_retinopathy/10936_right.jpeg,diabetic_retinopathy,512,512,3,956a4120058e311620ec80258249a770,10936,train
1093_left.jpeg,C:\projects\retina-ai-ocular-disease-classification\archive\dataset\diabetic_retinopathy\1093_left.jpeg,diabetic_retinopathy/1093_left.jpeg,diabetic_retinopathy,512,512,3,de6381168f327c6d68f18a7841372eb3,1093,train
1093_right.jpeg,C:\projects\retina-ai-ocular-disease-classification\archive\dataset\diabetic_retinopathy\1093_right.jpeg,diabetic_retinopathy/1093_right.jpeg,diabetic_retinopathy,512,512,3,5a3b9ebad411167e88931282ebb1dcf3,1093,train
10941_left.jpeg,C:\projects\retina-ai-ocular-disease-classification\archive\dataset\diabetic_retinopathy\10941_left.jpeg,diabetic_retinopathy/10941_left.jpeg,diabetic_retinopathy,512,512,3,7e7547af96740d35aaa23ead5f9e2444,10941,train
10941_right.jpeg,C:\projects\retina-ai-ocular-disease-classification\archive\dataset\diabetic_retinopathy\10941_right.jpeg,diabetic_retinopathy/10941_right.jpeg,diabetic_retinopathy,512,512,3,573afe0ccacfac51c02af69831c916af,10941,train
10943_left.jpeg,C:\projects\retina-ai-ocular-disease-classification\archive\dataset\diabetic_retinopathy\10943_left.jpeg,diabetic_retinopathy/10943_left.jpeg,diabetic_retinopathy,512,512,3,10e8ba1441626ce5bc8c8e8087dfb259,10943,train
10943_right.jpeg,C:\projects\retina-ai-ocular-disease-classification\archive\dataset\diabetic_retinopathy\10943_right.jpeg,diabetic_retinopathy/10943_right.jpeg,diabetic_retinopathy,512,512,3,9b6a0131009a06096f3b1c5aa7dc58c7,10943,train
10945_left.jpeg,C:\projects\retina-ai-ocular-disease-classification\archive\dataset\diabetic_retinopathy\10945_left.jpeg,diabetic_retinopathy/10945_left.jpeg,diabetic_retinopathy,512,512,3,4454d5c684881c5976494b24d615aabd,10945,train
10945_right.jpeg,C:\projects\retina-ai-ocular-disease-classification\archive\dataset\diabetic_retinopathy\10945_right.jpeg,diabetic_retinopathy/10945_right.jpeg,diabetic_retinopathy,512,512,3,ff9126f8fdda2ade4ebc91ef4a2a391a,10945,train
10952_left.jpeg,C:\projects\retina-ai-ocular-disease-classification\archive\dataset\diabetic_retinopathy\10952_left.jpeg,diabetic_retinopathy/10952_left.jpeg,diabetic_retinopathy,512,512,3,dabd6a9125598e0c4ea970e54923b155,10952,train
10952_right.jpeg,C:\projects\retina-ai-ocular-disease-classification\archive\dataset\diabetic_retinopathy\10952_right.jpeg,diabetic_retinopathy/10952_right.jpeg,diabetic_retinopathy,512,512,3,4ecb6b0c37b95d68ac5eae8e2abb6345,10952,train
10954_left.jpeg,C:\projects\retina-ai-ocular-disease-classification\archive\dataset\diabetic_retinopathy\10954_left.jpeg,diabetic_retinopathy/10954_left.jpeg,diabetic_retinopathy,512,512,3,eed77801f0064a34dbdfa18a30be881c,10954,train
10954_right.jpeg,C:\projects\retina-ai-ocular-disease-classification\archive\dataset\diabetic_retinopathy\10954_right.jpeg,diabetic_retinopathy/10954_right.jpeg,diabetic_retinopathy,512,512,3,7875b41188b2355659d7c48dc6d0fc4b,10954,train
10960_left.jpeg,C:\projects\retina-ai-ocular-disease-classification\archive\dataset\diabetic_retinopathy\10960_left.jpeg,diabetic_retinopathy/10960_left.jpeg,diabetic_retinopathy,512,512,3,7d5b9617d00327a0504779bde55febe5,10960,train
10960_right.jpeg,C:\projects\retina-ai-ocular-disease-classification\archive\dataset\diabetic_retinopathy\10960_right.jpeg,diabetic_retinopathy/10960_right.jpeg,diabetic_retinopathy,512,512,3,01f469346a6231c705426312e7387d33,10960,train
10961_left.jpeg,C:\projects\retina-ai-ocular-disease-classification\archive\dataset\diabetic_retinopathy\10961_left.jpeg,diabetic_retinopathy/10961_left.jpeg,diabetic_retinopathy,512,512,3,3ac577ec4601b334f67d7606ee46f08f,10961,train
10961_right.jpeg,C:\projects\retina-ai-ocular-disease-classification\archive\dataset\diabetic_retinopathy\10961_right.jpeg,diabetic_retinopathy/10961_right.jpeg,diabetic_retinopathy,512,512,3,59c4f7f5ba09a43216be772ee6c432f7,10961,train
10966_left.jpeg,C:\projects\retina-ai-ocular-disease-classification\archive\dataset\diabetic_retinopathy\10966_left.jpeg,diabetic_retinopathy/10966_left.jpeg,diabetic_retinopathy,512,512,3,b77902a83884652cc5d3c489145b1164,10966,train
10966_right.jpeg,C:\projects\retina-ai-ocular-disease-classification\archive\dataset\diabetic_retinopathy\10966_right.jpeg,diabetic_retinopathy/10966_right.jpeg,diabetic_retinopathy,512,512,3,3370e0701915026ee2bff9067b809a27,10966,train
10969_left.jpeg,C:\projects\retina-ai-ocular-disease-classification\archive\dataset\diabetic_retinopathy\10969_left.jpeg,diabetic_retinopathy/10969_left.jpeg,diabetic_retinopathy,512,512,3,d50469222c920b08de838ed3d1b82950,10969,train
10969_right.jpeg,C:\projects\retina-ai-ocular-disease-classification\archive\dataset\diabetic_retinopathy\10969_right.jpeg,diabetic_retinopathy/10969_right.jpeg,diabetic_retinopathy,512,512,3,7050f43a127771878243f62289d57f1b,10969,train
1096_left.jpeg,C:\projects\retina-ai-ocular-disease-classification\archive\dataset\diabetic_retinopathy\1096_left.jpeg,diabetic_retinopathy/1096_left.jpeg,diabetic_retinopathy,512,512,3,a7af32f85c266c8086d22b08fa441630,1096,train
1096_right.jpeg,C:\projects\retina-ai-ocular-disease-classification\archive\dataset\diabetic_retinopathy\1096_right.jpeg,diabetic_retinopathy/1096_right.jpeg,diabetic_retinopathy,512,512,3,224e7edeb39d1c717c38b035b1458d1e,1096,train
10970_left.jpeg,C:\projects\retina-ai-ocular-disease-classification\archive\dataset\diabetic_retinopathy\10970_left.jpeg,diabetic_retinopathy/10970_left.jpeg,diabetic_retinopathy,512,512,3,82140eef5e225651026085fb6a58c0c8,10970,train
10970_right.jpeg,C:\projects\retina-ai-ocular-disease-classification\archive\dataset\diabetic_retinopathy\10970_right.jpeg,diabetic_retinopathy/10970_right.jpeg,diabetic_retinopathy,512,512,3,b413f3552d87153c0744b81bc5bdaafe,10970,train
10974_left.jpeg,C:\projects\retina-ai-ocular-disease-classification\archive\dataset\diabetic_retinopathy\10974_left.jpeg,diabetic_retinopathy/10974_left.jpeg,diabetic_retinopathy,512,512,3,c914455b595c5df6a87f2ebfd233736f,10974,train
10974_right.jpeg,C:\projects\retina-ai-ocular-disease-classification\archive\dataset\diabetic_retinopathy\10974_right.jpeg,diabetic_retinopathy/10974_right.jpeg,diabetic_retinopathy,512,512,3,fb7393bec0a63624e50aaba8f60f0347,10974,train
10975_left.jpeg,C:\projects\retina-ai-ocular-disease-classification\archive\dataset\diabetic_retinopathy\10975_left.jpeg,diabetic_retinopathy/10975_left.jpeg,diabetic_retinopathy,512,512,3,c587a017036be5d0f8e7c96d72564f98,10975,train
10975_right.jpeg,C:\projects\retina-ai-ocular-disease-classification\archive\dataset\diabetic_retinopathy\10975_right.jpeg,diabetic_retinopathy/10975_right.jpeg,diabetic_retinopathy,512,512,3,3ee627ac06fae6dc91e0e4c64cab0327,10975,train
10976_left.jpeg,C:\projects\retina-ai-ocular-disease-classification\archive\dataset\diabetic_retinopathy\10976_left.jpeg,diabetic_retinopathy/10976_left.jpeg,diabetic_retinopathy,512,512,3,2c06c43de89c55db76eaee6d13feb4e7,10976,train
10976_right.jpeg,C:\projects\retina-ai-ocular-disease-classification\archive\dataset\diabetic_retinopathy\10976_right.jpeg,diabetic_retinopathy/10976_right.jpeg,diabetic_retinopathy,512,512,3,e2b7c7874c389b7b4a9f8ad8ace80003,10976,train
10977_left.jpeg,C:\projects\retina-ai-ocular-disease-classification\archive\dataset\diabetic_retinopathy\10977_left.jpeg,diabetic_retinopathy/10977_left.jpeg,diabetic_retinopathy,512,512,3,bbc0bc00e81ab57fbf08beb19c6fc722,10977,train
10977_right.jpeg,C:\projects\retina-ai-ocular-disease-classification\archive\dataset\diabetic_retinopathy\10977_right.jpeg,diabetic_retinopathy/10977_right.jpeg,diabetic_retinopathy,512,512,3,5279f0777f09bd23ba722651be9dd335,10977,train
10983_left.jpeg,C:\projects\retina-ai-ocular-disease-classification\archive\dataset\diabetic_retinopathy\10983_left.jpeg,diabetic_retinopathy/10983_left.jpeg,diabetic_retinopathy,512,512,3,755a76dce0c00453820504f3e87c0be6,10983,train
10983_right.jpeg,C:\projects\retina-ai-ocular-disease-classification\archive\dataset\diabetic_retinopathy\10983_right.jpeg,diabetic_retinopathy/10983_right.jpeg,diabetic_retinopathy,512,512,3,6390456344a89d1f707b8ef43de7ce28,10983,train
1098_left.jpeg,C:\projects\retina-ai-ocular-disease-classification\archive\dataset\diabetic_retinopathy\1098_left.jpeg,diabetic_retinopathy/1098_left.jpeg,diabetic_retinopathy,512,512,3,f97167db21b2210bd108f0850cc63e48,1098,train
1098_right.jpeg,C:\projects\retina-ai-ocular-disease-classification\archive\dataset\diabetic_retinopathy\1098_right.jpeg,diabetic_retinopathy/1098_right.jpeg,diabetic_retinopathy,512,512,3,50a6f5df002caf9a10657e99fd7ba2d1,1098,train
10994_left.jpeg,C:\projects\retina-ai-ocular-disease-classification\archive\dataset\diabetic_retinopathy\10994_left.jpeg,diabetic_retinopathy/10994_left.jpeg,diabetic_retinopathy,512,512,3,a2dd4605f4d630a962302931927317a6,10994,train
10994_right.jpeg,C:\projects\retina-ai-ocular-disease-classification\archive\dataset\diabetic_retinopathy\10994_right.jpeg,diabetic_retinopathy/10994_right.jpeg,diabetic_retinopathy,512,512,3,5469a912acf5ffa48c24cfd6c8d0c155,10994,train
11003_left.jpeg,C:\projects\retina-ai-ocular-disease-classification\archive\dataset\diabetic_retinopathy\11003_left.jpeg,diabetic_retinopathy/11003_left.jpeg,diabetic_retinopathy,512,512,3,00c1b147c4c756000e26c9e95f23c48f,11003,train
11003_right.jpeg,C:\projects\retina-ai-ocular-disease-classification\archive\dataset\diabetic_retinopathy\11003_right.jpeg,diabetic_retinopathy/11003_right.jpeg,diabetic_retinopathy,512,512,3,9045f96bae724f77f493efcb76cdc343,11003,train
11005_left.jpeg,C:\projects\retina-ai-ocular-disease-classification\archive\dataset\diabetic_retinopathy\11005_left.jpeg,diabetic_retinopathy/11005_left.jpeg,diabetic_retinopathy,512,512,3,829e6b736f9ea12d32ac61103a90bd15,11005,train
11005_right.jpeg,C:\projects\retina-ai-ocular-disease-classification\archive\dataset\diabetic_retinopathy\11005_right.jpeg,diabetic_retinopathy/11005_right.jpeg,diabetic_retinopathy,512,512,3,eb2175b04744e89a717a433090c48b50,11005,train
11007_left.jpeg,C:\projects\retina-ai-ocular-disease-classification\archive\dataset\diabetic_retinopathy\11007_left.jpeg,diabetic_retinopathy/11007_left.jpeg,diabetic_retinopathy,512,512,3,c09af93e237bcd854a4ce0da7d879270,11007,train
11007_right.jpeg,C:\projects\retina-ai-ocular-disease-classification\archive\dataset\diabetic_retinopathy\11007_right.jpeg,diabetic_retinopathy/11007_right.jpeg,diabetic_retinopathy,512,512,3,441a6edd76252321c346bb0a73866af5,11007,train
11008_left.jpeg,C:\projects\retina-ai-ocular-disease-classification\archive\dataset\diabetic_retinopathy\11008_left.jpeg,diabetic_retinopathy/11008_left.jpeg,diabetic_retinopathy,512,512,3,fa41a62bdf9d83a55fe6a870350881d9,11008,train
11008_right.jpeg,C:\projects\retina-ai-ocular-disease-classification\archive\dataset\diabetic_retinopathy\11008_right.jpeg,diabetic_retinopathy/11008_right.jpeg,diabetic_retinopathy,512,512,3,c9168f58b7ff30c008dc98cb8309545e,11008,train
1100_left.jpeg,C:\projects\retina-ai-ocular-disease-classification\archive\dataset\diabetic_retinopathy\1100_left.jpeg,diabetic_retinopathy/1100_left.jpeg,diabetic_retinopathy,512,512,3,074ba3171a71a5d1f37a061148680fc2,1100,train
1100_right.jpeg,C:\projects\retina-ai-ocular-disease-classification\archive\dataset\diabetic_retinopathy\1100_right.jpeg,diabetic_retinopathy/1100_right.jpeg,diabetic_retinopathy,512,512,3,9391fa9f2479637c1a10bba68e6770ee,1100,train
11013_left.jpeg,C:\projects\retina-ai-ocular-disease-classification\archive\dataset\diabetic_retinopathy\11013_left.jpeg,diabetic_retinopathy/11013_left.jpeg,diabetic_retinopathy,512,512,3,e317cd26e8e317f8b553f3fb4334aeca,11013,train
11013_right.jpeg,C:\projects\retina-ai-ocular-disease-classification\archive\dataset\diabetic_retinopathy\11013_right.jpeg,diabetic_retinopathy/11013_right.jpeg,diabetic_retinopathy,512,512,3,3572d766fd03b7e704b5394001ef4763,11013,train
11023_left.jpeg,C:\projects\retina-ai-ocular-disease-classification\archive\dataset\diabetic_retinopathy\11023_left.jpeg,diabetic_retinopathy/11023_left.jpeg,diabetic_retinopathy,512,512,3,c266d09a4cdd7fa25d5d1b05771398fe,11023,train
11023_right.jpeg,C:\projects\retina-ai-ocular-disease-classification\archive\dataset\diabetic_retinopathy\11023_right.jpeg,diabetic_retinopathy/11023_right.jpeg,diabetic_retinopathy,512,512,3,4cad4c66e32ee0ee6b7e78a1dae94e3c,11023,train
11026_left.jpeg,C:\projects\retina-ai-ocular-disease-classification\archive\dataset\diabetic_retinopathy\11026_left.jpeg,diabetic_retinopathy/11026_left.jpeg,diabetic_retinopathy,512,512,3,0cfef2cd733717ec1a8f9532564eb910,11026,train
11026_right.jpeg,C:\projects\retina-ai-ocular-disease-classification\archive\dataset\diabetic_retinopathy\11026_right.jpeg,diabetic_retinopathy/11026_right.jpeg,diabetic_retinopathy,512,512,3,7760a806ec414fedc02254ef2c2b00d5,11026,train
1102_left.jpeg,C:\projects\retina-ai-ocular-disease-classification\archive\dataset\diabetic_retinopathy\1102_left.jpeg,diabetic_retinopathy/1102_left.jpeg,diabetic_retinopathy,512,512,3,2164017ed84eece8ceb4708c323eeb24,1102,train
1102_right.jpeg,C:\projects\retina-ai-ocular-disease-classification\archive\dataset\diabetic_retinopathy\1102_right.jpeg,diabetic_retinopathy/1102_right.jpeg,diabetic_retinopathy,512,512,3,5eb35784b87b796b925e50f98cf54f3c,1102,train
11037_right.jpeg,C:\projects\retina-ai-ocular-disease-classification\archive\dataset\diabetic_retinopathy\11037_right.jpeg,diabetic_retinopathy/11037_right.jpeg,diabetic_retinopathy,512,512,3,925fb57a5397cfd49797ac6f2f6f71ad,11037,train
11040_left.jpeg,C:\projects\retina-ai-ocular-disease-classification\archive\dataset\diabetic_retinopathy\11040_left.jpeg,diabetic_retinopathy/11040_left.jpeg,diabetic_retinopathy,512,512,3,ebcbe0199e3335ca3397fc63eecd3540,11040,train
11040_right.jpeg,C:\projects\retina-ai-ocular-disease-classification\archive\dataset\diabetic_retinopathy\11040_right.jpeg,diabetic_retinopathy/11040_right.jpeg,diabetic_retinopathy,512,512,3,8d3a943b27a526fd0824a4f88e9a96a0,11040,train
11049_left.jpeg,C:\projects\retina-ai-ocular-disease-classification\archive\dataset\diabetic_retinopathy\11049_left.jpeg,diabetic_retinopathy/11049_left.jpeg,diabetic_retinopathy,512,512,3,6c498278204dba5cb35b17cff8d9bc3d,11049,train
11049_right.jpeg,C:\projects\retina-ai-ocular-disease-classification\archive\dataset\diabetic_retinopathy\11049_right.jpeg,diabetic_retinopathy/11049_right.jpeg,diabetic_retinopathy,512,512,3,6302421cc1998aeda1d6488f14eb68af,11049,train
11050_left.jpeg,C:\projects\retina-ai-ocular-disease-classification\archive\dataset\diabetic_retinopathy\11050_left.jpeg,diabetic_retinopathy/11050_left.jpeg,diabetic_retinopathy,512,512,3,34e884cce6d8b66b7cd4d7c333c40c69,11050,train
11050_right.jpeg,C:\projects\retina-ai-ocular-disease-classification\archive\dataset\diabetic_retinopathy\11050_right.jpeg,diabetic_retinopathy/11050_right.jpeg,diabetic_retinopathy,512,512,3,17ca5588dc402aac3327d3ce18e1d5ca,11050,train
11067_left.jpeg,C:\projects\retina-ai-ocular-disease-classification\archive\dataset\diabetic_retinopathy\11067_left.jpeg,diabetic_retinopathy/11067_left.jpeg,diabetic_retinopathy,512,512,3,ae9c08a2bd73a6bfad53341b55395cd5,11067,train
11067_right.jpeg,C:\projects\retina-ai-ocular-disease-classification\archive\dataset\diabetic_retinopathy\11067_right.jpeg,diabetic_retinopathy/11067_right.jpeg,diabetic_retinopathy,512,512,3,7608147433e0d80522466497940e30d5,11067,train
11080_left.jpeg,C:\projects\retina-ai-ocular-disease-classification\archive\dataset\diabetic_retinopathy\11080_left.jpeg,diabetic_retinopathy/11080_left.jpeg,diabetic_retinopathy,512,512,3,4c1d3a94164ab34de3df3fa80a62f76c,11080,train
11080_right.jpeg,C:\projects\retina-ai-ocular-disease-classification\archive\dataset\diabetic_retinopathy\11080_right.jpeg,diabetic_retinopathy/11080_right.jpeg,diabetic_retinopathy,512,512,3,4d72fc5fd1ee5498c967353b63bf3721,11080,train
11087_left.jpeg,C:\projects\retina-ai-ocular-disease-classification\archive\dataset\diabetic_retinopathy\11087_left.jpeg,diabetic_retinopathy/11087_left.jpeg,diabetic_retinopathy,512,512,3,9a029c3cba4c4c3feb8990fc9e7b2f11,11087,train
11087_right.jpeg,C:\projects\retina-ai-ocular-disease-classification\archive\dataset\diabetic_retinopathy\11087_right.jpeg,diabetic_retinopathy/11087_right.jpeg,diabetic_retinopathy,512,512,3,a41a771aaa06ae7fa98a90ed24135159,11087,train
11091_left.jpeg,C:\projects\retina-ai-ocular-disease-classification\archive\dataset\diabetic_retinopathy\11091_left.jpeg,diabetic_retinopathy/11091_left.jpeg,diabetic_retinopathy,512,512,3,d4c22d4fcb52ac2ff7aae33ff9accfab,11091,train
11091_right.jpeg,C:\projects\retina-ai-ocular-disease-classification\archive\dataset\diabetic_retinopathy\11091_right.jpeg,diabetic_retinopathy/11091_right.jpeg,diabetic_retinopathy,512,512,3,35dc61fc0921de9a28ec1a0562bef3d8,11091,train
11098_left.jpeg,C:\projects\retina-ai-ocular-disease-classification\archive\dataset\diabetic_retinopathy\11098_left.jpeg,diabetic_retinopathy/11098_left.jpeg,diabetic_retinopathy,512,512,3,78f92fb59d3e9aba999ecfdd2fd7cfde,11098,train
11098_right.jpeg,C:\projects\retina-ai-ocular-disease-classification\archive\dataset\diabetic_retinopathy\11098_right.jpeg,diabetic_retinopathy/11098_right.jpeg,diabetic_retinopathy,512,512,3,e497bc3f208f2cfa013a551d804f6f25,11098,train
11113_left.jpeg,C:\projects\retina-ai-ocular-disease-classification\archive\dataset\diabetic_retinopathy\11113_left.jpeg,diabetic_retinopathy/11113_left.jpeg,diabetic_retinopathy,512,512,3,646403403885e9ba9c9e5844c3d90167,11113,train
11114_left.jpeg,C:\projects\retina-ai-ocular-disease-classification\archive\dataset\diabetic_retinopathy\11114_left.jpeg,diabetic_retinopathy/11114_left.jpeg,diabetic_retinopathy,512,512,3,e4e8a1e7385a2a7616fc2bbc8fd1ba1f,11114,train
11114_right.jpeg,C:\projects\retina-ai-ocular-disease-classification\archive\dataset\diabetic_retinopathy\11114_right.jpeg,diabetic_retinopathy/11114_right.jpeg,diabetic_retinopathy,512,512,3,3f6a3f048d5e805b4d00ae80a7bbd32f,11114,train
11115_right.jpeg,C:\projects\retina-ai-ocular-disease-classification\archive\dataset\diabetic_retinopathy\11115_right.jpeg,diabetic_retinopathy/11115_right.jpeg,diabetic_retinopathy,512,512,3,34fafaaa0740fed7bbf93463e2bf7209,11115,train
11117_left.jpeg,C:\projects\retina-ai-ocular-disease-classification\archive\dataset\diabetic_retinopathy\11117_left.jpeg,diabetic_retinopathy/11117_left.jpeg,diabetic_retinopathy,512,512,3,a2fbf4f076086dcb88ac55cefee77a9e,11117,train
11117_right.jpeg,C:\projects\retina-ai-ocular-disease-classification\archive\dataset\diabetic_retinopathy\11117_right.jpeg,diabetic_retinopathy/11117_right.jpeg,diabetic_retinopathy,512,512,3,8c9686768561965c388121e43f52dcfc,11117,train
1111_left.jpeg,C:\projects\retina-ai-ocular-disease-classification\archive\dataset\diabetic_retinopathy\1111_left.jpeg,diabetic_retinopathy/1111_left.jpeg,diabetic_retinopathy,512,512,3,4c7fa4574a83b5ef38b7166752ee1dc3,1111,train
1111_right.jpeg,C:\projects\retina-ai-ocular-disease-classification\archive\dataset\diabetic_retinopathy\1111_right.jpeg,diabetic_retinopathy/1111_right.jpeg,diabetic_retinopathy,512,512,3,b467c9fd9ab6dd711e50c10b1635bd12,1111,train
11120_left.jpeg,C:\projects\retina-ai-ocular-disease-classification\archive\dataset\diabetic_retinopathy\11120_left.jpeg,diabetic_retinopathy/11120_left.jpeg,diabetic_retinopathy,512,512,3,ee6c90214cbcfa26480256d17d9491de,11120,train
11120_right.jpeg,C:\projects\retina-ai-ocular-disease-classification\archive\dataset\diabetic_retinopathy\11120_right.jpeg,diabetic_retinopathy/11120_right.jpeg,diabetic_retinopathy,512,512,3,38f8ca92db8bb792a82ddafcfe811fe1,11120,train
11122_left.jpeg,C:\projects\retina-ai-ocular-disease-classification\archive\dataset\diabetic_retinopathy\11122_left.jpeg,diabetic_retinopathy/11122_left.jpeg,diabetic_retinopathy,512,512,3,fb62c92560e801d93507b60bc4218b71,11122,train
11122_right.jpeg,C:\projects\retina-ai-ocular-disease-classification\archive\dataset\diabetic_retinopathy\11122_right.jpeg,diabetic_retinopathy/11122_right.jpeg,diabetic_retinopathy,512,512,3,0edcac0e02761414a56e6263f30221b6,11122,train
11123_left.jpeg,C:\projects\retina-ai-ocular-disease-classification\archive\dataset\diabetic_retinopathy\11123_left.jpeg,diabetic_retinopathy/11123_left.jpeg,diabetic_retinopathy,512,512,3,02dc12e6dd8ea32cada3a39d812556ec,11123,train
11123_right.jpeg,C:\projects\retina-ai-ocular-disease-classification\archive\dataset\diabetic_retinopathy\11123_right.jpeg,diabetic_retinopathy/11123_right.jpeg,diabetic_retinopathy,512,512,3,6c5349afe87a8e71e4c741ed44f1306d,11123,train
11124_left.jpeg,C:\projects\retina-ai-ocular-disease-classification\archive\dataset\diabetic_retinopathy\11124_left.jpeg,diabetic_retinopathy/11124_left.jpeg,diabetic_retinopathy,512,512,3,5ce1ba1ad45fb185c2fffa2f9aaef569,11124,train
11130_left.jpeg,C:\projects\retina-ai-ocular-disease-classification\archive\dataset\diabetic_retinopathy\11130_left.jpeg,diabetic_retinopathy/11130_left.jpeg,diabetic_retinopathy,512,512,3,8593709babc2c7e502b2bb3bc2e53313,11130,train
11130_right.jpeg,C:\projects\retina-ai-ocular-disease-classification\archive\dataset\diabetic_retinopathy\11130_right.jpeg,diabetic_retinopathy/11130_right.jpeg,diabetic_retinopathy,512,512,3,88dd2da0d18a1e10f6f8dc32f96d6ac4,11130,train
11136_left.jpeg,C:\projects\retina-ai-ocular-disease-classification\archive\dataset\diabetic_retinopathy\11136_left.jpeg,diabetic_retinopathy/11136_left.jpeg,diabetic_retinopathy,512,512,3,0257c62742d7f2a63f11ac453d80f345,11136,train
11136_right.jpeg,C:\projects\retina-ai-ocular-disease-classification\archive\dataset\diabetic_retinopathy\11136_right.jpeg,diabetic_retinopathy/11136_right.jpeg,diabetic_retinopathy,512,512,3,c18a72f0b60847d60a24a1748f5a35b0,11136,train
11142_left.jpeg,C:\projects\retina-ai-ocular-disease-classification\archive\dataset\diabetic_retinopathy\11142_left.jpeg,diabetic_retinopathy/11142_left.jpeg,diabetic_retinopathy,512,512,3,2bf7c66d1180b37da5f5f9193538a4b0,11142,train
11147_left.jpeg,C:\projects\retina-ai-ocular-disease-classification\archive\dataset\diabetic_retinopathy\11147_left.jpeg,diabetic_retinopathy/11147_left.jpeg,diabetic_retinopathy,512,512,3,6ac80bd38b838d8e971ee47e3c4a792d,11147,train
11147_right.jpeg,C:\projects\retina-ai-ocular-disease-classification\archive\dataset\diabetic_retinopathy\11147_right.jpeg,diabetic_retinopathy/11147_right.jpeg,diabetic_retinopathy,512,512,3,cee0a3f68e651d2ab1f57f744967c82d,11147,train
11152_left.jpeg,C:\projects\retina-ai-ocular-disease-classification\archive\dataset\diabetic_retinopathy\11152_left.jpeg,diabetic_retinopathy/11152_left.jpeg,diabetic_retinopathy,512,512,3,dd46602ee1690444a51ec405e318fbd1,11152,train
11152_right.jpeg,C:\projects\retina-ai-ocular-disease-classification\archive\dataset\diabetic_retinopathy\11152_right.jpeg,diabetic_retinopathy/11152_right.jpeg,diabetic_retinopathy,512,512,3,fef68d2e4dded87525519f612ea1601a,11152,train
11153_left.jpeg,C:\projects\retina-ai-ocular-disease-classification\archive\dataset\diabetic_retinopathy\11153_left.jpeg,diabetic_retinopathy/11153_left.jpeg,diabetic_retinopathy,512,512,3,f906bc3402aa4f284e3cb6f9ce40ced0,11153,train
11153_right.jpeg,C:\projects\retina-ai-ocular-disease-classification\archive\dataset\diabetic_retinopathy\11153_right.jpeg,diabetic_retinopathy/11153_right.jpeg,diabetic_retinopathy,512,512,3,a4b8cdcc182c934fbe9a930a5206e56a,11153,train
11155_left.jpeg,C:\projects\retina-ai-ocular-disease-classification\archive\dataset\diabetic_retinopathy\11155_left.jpeg,diabetic_retinopathy/11155_left.jpeg,diabetic_retinopathy,512,512,3,8c1ff47a01e31d64ce1abaa0b8186482,11155,train
11155_right.jpeg,C:\projects\retina-ai-ocular-disease-classification\archive\dataset\diabetic_retinopathy\11155_right.jpeg,diabetic_retinopathy/11155_right.jpeg,diabetic_retinopathy,512,512,3,1979d4b6bee122df3460871564821ba5,11155,train
11156_left.jpeg,C:\projects\retina-ai-ocular-disease-classification\archive\dataset\diabetic_retinopathy\11156_left.jpeg,diabetic_retinopathy/11156_left.jpeg,diabetic_retinopathy,512,512,3,f19128088cf36d1bad80be01ac4d9551,11156,train
11156_right.jpeg,C:\projects\retina-ai-ocular-disease-classification\archive\dataset\diabetic_retinopathy\11156_right.jpeg,diabetic_retinopathy/11156_right.jpeg,diabetic_retinopathy,512,512,3,e048a1b42e2305b942103248e4d875e3,11156,train
11157_left.jpeg,C:\projects\retina-ai-ocular-disease-classification\archive\dataset\diabetic_retinopathy\11157_left.jpeg,diabetic_retinopathy/11157_left.jpeg,diabetic_retinopathy,512,512,3,8011e8374e96dc9928ba69760d73bc17,11157,train
11157_right.jpeg,C:\projects\retina-ai-ocular-disease-classification\archive\dataset\diabetic_retinopathy\11157_right.jpeg,diabetic_retinopathy/11157_right.jpeg,diabetic_retinopathy,512,512,3,20a529c5c180bd1ca368ff1edca1bd73,11157,train
11159_left.jpeg,C:\projects\retina-ai-ocular-disease-classification\archive\dataset\diabetic_retinopathy\11159_left.jpeg,diabetic_retinopathy/11159_left.jpeg,diabetic_retinopathy,512,512,3,f47982b0195396a9fb09ecf492bca8a3,11159,train
11159_right.jpeg,C:\projects\retina-ai-ocular-disease-classification\archive\dataset\diabetic_retinopathy\11159_right.jpeg,diabetic_retinopathy/11159_right.jpeg,diabetic_retinopathy,512,512,3,f869c5330f0c119aa7ee070f968b9194,11159,train
11161_left.jpeg,C:\projects\retina-ai-ocular-disease-classification\archive\dataset\diabetic_retinopathy\11161_left.jpeg,diabetic_retinopathy/11161_left.jpeg,diabetic_retinopathy,512,512,3,3f8e708779e136051f1078bc1d79b4e8,11161,train
11161_right.jpeg,C:\projects\retina-ai-ocular-disease-classification\archive\dataset\diabetic_retinopathy\11161_right.jpeg,diabetic_retinopathy/11161_right.jpeg,diabetic_retinopathy,512,512,3,c9500f636d752a6d2510163c29f6982e,11161,train
11164_left.jpeg,C:\projects\retina-ai-ocular-disease-classification\archive\dataset\diabetic_retinopathy\11164_left.jpeg,diabetic_retinopathy/11164_left.jpeg,diabetic_retinopathy,512,512,3,3c59a9d2cf2f6619c1e28d19213a1c50,11164,train
11165_left.jpeg,C:\projects\retina-ai-ocular-disease-classification\archive\dataset\diabetic_retinopathy\11165_left.jpeg,diabetic_retinopathy/11165_left.jpeg,diabetic_retinopathy,512,512,3,d530ebcd0d17449645ea7542c7c16e5e,11165,train
11165_right.jpeg,C:\projects\retina-ai-ocular-disease-classification\archive\dataset\diabetic_retinopathy\11165_right.jpeg,diabetic_retinopathy/11165_right.jpeg,diabetic_retinopathy,512,512,3,2d9790f60e05210240292cb5e4d87f2f,11165,train
11169_left.jpeg,C:\projects\retina-ai-ocular-disease-classification\archive\dataset\diabetic_retinopathy\11169_left.jpeg,diabetic_retinopathy/11169_left.jpeg,diabetic_retinopathy,512,512,3,3702cecde888b4ed431a0d043e48d725,11169,train
11169_right.jpeg,C:\projects\retina-ai-ocular-disease-classification\archive\dataset\diabetic_retinopathy\11169_right.jpeg,diabetic_retinopathy/11169_right.jpeg,diabetic_retinopathy,512,512,3,2dfe40b7d29a86a1a870e45a72c85d29,11169,train
11176_left.jpeg,C:\projects\retina-ai-ocular-disease-classification\archive\dataset\diabetic_retinopathy\11176_left.jpeg,diabetic_retinopathy/11176_left.jpeg,diabetic_retinopathy,512,512,3,95e2cb06fe3a2e105e863a086a5519ea,11176,train
11176_right.jpeg,C:\projects\retina-ai-ocular-disease-classification\archive\dataset\diabetic_retinopathy\11176_right.jpeg,diabetic_retinopathy/11176_right.jpeg,diabetic_retinopathy,512,512,3,20d6ea81a9a36434d1d60829367483a8,11176,train
11182_left.jpeg,C:\projects\retina-ai-ocular-disease-classification\archive\dataset\diabetic_retinopathy\11182_left.jpeg,diabetic_retinopathy/11182_left.jpeg,diabetic_retinopathy,512,512,3,4214cb0132a2bdd7d19acca978cc0c89,11182,train
11182_right.jpeg,C:\projects\retina-ai-ocular-disease-classification\archive\dataset\diabetic_retinopathy\11182_right.jpeg,diabetic_retinopathy/11182_right.jpeg,diabetic_retinopathy,512,512,3,68752a9ec68ccba6a0d817b8b7546ce9,11182,train
11196_left.jpeg,C:\projects\retina-ai-ocular-disease-classification\archive\dataset\diabetic_retinopathy\11196_left.jpeg,diabetic_retinopathy/11196_left.jpeg,diabetic_retinopathy,512,512,3,d2c8911ce065e73bc7e1341ed13fd677,11196,train
11198_left.jpeg,C:\projects\retina-ai-ocular-disease-classification\archive\dataset\diabetic_retinopathy\11198_left.jpeg,diabetic_retinopathy/11198_left.jpeg,diabetic_retinopathy,512,512,3,0fc289eaf2dff8c4da07e9c90a5a7eca,11198,train
11198_right.jpeg,C:\projects\retina-ai-ocular-disease-classification\archive\dataset\diabetic_retinopathy\11198_right.jpeg,diabetic_retinopathy/11198_right.jpeg,diabetic_retinopathy,512,512,3,b59045897fe3c0e3d5e4438b36d16d2a,11198,train
111_left.jpeg,C:\projects\retina-ai-ocular-disease-classification\archive\dataset\diabetic_retinopathy\111_left.jpeg,diabetic_retinopathy/111_left.jpeg,diabetic_retinopathy,512,512,3,3538b5eadda202d66010052363f47546,111,train
11203_left.jpeg,C:\projects\retina-ai-ocular-disease-classification\archive\dataset\diabetic_retinopathy\11203_left.jpeg,diabetic_retinopathy/11203_left.jpeg,diabetic_retinopathy,512,512,3,0b816b7f9aa284dfd512c972782c9d66,11203,train
11203_right.jpeg,C:\projects\retina-ai-ocular-disease-classification\archive\dataset\diabetic_retinopathy\11203_right.jpeg,diabetic_retinopathy/11203_right.jpeg,diabetic_retinopathy,512,512,3,4ade6a799d5726993aba83e4b7b8c037,11203,train
11206_right.jpeg,C:\projects\retina-ai-ocular-disease-classification\archive\dataset\diabetic_retinopathy\11206_right.jpeg,diabetic_retinopathy/11206_right.jpeg,diabetic_retinopathy,512,512,3,0cdf68306832929fe080d0279a5a38cd,11206,train
11216_left.jpeg,C:\projects\retina-ai-ocular-disease-classification\archive\dataset\diabetic_retinopathy\11216_left.jpeg,diabetic_retinopathy/11216_left.jpeg,diabetic_retinopathy,512,512,3,ad679261ce4fcfc19ea831629c695da7,11216,train
11219_right.jpeg,C:\projects\retina-ai-ocular-disease-classification\archive\dataset\diabetic_retinopathy\11219_right.jpeg,diabetic_retinopathy/11219_right.jpeg,diabetic_retinopathy,512,512,3,0a9dfe1ab4c29e73b0304786ac46203a,11219,train
11221_left.jpeg,C:\projects\retina-ai-ocular-disease-classification\archive\dataset\diabetic_retinopathy\11221_left.jpeg,diabetic_retinopathy/11221_left.jpeg,diabetic_retinopathy,512,512,3,2ddd1fe392c7f2bcc9905d2bd2d59a0d,11221,train
11221_right.jpeg,C:\projects\retina-ai-ocular-disease-classification\archive\dataset\diabetic_retinopathy\11221_right.jpeg,diabetic_retinopathy/11221_right.jpeg,diabetic_retinopathy,512,512,3,9da247086423164a1f8eadfce575b369,11221,train
11228_left.jpeg,C:\projects\retina-ai-ocular-disease-classification\archive\dataset\diabetic_retinopathy\11228_left.jpeg,diabetic_retinopathy/11228_left.jpeg,diabetic_retinopathy,512,512,3,87a7dd699502ef955d4a24e239f7e1c1,11228,train
11228_right.jpeg,C:\projects\retina-ai-ocular-disease-classification\archive\dataset\diabetic_retinopathy\11228_right.jpeg,diabetic_retinopathy/11228_right.jpeg,diabetic_retinopathy,512,512,3,8c1f04f1c0f6b0ab851ac1e6608227ff,11228,train
11229_left.jpeg,C:\projects\retina-ai-ocular-disease-classification\archive\dataset\diabetic_retinopathy\11229_left.jpeg,diabetic_retinopathy/11229_left.jpeg,diabetic_retinopathy,512,512,3,5fa05381266174aa247ae8638993e778,11229,train
11229_right.jpeg,C:\projects\retina-ai-ocular-disease-classification\archive\dataset\diabetic_retinopathy\11229_right.jpeg,diabetic_retinopathy/11229_right.jpeg,diabetic_retinopathy,512,512,3,472c7e4c3831842088c280fecf598645,11229,train
11231_left.jpeg,C:\projects\retina-ai-ocular-disease-classification\archive\dataset\diabetic_retinopathy\11231_left.jpeg,diabetic_retinopathy/11231_left.jpeg,diabetic_retinopathy,512,512,3,3888e9a0a9fd7ebeff910f9f656a9e0d,11231,train
11231_right.jpeg,C:\projects\retina-ai-ocular-disease-classification\archive\dataset\diabetic_retinopathy\11231_right.jpeg,diabetic_retinopathy/11231_right.jpeg,diabetic_retinopathy,512,512,3,45f44b04bdd519f204ac5ed05e6946a6,11231,train
11232_left.jpeg,C:\projects\retina-ai-ocular-disease-classification\archive\dataset\diabetic_retinopathy\11232_left.jpeg,diabetic_retinopathy/11232_left.jpeg,diabetic_retinopathy,512,512,3,730acae15ee8601ef29bfc4f77fa57d5,11232,train
11232_right.jpeg,C:\projects\retina-ai-ocular-disease-classification\archive\dataset\diabetic_retinopathy\11232_right.jpeg,diabetic_retinopathy/11232_right.jpeg,diabetic_retinopathy,512,512,3,e423a6d68ddace1998777d8c78fff6cd,11232,train
1123_left.jpeg,C:\projects\retina-ai-ocular-disease-classification\archive\dataset\diabetic_retinopathy\1123_left.jpeg,diabetic_retinopathy/1123_left.jpeg,diabetic_retinopathy,512,512,3,26acab54bced3248139dd6d6d06c5ec3,1123,train
1123_right.jpeg,C:\projects\retina-ai-ocular-disease-classification\archive\dataset\diabetic_retinopathy\1123_right.jpeg,diabetic_retinopathy/1123_right.jpeg,diabetic_retinopathy,512,512,3,d91ccf7f61ef3bd1a17f54b090a0ff0e,1123,train
11243_left.jpeg,C:\projects\retina-ai-ocular-disease-classification\archive\dataset\diabetic_retinopathy\11243_left.jpeg,diabetic_retinopathy/11243_left.jpeg,diabetic_retinopathy,512,512,3,e1128fd1ce21a5a58a69290332e1106e,11243,train
11243_right.jpeg,C:\projects\retina-ai-ocular-disease-classification\archive\dataset\diabetic_retinopathy\11243_right.jpeg,diabetic_retinopathy/11243_right.jpeg,diabetic_retinopathy,512,512,3,8fa805f4c5945c1c8650087f32809743,11243,train
11244_left.jpeg,C:\projects\retina-ai-ocular-disease-classification\archive\dataset\diabetic_retinopathy\11244_left.jpeg,diabetic_retinopathy/11244_left.jpeg,diabetic_retinopathy,512,512,3,07235a73b40f34e95e8b9b9bfe420c61,11244,train
11244_right.jpeg,C:\projects\retina-ai-ocular-disease-classification\archive\dataset\diabetic_retinopathy\11244_right.jpeg,diabetic_retinopathy/11244_right.jpeg,diabetic_retinopathy,512,512,3,5586bba103606fb8a18db7faa90cd0c6,11244,train
11246_left.jpeg,C:\projects\retina-ai-ocular-disease-classification\archive\dataset\diabetic_retinopathy\11246_left.jpeg,diabetic_retinopathy/11246_left.jpeg,diabetic_retinopathy,512,512,3,58ecfb1731047da3c274ee666609d88a,11246,train
11246_right.jpeg,C:\projects\retina-ai-ocular-disease-classification\archive\dataset\diabetic_retinopathy\11246_right.jpeg,diabetic_retinopathy/11246_right.jpeg,diabetic_retinopathy,512,512,3,aa344bbe6ee8971783a5bd72667c6a4e,11246,train
11261_left.jpeg,C:\projects\retina-ai-ocular-disease-classification\archive\dataset\diabetic_retinopathy\11261_left.jpeg,diabetic_retinopathy/11261_left.jpeg,diabetic_retinopathy,512,512,3,95c8588462f512c35cc30b0bf22a44d8,11261,train
11261_right.jpeg,C:\projects\retina-ai-ocular-disease-classification\archive\dataset\diabetic_retinopathy\11261_right.jpeg,diabetic_retinopathy/11261_right.jpeg,diabetic_retinopathy,512,512,3,0d363fcfeded5a73218ca5fcb6612027,11261,train
11267_left.jpeg,C:\projects\retina-ai-ocular-disease-classification\archive\dataset\diabetic_retinopathy\11267_left.jpeg,diabetic_retinopathy/11267_left.jpeg,diabetic_retinopathy,512,512,3,17bf12bfaecaf6a9b390e0f80f7f768d,11267,train
11267_right.jpeg,C:\projects\retina-ai-ocular-disease-classification\archive\dataset\diabetic_retinopathy\11267_right.jpeg,diabetic_retinopathy/11267_right.jpeg,diabetic_retinopathy,512,512,3,208eac32a78f80017dd1b87e9876432e,11267,train
11270_left.jpeg,C:\projects\retina-ai-ocular-disease-classification\archive\dataset\diabetic_retinopathy\11270_left.jpeg,diabetic_retinopathy/11270_left.jpeg,diabetic_retinopathy,512,512,3,01228b6d7c48a0d9b74f97e84bb03858,11270,train
11270_right.jpeg,C:\projects\retina-ai-ocular-disease-classification\archive\dataset\diabetic_retinopathy\11270_right.jpeg,diabetic_retinopathy/11270_right.jpeg,diabetic_retinopathy,512,512,3,c50a5edda51a934f5c008229cdd3a73f,11270,train
11271_left.jpeg,C:\projects\retina-ai-ocular-disease-classification\archive\dataset\diabetic_retinopathy\11271_left.jpeg,diabetic_retinopathy/11271_left.jpeg,diabetic_retinopathy,512,512,3,dd1cb4780d096b6015ccb21cc3cb625b,11271,train
11273_left.jpeg,C:\projects\retina-ai-ocular-disease-classification\archive\dataset\diabetic_retinopathy\11273_left.jpeg,diabetic_retinopathy/11273_left.jpeg,diabetic_retinopathy,512,512,3,68ffb1e18e6458b506419643627751d2,11273,train
11273_right.jpeg,C:\projects\retina-ai-ocular-disease-classification\archive\dataset\diabetic_retinopathy\11273_right.jpeg,diabetic_retinopathy/11273_right.jpeg,diabetic_retinopathy,512,512,3,669b58f49b4c180c8c4f6d4039029316,11273,train
11283_left.jpeg,C:\projects\retina-ai-ocular-disease-classification\archive\dataset\diabetic_retinopathy\11283_left.jpeg,diabetic_retinopathy/11283_left.jpeg,diabetic_retinopathy,512,512,3,9fd712de879a98ec00d25cec63df02c0,11283,train
11283_right.jpeg,C:\projects\retina-ai-ocular-disease-classification\archive\dataset\diabetic_retinopathy\11283_right.jpeg,diabetic_retinopathy/11283_right.jpeg,diabetic_retinopathy,512,512,3,9c62e9e47eb6a62f6febae21c93fccb3,11283,train
11288_left.jpeg,C:\projects\retina-ai-ocular-disease-classification\archive\dataset\diabetic_retinopathy\11288_left.jpeg,diabetic_retinopathy/11288_left.jpeg,diabetic_retinopathy,512,512,3,82c23d88ba4ad42bf9963c5c989ad3b7,11288,train
11288_right.jpeg,C:\projects\retina-ai-ocular-disease-classification\archive\dataset\diabetic_retinopathy\11288_right.jpeg,diabetic_retinopathy/11288_right.jpeg,diabetic_retinopathy,512,512,3,e0d71fb68133b44da00cf78492577fa0,11288,train
11289_left.jpeg,C:\projects\retina-ai-ocular-disease-classification\archive\dataset\diabetic_retinopathy\11289_left.jpeg,diabetic_retinopathy/11289_left.jpeg,diabetic_retinopathy,512,512,3,7f4a0217c37e19cfb6ddbbe7a53f9a44,11289,train
11289_right.jpeg,C:\projects\retina-ai-ocular-disease-classification\archive\dataset\diabetic_retinopathy\11289_right.jpeg,diabetic_retinopathy/11289_right.jpeg,diabetic_retinopathy,512,512,3,a0f0dd6357420c99c25e192d89fd0e64,11289,train
11291_left.jpeg,C:\projects\retina-ai-ocular-disease-classification\archive\dataset\diabetic_retinopathy\11291_left.jpeg,diabetic_retinopathy/11291_left.jpeg,diabetic_retinopathy,512,512,3,79df18bfb2093db8dcad52f2c22a8d3d,11291,train
11291_right.jpeg,C:\projects\retina-ai-ocular-disease-classification\archive\dataset\diabetic_retinopathy\11291_right.jpeg,diabetic_retinopathy/11291_right.jpeg,diabetic_retinopathy,512,512,3,9ed8e1cc9aae5f7e06d69a63b25dcd86,11291,train
11292_left.jpeg,C:\projects\retina-ai-ocular-disease-classification\archive\dataset\diabetic_retinopathy\11292_left.jpeg,diabetic_retinopathy/11292_left.jpeg,diabetic_retinopathy,512,512,3,70b604341bde74436f4acca72d55d35e,11292,train
11292_right.jpeg,C:\projects\retina-ai-ocular-disease-classification\archive\dataset\diabetic_retinopathy\11292_right.jpeg,diabetic_retinopathy/11292_right.jpeg,diabetic_retinopathy,512,512,3,982d6d0c9daf29d24f5f4a637ad73979,11292,train
11293_left.jpeg,C:\projects\retina-ai-ocular-disease-classification\archive\dataset\diabetic_retinopathy\11293_left.jpeg,diabetic_retinopathy/11293_left.jpeg,diabetic_retinopathy,512,512,3,2545eceaf10bbdcf80cd9506084b4e85,11293,train
11293_right.jpeg,C:\projects\retina-ai-ocular-disease-classification\archive\dataset\diabetic_retinopathy\11293_right.jpeg,diabetic_retinopathy/11293_right.jpeg,diabetic_retinopathy,512,512,3,16d1e590aa8e417ad6736a908d931b72,11293,train
11298_left.jpeg,C:\projects\retina-ai-ocular-disease-classification\archive\dataset\diabetic_retinopathy\11298_left.jpeg,diabetic_retinopathy/11298_left.jpeg,diabetic_retinopathy,512,512,3,bcf78551b4d904c01eb1bfc95b952066,11298,train
11299_left.jpeg,C:\projects\retina-ai-ocular-disease-classification\archive\dataset\diabetic_retinopathy\11299_left.jpeg,diabetic_retinopathy/11299_left.jpeg,diabetic_retinopathy,512,512,3,519b5bbcd07d8220ffa19220dc89f631,11299,train
11299_right.jpeg,C:\projects\retina-ai-ocular-disease-classification\archive\dataset\diabetic_retinopathy\11299_right.jpeg,diabetic_retinopathy/11299_right.jpeg,diabetic_retinopathy,512,512,3,736d1c4aa46a552cf4d2e24a37d6ca01,11299,train
11305_left.jpeg,C:\projects\retina-ai-ocular-disease-classification\archive\dataset\diabetic_retinopathy\11305_left.jpeg,diabetic_retinopathy/11305_left.jpeg,diabetic_retinopathy,512,512,3,82c35d0be074148f2b711050f698f43b,11305,train
11305_right.jpeg,C:\projects\retina-ai-ocular-disease-classification\archive\dataset\diabetic_retinopathy\11305_right.jpeg,diabetic_retinopathy/11305_right.jpeg,diabetic_retinopathy,512,512,3,e248921c51a63fd55018058dd8d7e07e,11305,train
11310_right.jpeg,C:\projects\retina-ai-ocular-disease-classification\archive\dataset\diabetic_retinopathy\11310_right.jpeg,diabetic_retinopathy/11310_right.jpeg,diabetic_retinopathy,512,512,3,9c0e34ed68571e65a760cea761505df9,11310,train
11313_left.jpeg,C:\projects\retina-ai-ocular-disease-classification\archive\dataset\diabetic_retinopathy\11313_left.jpeg,diabetic_retinopathy/11313_left.jpeg,diabetic_retinopathy,512,512,3,140d54256d4e6b5714568b0a04f45c75,11313,train
11313_right.jpeg,C:\projects\retina-ai-ocular-disease-classification\archive\dataset\diabetic_retinopathy\11313_right.jpeg,diabetic_retinopathy/11313_right.jpeg,diabetic_retinopathy,512,512,3,39fcf1d3a6511a110d5043d716934b45,11313,train
11314_left.jpeg,C:\projects\retina-ai-ocular-disease-classification\archive\dataset\diabetic_retinopathy\11314_left.jpeg,diabetic_retinopathy/11314_left.jpeg,diabetic_retinopathy,512,512,3,ad6842e1eac6d15db937e23bd13feb8e,11314,train
11314_right.jpeg,C:\projects\retina-ai-ocular-disease-classification\archive\dataset\diabetic_retinopathy\11314_right.jpeg,diabetic_retinopathy/11314_right.jpeg,diabetic_retinopathy,512,512,3,59334ca3dda706137c680be8552ba237,11314,train
11315_left.jpeg,C:\projects\retina-ai-ocular-disease-classification\archive\dataset\diabetic_retinopathy\11315_left.jpeg,diabetic_retinopathy/11315_left.jpeg,diabetic_retinopathy,512,512,3,2f03e2737ee27d81209722001226e03e,11315,train
11315_right.jpeg,C:\projects\retina-ai-ocular-disease-classification\archive\dataset\diabetic_retinopathy\11315_right.jpeg,diabetic_retinopathy/11315_right.jpeg,diabetic_retinopathy,512,512,3,3012c45260491e81975122ee4372cff8,11315,train
11316_left.jpeg,C:\projects\retina-ai-ocular-disease-classification\archive\dataset\diabetic_retinopathy\11316_left.jpeg,diabetic_retinopathy/11316_left.jpeg,diabetic_retinopathy,512,512,3,918336423896019584bd1a30438cf41a,11316,train
11316_right.jpeg,C:\projects\retina-ai-ocular-disease-classification\archive\dataset\diabetic_retinopathy\11316_right.jpeg,diabetic_retinopathy/11316_right.jpeg,diabetic_retinopathy,512,512,3,8f9fb08d640bb0c09b9d9faf3fa0befd,11316,train
11317_left.jpeg,C:\projects\retina-ai-ocular-disease-classification\archive\dataset\diabetic_retinopathy\11317_left.jpeg,diabetic_retinopathy/11317_left.jpeg,diabetic_retinopathy,512,512,3,d97d4c9392810ea091e84a5a7b35c441,11317,train
11317_right.jpeg,C:\projects\retina-ai-ocular-disease-classification\archive\dataset\diabetic_retinopathy\11317_right.jpeg,diabetic_retinopathy/11317_right.jpeg,diabetic_retinopathy,512,512,3,8371ef9ed100834c78ca1ac25d82819a,11317,train
11319_left.jpeg,C:\projects\retina-ai-ocular-disease-classification\archive\dataset\diabetic_retinopathy\11319_left.jpeg,diabetic_retinopathy/11319_left.jpeg,diabetic_retinopathy,512,512,3,ce55dc097e1ca262b821aa8de143c157,11319,train
11319_right.jpeg,C:\projects\retina-ai-ocular-disease-classification\archive\dataset\diabetic_retinopathy\11319_right.jpeg,diabetic_retinopathy/11319_right.jpeg,diabetic_retinopathy,512,512,3,af74235e075744af273a909da53704c7,11319,train
1131_left.jpeg,C:\projects\retina-ai-ocular-disease-classification\archive\dataset\diabetic_retinopathy\1131_left.jpeg,diabetic_retinopathy/1131_left.jpeg,diabetic_retinopathy,512,512,3,d5a6c25d86e2499b349640e3eebfc299,1131,train
1131_right.jpeg,C:\projects\retina-ai-ocular-disease-classification\archive\dataset\diabetic_retinopathy\1131_right.jpeg,diabetic_retinopathy/1131_right.jpeg,diabetic_retinopathy,512,512,3,6a4920d83cce2cd6a179e2d9f94faac6,1131,train
11321_right.jpeg,C:\projects\retina-ai-ocular-disease-classification\archive\dataset\diabetic_retinopathy\11321_right.jpeg,diabetic_retinopathy/11321_right.jpeg,diabetic_retinopathy,512,512,3,1602cc52dded73b07fa80bfb80b52a1e,11321,train
1133_left.jpeg,C:\projects\retina-ai-ocular-disease-classification\archive\dataset\diabetic_retinopathy\1133_left.jpeg,diabetic_retinopathy/1133_left.jpeg,diabetic_retinopathy,512,512,3,149868700d39efd9cc66b88a59d5b141,1133,train
1133_right.jpeg,C:\projects\retina-ai-ocular-disease-classification\archive\dataset\diabetic_retinopathy\1133_right.jpeg,diabetic_retinopathy/1133_right.jpeg,diabetic_retinopathy,512,512,3,bcfbccc33735beea5a94aabb59795c2f,1133,train
11340_left.jpeg,C:\projects\retina-ai-ocular-disease-classification\archive\dataset\diabetic_retinopathy\11340_left.jpeg,diabetic_retinopathy/11340_left.jpeg,diabetic_retinopathy,512,512,3,28c18a30c146adec0a84f953dc3040e8,11340,train
11340_right.jpeg,C:\projects\retina-ai-ocular-disease-classification\archive\dataset\diabetic_retinopathy\11340_right.jpeg,diabetic_retinopathy/11340_right.jpeg,diabetic_retinopathy,512,512,3,ed6e9a8cd0a0af851a78feeb6552b31c,11340,train
11349_left.jpeg,C:\projects\retina-ai-ocular-disease-classification\archive\dataset\diabetic_retinopathy\11349_left.jpeg,diabetic_retinopathy/11349_left.jpeg,diabetic_retinopathy,512,512,3,41bd903c9c3581b998cb996f2bdeaa84,11349,train
11364_left.jpeg,C:\projects\retina-ai-ocular-disease-classification\archive\dataset\diabetic_retinopathy\11364_left.jpeg,diabetic_retinopathy/11364_left.jpeg,diabetic_retinopathy,512,512,3,5c8293870482ef7adaf6bb3c053e4c1c,11364,train
11364_right.jpeg,C:\projects\retina-ai-ocular-disease-classification\archive\dataset\diabetic_retinopathy\11364_right.jpeg,diabetic_retinopathy/11364_right.jpeg,diabetic_retinopathy,512,512,3,da02133297cd11badb2d36e0f555b1ac,11364,train
11365_left.jpeg,C:\projects\retina-ai-ocular-disease-classification\archive\dataset\diabetic_retinopathy\11365_left.jpeg,diabetic_retinopathy/11365_left.jpeg,diabetic_retinopathy,512,512,3,1cdd825fbb41fe0c24258c449b7974cf,11365,train
11365_right.jpeg,C:\projects\retina-ai-ocular-disease-classification\archive\dataset\diabetic_retinopathy\11365_right.jpeg,diabetic_retinopathy/11365_right.jpeg,diabetic_retinopathy,512,512,3,2583220b8302409fc6183f294d1a74c6,11365,train
1136_left.jpeg,C:\projects\retina-ai-ocular-disease-classification\archive\dataset\diabetic_retinopathy\1136_left.jpeg,diabetic_retinopathy/1136_left.jpeg,diabetic_retinopathy,512,512,3,519de4aded434e4a69da0b582de608e0,1136,train
1136_right.jpeg,C:\projects\retina-ai-ocular-disease-classification\archive\dataset\diabetic_retinopathy\1136_right.jpeg,diabetic_retinopathy/1136_right.jpeg,diabetic_retinopathy,512,512,3,cfa5d589a13453d128b3e681be8ea984,1136,train
11370_right.jpeg,C:\projects\retina-ai-ocular-disease-classification\archive\dataset\diabetic_retinopathy\11370_right.jpeg,diabetic_retinopathy/11370_right.jpeg,diabetic_retinopathy,512,512,3,9f9d6f86fc29f6dc283b4e15c40dde0c,11370,train
11371_left.jpeg,C:\projects\retina-ai-ocular-disease-classification\archive\dataset\diabetic_retinopathy\11371_left.jpeg,diabetic_retinopathy/11371_left.jpeg,diabetic_retinopathy,512,512,3,2889ebb58e71dc3c4979136ebadad3a9,11371,train
11371_right.jpeg,C:\projects\retina-ai-ocular-disease-classification\archive\dataset\diabetic_retinopathy\11371_right.jpeg,diabetic_retinopathy/11371_right.jpeg,diabetic_retinopathy,512,512,3,d859bb12e00d0f48ebfb971b823e39a4,11371,train
11382_left.jpeg,C:\projects\retina-ai-ocular-disease-classification\archive\dataset\diabetic_retinopathy\11382_left.jpeg,diabetic_retinopathy/11382_left.jpeg,diabetic_retinopathy,512,512,3,394de27b68002666d802cf6f921b1de6,11382,train
11382_right.jpeg,C:\projects\retina-ai-ocular-disease-classification\archive\dataset\diabetic_retinopathy\11382_right.jpeg,diabetic_retinopathy/11382_right.jpeg,diabetic_retinopathy,512,512,3,524e2c288533c871118501d23ed913ee,11382,train
11385_left.jpeg,C:\projects\retina-ai-ocular-disease-classification\archive\dataset\diabetic_retinopathy\11385_left.jpeg,diabetic_retinopathy/11385_left.jpeg,diabetic_retinopathy,512,512,3,958eb0dcf5616f82ff4d10ada3eca14c,11385,train
11385_right.jpeg,C:\projects\retina-ai-ocular-disease-classification\archive\dataset\diabetic_retinopathy\11385_right.jpeg,diabetic_retinopathy/11385_right.jpeg,diabetic_retinopathy,512,512,3,ea7a1f454c1b5a83bac698127dd61d5b,11385,train
11388_left.jpeg,C:\projects\retina-ai-ocular-disease-classification\archive\dataset\diabetic_retinopathy\11388_left.jpeg,diabetic_retinopathy/11388_left.jpeg,diabetic_retinopathy,512,512,3,74e872a4cc4ddad82ce41879322faba8,11388,train
11388_right.jpeg,C:\projects\retina-ai-ocular-disease-classification\archive\dataset\diabetic_retinopathy\11388_right.jpeg,diabetic_retinopathy/11388_right.jpeg,diabetic_retinopathy,512,512,3,e470defad2d3f6060c3be6404f195a57,11388,train
1138_left.jpeg,C:\projects\retina-ai-ocular-disease-classification\archive\dataset\diabetic_retinopathy\1138_left.jpeg,diabetic_retinopathy/1138_left.jpeg,diabetic_retinopathy,512,512,3,fd2b1dde121012f71815f440e17f1971,1138,train
1138_right.jpeg,C:\projects\retina-ai-ocular-disease-classification\archive\dataset\diabetic_retinopathy\1138_right.jpeg,diabetic_retinopathy/1138_right.jpeg,diabetic_retinopathy,512,512,3,dd91e4865428a614a97c428300e84098,1138,train
11391_left.jpeg,C:\projects\retina-ai-ocular-disease-classification\archive\dataset\diabetic_retinopathy\11391_left.jpeg,diabetic_retinopathy/11391_left.jpeg,diabetic_retinopathy,512,512,3,c563e70b126b7f433c55a87127b31101,11391,train
11391_right.jpeg,C:\projects\retina-ai-ocular-disease-classification\archive\dataset\diabetic_retinopathy\11391_right.jpeg,diabetic_retinopathy/11391_right.jpeg,diabetic_retinopathy,512,512,3,8431e47a4a902fe623f8b45870fdfd1b,11391,train
11392_left.jpeg,C:\projects\retina-ai-ocular-disease-classification\archive\dataset\diabetic_retinopathy\11392_left.jpeg,diabetic_retinopathy/11392_left.jpeg,diabetic_retinopathy,512,512,3,ac72eadba8bae5461aaa5cb92bad727f,11392,train
11393_left.jpeg,C:\projects\retina-ai-ocular-disease-classification\archive\dataset\diabetic_retinopathy\11393_left.jpeg,diabetic_retinopathy/11393_left.jpeg,diabetic_retinopathy,512,512,3,87a5fd0ccf0de2e5625d4de49f4693f7,11393,train
11393_right.jpeg,C:\projects\retina-ai-ocular-disease-classification\archive\dataset\diabetic_retinopathy\11393_right.jpeg,diabetic_retinopathy/11393_right.jpeg,diabetic_retinopathy,512,512,3,a63a30064594c8f1dd91bb724edcd24c,11393,train
11397_left.jpeg,C:\projects\retina-ai-ocular-disease-classification\archive\dataset\diabetic_retinopathy\11397_left.jpeg,diabetic_retinopathy/11397_left.jpeg,diabetic_retinopathy,512,512,3,41862ca79f254c29063cbd53d63dd38b,11397,train
11397_right.jpeg,C:\projects\retina-ai-ocular-disease-classification\archive\dataset\diabetic_retinopathy\11397_right.jpeg,diabetic_retinopathy/11397_right.jpeg,diabetic_retinopathy,512,512,3,3703a64f5d01ff8284cbedb29f67db96,11397,train
11417_left.jpeg,C:\projects\retina-ai-ocular-disease-classification\archive\dataset\diabetic_retinopathy\11417_left.jpeg,diabetic_retinopathy/11417_left.jpeg,diabetic_retinopathy,512,512,3,d7bc32b5310ab992c849a7ddeda35835,11417,train
11417_right.jpeg,C:\projects\retina-ai-ocular-disease-classification\archive\dataset\diabetic_retinopathy\11417_right.jpeg,diabetic_retinopathy/11417_right.jpeg,diabetic_retinopathy,512,512,3,9345ee21298f32b7b87b108d6dad6d24,11417,train
11420_left.jpeg,C:\projects\retina-ai-ocular-disease-classification\archive\dataset\diabetic_retinopathy\11420_left.jpeg,diabetic_retinopathy/11420_left.jpeg,diabetic_retinopathy,512,512,3,f84e54237c26ab8065deba5acbe43ba1,11420,train
11420_right.jpeg,C:\projects\retina-ai-ocular-disease-classification\archive\dataset\diabetic_retinopathy\11420_right.jpeg,diabetic_retinopathy/11420_right.jpeg,diabetic_retinopathy,512,512,3,039fd32cca427b2c5a1dd216f13eb07e,11420,train
11421_left.jpeg,C:\projects\retina-ai-ocular-disease-classification\archive\dataset\diabetic_retinopathy\11421_left.jpeg,diabetic_retinopathy/11421_left.jpeg,diabetic_retinopathy,512,512,3,6a313268ef16333bcf4044f3bdb9b9e6,11421,train
11421_right.jpeg,C:\projects\retina-ai-ocular-disease-classification\archive\dataset\diabetic_retinopathy\11421_right.jpeg,diabetic_retinopathy/11421_right.jpeg,diabetic_retinopathy,512,512,3,544723182c7c40b7d8b153b351736884,11421,train
11428_left.jpeg,C:\projects\retina-ai-ocular-disease-classification\archive\dataset\diabetic_retinopathy\11428_left.jpeg,diabetic_retinopathy/11428_left.jpeg,diabetic_retinopathy,512,512,3,95a48bb40268d1f13be4b6949851bd9a,11428,train
11428_right.jpeg,C:\projects\retina-ai-ocular-disease-classification\archive\dataset\diabetic_retinopathy\11428_right.jpeg,diabetic_retinopathy/11428_right.jpeg,diabetic_retinopathy,512,512,3,318e65a9952c7b0167b4a6a9659b819f,11428,train
11432_left.jpeg,C:\projects\retina-ai-ocular-disease-classification\archive\dataset\diabetic_retinopathy\11432_left.jpeg,diabetic_retinopathy/11432_left.jpeg,diabetic_retinopathy,512,512,3,cca3aa4d3ccd237e5fcd790c19db3b71,11432,train
11432_right.jpeg,C:\projects\retina-ai-ocular-disease-classification\archive\dataset\diabetic_retinopathy\11432_right.jpeg,diabetic_retinopathy/11432_right.jpeg,diabetic_retinopathy,512,512,3,a0dfed6e38f45a6d63c9320f698d1e6f,11432,train
11435_left.jpeg,C:\projects\retina-ai-ocular-disease-classification\archive\dataset\diabetic_retinopathy\11435_left.jpeg,diabetic_retinopathy/11435_left.jpeg,diabetic_retinopathy,512,512,3,0f8915edde2a2f0f54257f1d48bd77c8,11435,train
11435_right.jpeg,C:\projects\retina-ai-ocular-disease-classification\archive\dataset\diabetic_retinopathy\11435_right.jpeg,diabetic_retinopathy/11435_right.jpeg,diabetic_retinopathy,512,512,3,f00421cf50fe0fd8e777bb2be6b9e33d,11435,train
11438_left.jpeg,C:\projects\retina-ai-ocular-disease-classification\archive\dataset\diabetic_retinopathy\11438_left.jpeg,diabetic_retinopathy/11438_left.jpeg,diabetic_retinopathy,512,512,3,3202f895a204c79f54dffc1c8176be79,11438,train
11438_right.jpeg,C:\projects\retina-ai-ocular-disease-classification\archive\dataset\diabetic_retinopathy\11438_right.jpeg,diabetic_retinopathy/11438_right.jpeg,diabetic_retinopathy,512,512,3,c3b2a14f97b5917e2468700f1ac87e21,11438,train
11443_left.jpeg,C:\projects\retina-ai-ocular-disease-classification\archive\dataset\diabetic_retinopathy\11443_left.jpeg,diabetic_retinopathy/11443_left.jpeg,diabetic_retinopathy,512,512,3,fea08661ce8f0c39008174d9f5d23840,11443,train
11443_right.jpeg,C:\projects\retina-ai-ocular-disease-classification\archive\dataset\diabetic_retinopathy\11443_right.jpeg,diabetic_retinopathy/11443_right.jpeg,diabetic_retinopathy,512,512,3,c8a9ff5f7275ccaecbb76ca4ad8c1e56,11443,train
11445_left.jpeg,C:\projects\retina-ai-ocular-disease-classification\archive\dataset\diabetic_retinopathy\11445_left.jpeg,diabetic_retinopathy/11445_left.jpeg,diabetic_retinopathy,512,512,3,1c2ef574a934983b528386188fbcf848,11445,train
11445_right.jpeg,C:\projects\retina-ai-ocular-disease-classification\archive\dataset\diabetic_retinopathy\11445_right.jpeg,diabetic_retinopathy/11445_right.jpeg,diabetic_retinopathy,512,512,3,17ecc77f85d58f12ad40090f60c25f91,11445,train
11446_left.jpeg,C:\projects\retina-ai-ocular-disease-classification\archive\dataset\diabetic_retinopathy\11446_left.jpeg,diabetic_retinopathy/11446_left.jpeg,diabetic_retinopathy,512,512,3,953155e02fb5078720ef2dd81559ac45,11446,train
11446_right.jpeg,C:\projects\retina-ai-ocular-disease-classification\archive\dataset\diabetic_retinopathy\11446_right.jpeg,diabetic_retinopathy/11446_right.jpeg,diabetic_retinopathy,512,512,3,caeb1d887d55cdc87982e1e98ccc5f1f,11446,train
11448_left.jpeg,C:\projects\retina-ai-ocular-disease-classification\archive\dataset\diabetic_retinopathy\11448_left.jpeg,diabetic_retinopathy/11448_left.jpeg,diabetic_retinopathy,512,512,3,5eeb7f2be4e9bbcdae6898fa3919c897,11448,train
11448_right.jpeg,C:\projects\retina-ai-ocular-disease-classification\archive\dataset\diabetic_retinopathy\11448_right.jpeg,diabetic_retinopathy/11448_right.jpeg,diabetic_retinopathy,512,512,3,b0034d4c8389682484859eb21a80357c,11448,train
1145_left.jpeg,C:\projects\retina-ai-ocular-disease-classification\archive\dataset\diabetic_retinopathy\1145_left.jpeg,diabetic_retinopathy/1145_left.jpeg,diabetic_retinopathy,512,512,3,a55b1f07cab83a7e5b5f059b32a05734,1145,train
1145_right.jpeg,C:\projects\retina-ai-ocular-disease-classification\archive\dataset\diabetic_retinopathy\1145_right.jpeg,diabetic_retinopathy/1145_right.jpeg,diabetic_retinopathy,512,512,3,fd1cc4375d5c0f727f59aa83fb51f03c,1145,train
11464_left.jpeg,C:\projects\retina-ai-ocular-disease-classification\archive\dataset\diabetic_retinopathy\11464_left.jpeg,diabetic_retinopathy/11464_left.jpeg,diabetic_retinopathy,512,512,3,979838903d8f0a28c589283fd65dcd77,11464,train
11464_right.jpeg,C:\projects\retina-ai-ocular-disease-classification\archive\dataset\diabetic_retinopathy\11464_right.jpeg,diabetic_retinopathy/11464_right.jpeg,diabetic_retinopathy,512,512,3,b2a03c56f1b6752958237362270bc6da,11464,train
1146_left.jpeg,C:\projects\retina-ai-ocular-disease-classification\archive\dataset\diabetic_retinopathy\1146_left.jpeg,diabetic_retinopathy/1146_left.jpeg,diabetic_retinopathy,512,512,3,7e3695f4f0f1915b4e7054505ceb39ca,1146,train
1146_right.jpeg,C:\projects\retina-ai-ocular-disease-classification\archive\dataset\diabetic_retinopathy\1146_right.jpeg,diabetic_retinopathy/1146_right.jpeg,diabetic_retinopathy,512,512,3,2927722db8eca7713f1ce47e86dea9ea,1146,train
11471_left.jpeg,C:\projects\retina-ai-ocular-disease-classification\archive\dataset\diabetic_retinopathy\11471_left.jpeg,diabetic_retinopathy/11471_left.jpeg,diabetic_retinopathy,512,512,3,d78953967420733b7a0421788ae4767c,11471,train
11471_right.jpeg,C:\projects\retina-ai-ocular-disease-classification\archive\dataset\diabetic_retinopathy\11471_right.jpeg,diabetic_retinopathy/11471_right.jpeg,diabetic_retinopathy,512,512,3,ba48933a08b4054ceb7f3ce804743670,11471,train
11474_left.jpeg,C:\projects\retina-ai-ocular-disease-classification\archive\dataset\diabetic_retinopathy\11474_left.jpeg,diabetic_retinopathy/11474_left.jpeg,diabetic_retinopathy,512,512,3,89123321ebb39a3f25de6f1586217aaf,11474,train
11474_right.jpeg,C:\projects\retina-ai-ocular-disease-classification\archive\dataset\diabetic_retinopathy\11474_right.jpeg,diabetic_retinopathy/11474_right.jpeg,diabetic_retinopathy,512,512,3,ef47f7321925ca433c5f88bb972927b7,11474,train
1147_left.jpeg,C:\projects\retina-ai-ocular-disease-classification\archive\dataset\diabetic_retinopathy\1147_left.jpeg,diabetic_retinopathy/1147_left.jpeg,diabetic_retinopathy,512,512,3,d7803508040c4dca28db025c97f9d229,1147,train
11482_left.jpeg,C:\projects\retina-ai-ocular-disease-classification\archive\dataset\diabetic_retinopathy\11482_left.jpeg,diabetic_retinopathy/11482_left.jpeg,diabetic_retinopathy,512,512,3,7c6d4421de86ad8ccce0bf716fd68b1d,11482,train
11482_right.jpeg,C:\projects\retina-ai-ocular-disease-classification\archive\dataset\diabetic_retinopathy\11482_right.jpeg,diabetic_retinopathy/11482_right.jpeg,diabetic_retinopathy,512,512,3,1a281a1ef667823d9efc5268032253c2,11482,train
11487_left.jpeg,C:\projects\retina-ai-ocular-disease-classification\archive\dataset\diabetic_retinopathy\11487_left.jpeg,diabetic_retinopathy/11487_left.jpeg,diabetic_retinopathy,512,512,3,2a46c49dd754ff3a902c9d72ab1e285c,11487,train
11487_right.jpeg,C:\projects\retina-ai-ocular-disease-classification\archive\dataset\diabetic_retinopathy\11487_right.jpeg,diabetic_retinopathy/11487_right.jpeg,diabetic_retinopathy,512,512,3,c1569af580d0bdca01fdc5b7a4964a97,11487,train
11495_left.jpeg,C:\projects\retina-ai-ocular-disease-classification\archive\dataset\diabetic_retinopathy\11495_left.jpeg,diabetic_retinopathy/11495_left.jpeg,diabetic_retinopathy,512,512,3,da11e77391413ce0769909c5a028079f,11495,train
11495_right.jpeg,C:\projects\retina-ai-ocular-disease-classification\archive\dataset\diabetic_retinopathy\11495_right.jpeg,diabetic_retinopathy/11495_right.jpeg,diabetic_retinopathy,512,512,3,3fac34bf9f1b2a5b6ca6e0799ec5a2fd,11495,train
11496_left.jpeg,C:\projects\retina-ai-ocular-disease-classification\archive\dataset\diabetic_retinopathy\11496_left.jpeg,diabetic_retinopathy/11496_left.jpeg,diabetic_retinopathy,512,512,3,73d7e6f68027e1983833993a75f84a8d,11496,train
11496_right.jpeg,C:\projects\retina-ai-ocular-disease-classification\archive\dataset\diabetic_retinopathy\11496_right.jpeg,diabetic_retinopathy/11496_right.jpeg,diabetic_retinopathy,512,512,3,a6a54032e4485c014c7874863c5faef1,11496,train
11500_left.jpeg,C:\projects\retina-ai-ocular-disease-classification\archive\dataset\diabetic_retinopathy\11500_left.jpeg,diabetic_retinopathy/11500_left.jpeg,diabetic_retinopathy,512,512,3,a0f5a8c17bb1ba352bbaf39758148ebe,11500,train
11500_right.jpeg,C:\projects\retina-ai-ocular-disease-classification\archive\dataset\diabetic_retinopathy\11500_right.jpeg,diabetic_retinopathy/11500_right.jpeg,diabetic_retinopathy,512,512,3,028ee6ddf6479dd9f6079bf6a62f93ba,11500,train
11504_left.jpeg,C:\projects\retina-ai-ocular-disease-classification\archive\dataset\diabetic_retinopathy\11504_left.jpeg,diabetic_retinopathy/11504_left.jpeg,diabetic_retinopathy,512,512,3,ea7fe2d53292f5122508c231e59da839,11504,train
11504_right.jpeg,C:\projects\retina-ai-ocular-disease-classification\archive\dataset\diabetic_retinopathy\11504_right.jpeg,diabetic_retinopathy/11504_right.jpeg,diabetic_retinopathy,512,512,3,d28c3934c649c671a23e70e0f68f544e,11504,train
11516_left.jpeg,C:\projects\retina-ai-ocular-disease-classification\archive\dataset\diabetic_retinopathy\11516_left.jpeg,diabetic_retinopathy/11516_left.jpeg,diabetic_retinopathy,512,512,3,e616e01f0d9dcb52530bae1e51972489,11516,train
11516_right.jpeg,C:\projects\retina-ai-ocular-disease-classification\archive\dataset\diabetic_retinopathy\11516_right.jpeg,diabetic_retinopathy/11516_right.jpeg,diabetic_retinopathy,512,512,3,961ac8a5c3769e6ee2252e98f696e5ba,11516,train
11519_left.jpeg,C:\projects\retina-ai-ocular-disease-classification\archive\dataset\diabetic_retinopathy\11519_left.jpeg,diabetic_retinopathy/11519_left.jpeg,diabetic_retinopathy,512,512,3,96027b23e0da577b143755ddcb9d6efe,11519,train
11520_left.jpeg,C:\projects\retina-ai-ocular-disease-classification\archive\dataset\diabetic_retinopathy\11520_left.jpeg,diabetic_retinopathy/11520_left.jpeg,diabetic_retinopathy,512,512,3,9e119afe9f4593809b608d808604c289,11520,train
11520_right.jpeg,C:\projects\retina-ai-ocular-disease-classification\archive\dataset\diabetic_retinopathy\11520_right.jpeg,diabetic_retinopathy/11520_right.jpeg,diabetic_retinopathy,512,512,3,9c72f61518b3d359e0292e3a7487ec7c,11520,train
11527_left.jpeg,C:\projects\retina-ai-ocular-disease-classification\archive\dataset\diabetic_retinopathy\11527_left.jpeg,diabetic_retinopathy/11527_left.jpeg,diabetic_retinopathy,512,512,3,c13822c25f62184cbe934ea82854e50f,11527,train
11527_right.jpeg,C:\projects\retina-ai-ocular-disease-classification\archive\dataset\diabetic_retinopathy\11527_right.jpeg,diabetic_retinopathy/11527_right.jpeg,diabetic_retinopathy,512,512,3,57904bb9420c4f8ea4281a5f42b2910d,11527,train
11529_left.jpeg,C:\projects\retina-ai-ocular-disease-classification\archive\dataset\diabetic_retinopathy\11529_left.jpeg,diabetic_retinopathy/11529_left.jpeg,diabetic_retinopathy,512,512,3,db9b28e28388e1d3166033619cbf1cf1,11529,train
11529_right.jpeg,C:\projects\retina-ai-ocular-disease-classification\archive\dataset\diabetic_retinopathy\11529_right.jpeg,diabetic_retinopathy/11529_right.jpeg,diabetic_retinopathy,512,512,3,611fabb841abd1ec2bf490968978f7df,11529,train
11541_left.jpeg,C:\projects\retina-ai-ocular-disease-classification\archive\dataset\diabetic_retinopathy\11541_left.jpeg,diabetic_retinopathy/11541_left.jpeg,diabetic_retinopathy,512,512,3,956424f70142969f5ad16b170db6a4ef,11541,train
11541_right.jpeg,C:\projects\retina-ai-ocular-disease-classification\archive\dataset\diabetic_retinopathy\11541_right.jpeg,diabetic_retinopathy/11541_right.jpeg,diabetic_retinopathy,512,512,3,18721bd6ce704951d9bd6294930e1811,11541,train
11542_left.jpeg,C:\projects\retina-ai-ocular-disease-classification\archive\dataset\diabetic_retinopathy\11542_left.jpeg,diabetic_retinopathy/11542_left.jpeg,diabetic_retinopathy,512,512,3,a3cbb4995b4594450877ca92e5d615d1,11542,train
11542_right.jpeg,C:\projects\retina-ai-ocular-disease-classification\archive\dataset\diabetic_retinopathy\11542_right.jpeg,diabetic_retinopathy/11542_right.jpeg,diabetic_retinopathy,512,512,3,152aad646b2ae4ded7e88d171740e218,11542,train
11546_left.jpeg,C:\projects\retina-ai-ocular-disease-classification\archive\dataset\diabetic_retinopathy\11546_left.jpeg,diabetic_retinopathy/11546_left.jpeg,diabetic_retinopathy,512,512,3,9c7c1e3997c9cbdc9eee88bab8668acd,11546,train
11546_right.jpeg,C:\projects\retina-ai-ocular-disease-classification\archive\dataset\diabetic_retinopathy\11546_right.jpeg,diabetic_retinopathy/11546_right.jpeg,diabetic_retinopathy,512,512,3,9424a6be3da076d6b0db0a39ae6646eb,11546,train
11550_left.jpeg,C:\projects\retina-ai-ocular-disease-classification\archive\dataset\diabetic_retinopathy\11550_left.jpeg,diabetic_retinopathy/11550_left.jpeg,diabetic_retinopathy,512,512,3,3e1085993115b0614e253951d4519de3,11550,train
11550_right.jpeg,C:\projects\retina-ai-ocular-disease-classification\archive\dataset\diabetic_retinopathy\11550_right.jpeg,diabetic_retinopathy/11550_right.jpeg,diabetic_retinopathy,512,512,3,484794338115cc69f70095a2aa5e5b56,11550,train
11551_left.jpeg,C:\projects\retina-ai-ocular-disease-classification\archive\dataset\diabetic_retinopathy\11551_left.jpeg,diabetic_retinopathy/11551_left.jpeg,diabetic_retinopathy,512,512,3,fe36488fd20893a73fb60a8a9927029c,11551,train
11553_left.jpeg,C:\projects\retina-ai-ocular-disease-classification\archive\dataset\diabetic_retinopathy\11553_left.jpeg,diabetic_retinopathy/11553_left.jpeg,diabetic_retinopathy,512,512,3,5d75899e59d26c019e2bf954961da8d4,11553,train
11553_right.jpeg,C:\projects\retina-ai-ocular-disease-classification\archive\dataset\diabetic_retinopathy\11553_right.jpeg,diabetic_retinopathy/11553_right.jpeg,diabetic_retinopathy,512,512,3,e30ac4cae24813bcfa60bd0718f65ee4,11553,train
11574_left.jpeg,C:\projects\retina-ai-ocular-disease-classification\archive\dataset\diabetic_retinopathy\11574_left.jpeg,diabetic_retinopathy/11574_left.jpeg,diabetic_retinopathy,512,512,3,9ee41c94d9507fcb7559f905aa1fbed3,11574,train
11574_right.jpeg,C:\projects\retina-ai-ocular-disease-classification\archive\dataset\diabetic_retinopathy\11574_right.jpeg,diabetic_retinopathy/11574_right.jpeg,diabetic_retinopathy,512,512,3,389d17dbb192f25d6ac8b56a8ec670c4,11574,train
11575_left.jpeg,C:\projects\retina-ai-ocular-disease-classification\archive\dataset\diabetic_retinopathy\11575_left.jpeg,diabetic_retinopathy/11575_left.jpeg,diabetic_retinopathy,512,512,3,425db821ecb6b50bca011ebbe5d8ff4b,11575,train
11579_left.jpeg,C:\projects\retina-ai-ocular-disease-classification\archive\dataset\diabetic_retinopathy\11579_left.jpeg,diabetic_retinopathy/11579_left.jpeg,diabetic_retinopathy,512,512,3,51d8e75a8fce87e74818bd6c8ff8893a,11579,train
11579_right.jpeg,C:\projects\retina-ai-ocular-disease-classification\archive\dataset\diabetic_retinopathy\11579_right.jpeg,diabetic_retinopathy/11579_right.jpeg,diabetic_retinopathy,512,512,3,c7e5a2d209bba103a2a426fde1f4e1af,11579,train
11584_left.jpeg,C:\projects\retina-ai-ocular-disease-classification\archive\dataset\diabetic_retinopathy\11584_left.jpeg,diabetic_retinopathy/11584_left.jpeg,diabetic_retinopathy,512,512,3,5271ffa803e82bb172a51980f8958843,11584,train
11584_right.jpeg,C:\projects\retina-ai-ocular-disease-classification\archive\dataset\diabetic_retinopathy\11584_right.jpeg,diabetic_retinopathy/11584_right.jpeg,diabetic_retinopathy,512,512,3,25a80f7d9e925e58f468d3d2cab939a3,11584,train
1161_left.jpeg,C:\projects\retina-ai-ocular-disease-classification\archive\dataset\diabetic_retinopathy\1161_left.jpeg,diabetic_retinopathy/1161_left.jpeg,diabetic_retinopathy,512,512,3,2db7dfbc071bf5dd47bd6f5a69267963,1161,train
1161_right.jpeg,C:\projects\retina-ai-ocular-disease-classification\archive\dataset\diabetic_retinopathy\1161_right.jpeg,diabetic_retinopathy/1161_right.jpeg,diabetic_retinopathy,512,512,3,dbff376043f746391151726371057a42,1161,train
1165_left.jpeg,C:\projects\retina-ai-ocular-disease-classification\archive\dataset\diabetic_retinopathy\1165_left.jpeg,diabetic_retinopathy/1165_left.jpeg,diabetic_retinopathy,512,512,3,bb57b8ce4ec15cd4d5f364216a12f2e5,1165,train
1167_left.jpeg,C:\projects\retina-ai-ocular-disease-classification\archive\dataset\diabetic_retinopathy\1167_left.jpeg,diabetic_retinopathy/1167_left.jpeg,diabetic_retinopathy,512,512,3,078edb0ad63719e202f53992f0aee6e9,1167,train
1167_right.jpeg,C:\projects\retina-ai-ocular-disease-classification\archive\dataset\diabetic_retinopathy\1167_right.jpeg,diabetic_retinopathy/1167_right.jpeg,diabetic_retinopathy,512,512,3,91be6e171fff2fea263686019e9fe124,1167,train
1170_left.jpeg,C:\projects\retina-ai-ocular-disease-classification\archive\dataset\diabetic_retinopathy\1170_left.jpeg,diabetic_retinopathy/1170_left.jpeg,diabetic_retinopathy,512,512,3,c3433942303f6a0bed1091917ae23a44,1170,train
1179_left.jpeg,C:\projects\retina-ai-ocular-disease-classification\archive\dataset\diabetic_retinopathy\1179_left.jpeg,diabetic_retinopathy/1179_left.jpeg,diabetic_retinopathy,512,512,3,c803a3d24e3c3ef60091872b2f5742e0,1179,train
1179_right.jpeg,C:\projects\retina-ai-ocular-disease-classification\archive\dataset\diabetic_retinopathy\1179_right.jpeg,diabetic_retinopathy/1179_right.jpeg,diabetic_retinopathy,512,512,3,a6f8f1375571977fe3f089f0ed5589ab,1179,train
117_left.jpeg,C:\projects\retina-ai-ocular-disease-classification\archive\dataset\diabetic_retinopathy\117_left.jpeg,diabetic_retinopathy/117_left.jpeg,diabetic_retinopathy,512,512,3,729a30e1a775e5d0afb9226243867106,117,train
117_right.jpeg,C:\projects\retina-ai-ocular-disease-classification\archive\dataset\diabetic_retinopathy\117_right.jpeg,diabetic_retinopathy/117_right.jpeg,diabetic_retinopathy,512,512,3,6aa6d95b8e44c8aaab286711c6ed8317,117,train
1192_left.jpeg,C:\projects\retina-ai-ocular-disease-classification\archive\dataset\diabetic_retinopathy\1192_left.jpeg,diabetic_retinopathy/1192_left.jpeg,diabetic_retinopathy,512,512,3,8de8a07166baf5838d5a8cdf34a2ccc4,1192,train
1192_right.jpeg,C:\projects\retina-ai-ocular-disease-classification\archive\dataset\diabetic_retinopathy\1192_right.jpeg,diabetic_retinopathy/1192_right.jpeg,diabetic_retinopathy,512,512,3,e9c585e46ca8455d5b02346e08ea5017,1192,train
1196_left.jpeg,C:\projects\retina-ai-ocular-disease-classification\archive\dataset\diabetic_retinopathy\1196_left.jpeg,diabetic_retinopathy/1196_left.jpeg,diabetic_retinopathy,512,512,3,ccc5eb171e19c1f3ffa015813315353d,1196,train
1196_right.jpeg,C:\projects\retina-ai-ocular-disease-classification\archive\dataset\diabetic_retinopathy\1196_right.jpeg,diabetic_retinopathy/1196_right.jpeg,diabetic_retinopathy,512,512,3,6c863393c9d523e9a5ce9c6decce863f,1196,train
119_left.jpeg,C:\projects\retina-ai-ocular-disease-classification\archive\dataset\diabetic_retinopathy\119_left.jpeg,diabetic_retinopathy/119_left.jpeg,diabetic_retinopathy,512,512,3,334808602417f0aa85e05a52590e591b,119,train
119_right.jpeg,C:\projects\retina-ai-ocular-disease-classification\archive\dataset\diabetic_retinopathy\119_right.jpeg,diabetic_retinopathy/119_right.jpeg,diabetic_retinopathy,512,512,3,d5a42c09fc576a7a99a9bd4f2a435732,119,train
1204_left.jpeg,C:\projects\retina-ai-ocular-disease-classification\archive\dataset\diabetic_retinopathy\1204_left.jpeg,diabetic_retinopathy/1204_left.jpeg,diabetic_retinopathy,512,512,3,50e79cf980eb91499a399db1bfe5a864,1204,train
1204_right.jpeg,C:\projects\retina-ai-ocular-disease-classification\archive\dataset\diabetic_retinopathy\1204_right.jpeg,diabetic_retinopathy/1204_right.jpeg,diabetic_retinopathy,512,512,3,2cbe25ef9d5edc7bffd6dd9305f3b673,1204,train
1206_left.jpeg,C:\projects\retina-ai-ocular-disease-classification\archive\dataset\diabetic_retinopathy\1206_left.jpeg,diabetic_retinopathy/1206_left.jpeg,diabetic_retinopathy,512,512,3,4142768dfc69307fc8ebc9f7825f55fe,1206,train
1206_right.jpeg,C:\projects\retina-ai-ocular-disease-classification\archive\dataset\diabetic_retinopathy\1206_right.jpeg,diabetic_retinopathy/1206_right.jpeg,diabetic_retinopathy,512,512,3,6cb1b42cce6b2183ead0b2b2015c22f4,1206,train
1211_left.jpeg,C:\projects\retina-ai-ocular-disease-classification\archive\dataset\diabetic_retinopathy\1211_left.jpeg,diabetic_retinopathy/1211_left.jpeg,diabetic_retinopathy,512,512,3,814db5ddefaf3528041943628633af93,1211,train
1211_right.jpeg,C:\projects\retina-ai-ocular-disease-classification\archive\dataset\diabetic_retinopathy\1211_right.jpeg,diabetic_retinopathy/1211_right.jpeg,diabetic_retinopathy,512,512,3,a3464cf406935937a0b91fb2e676d0ba,1211,train
1240_left.jpeg,C:\projects\retina-ai-ocular-disease-classification\archive\dataset\diabetic_retinopathy\1240_left.jpeg,diabetic_retinopathy/1240_left.jpeg,diabetic_retinopathy,512,512,3,90997968ed4d2d6c0e7bfd2fcf870e24,1240,train
1240_right.jpeg,C:\projects\retina-ai-ocular-disease-classification\archive\dataset\diabetic_retinopathy\1240_right.jpeg,diabetic_retinopathy/1240_right.jpeg,diabetic_retinopathy,512,512,3,2f0b76a7c2a2187842bec4863fe576ce,1240,train
1242_left.jpeg,C:\projects\retina-ai-ocular-disease-classification\archive\dataset\diabetic_retinopathy\1242_left.jpeg,diabetic_retinopathy/1242_left.jpeg,diabetic_retinopathy,512,512,3,7e6c4534dbd2f202fcf68b16610c1eea,1242,train
1242_right.jpeg,C:\projects\retina-ai-ocular-disease-classification\archive\dataset\diabetic_retinopathy\1242_right.jpeg,diabetic_retinopathy/1242_right.jpeg,diabetic_retinopathy,512,512,3,e6b8f0de1c86a8af6f264b7550dba1f2,1242,train
1260_left.jpeg,C:\projects\retina-ai-ocular-disease-classification\archive\dataset\diabetic_retinopathy\1260_left.jpeg,diabetic_retinopathy/1260_left.jpeg,diabetic_retinopathy,512,512,3,6d412ff609663af376c20d000df25088,1260,train
1260_right.jpeg,C:\projects\retina-ai-ocular-disease-classification\archive\dataset\diabetic_retinopathy\1260_right.jpeg,diabetic_retinopathy/1260_right.jpeg,diabetic_retinopathy,512,512,3,e06c3cc41dc515f7dded5f43081392c9,1260,train
1266_left.jpeg,C:\projects\retina-ai-ocular-disease-classification\archive\dataset\diabetic_retinopathy\1266_left.jpeg,diabetic_retinopathy/1266_left.jpeg,diabetic_retinopathy,512,512,3,2060e1b49c06a7b6caf85f89716dfe84,1266,train
1266_right.jpeg,C:\projects\retina-ai-ocular-disease-classification\archive\dataset\diabetic_retinopathy\1266_right.jpeg,diabetic_retinopathy/1266_right.jpeg,diabetic_retinopathy,512,512,3,2fe908295512c179590e312bb61de03e,1266,train
1267_left.jpeg,C:\projects\retina-ai-ocular-disease-classification\archive\dataset\diabetic_retinopathy\1267_left.jpeg,diabetic_retinopathy/1267_left.jpeg,diabetic_retinopathy,512,512,3,47ff6fddbbb82180526d2965c7a31213,1267,train
1267_right.jpeg,C:\projects\retina-ai-ocular-disease-classification\archive\dataset\diabetic_retinopathy\1267_right.jpeg,diabetic_retinopathy/1267_right.jpeg,diabetic_retinopathy,512,512,3,10f45b9fa5f596ef8d07eba5dc8512cd,1267,train
1269_right.jpeg,C:\projects\retina-ai-ocular-disease-classification\archive\dataset\diabetic_retinopathy\1269_right.jpeg,diabetic_retinopathy/1269_right.jpeg,diabetic_retinopathy,512,512,3,ef810a2cffc6e0ac7dbbf1bb98a33e3a,1269,train
1272_left.jpeg,C:\projects\retina-ai-ocular-disease-classification\archive\dataset\diabetic_retinopathy\1272_left.jpeg,diabetic_retinopathy/1272_left.jpeg,diabetic_retinopathy,512,512,3,f98d74a1d635c4bcdacaebda4d8b371d,1272,train
1272_right.jpeg,C:\projects\retina-ai-ocular-disease-classification\archive\dataset\diabetic_retinopathy\1272_right.jpeg,diabetic_retinopathy/1272_right.jpeg,diabetic_retinopathy,512,512,3,9f4e3a5f36f03813bb0e1c19dcead73f,1272,train
1275_left.jpeg,C:\projects\retina-ai-ocular-disease-classification\archive\dataset\diabetic_retinopathy\1275_left.jpeg,diabetic_retinopathy/1275_left.jpeg,diabetic_retinopathy,512,512,3,e69f24015a3bf70d40e0cafb2ef9b0b6,1275,train
1275_right.jpeg,C:\projects\retina-ai-ocular-disease-classification\archive\dataset\diabetic_retinopathy\1275_right.jpeg,diabetic_retinopathy/1275_right.jpeg,diabetic_retinopathy,512,512,3,cd0ac12bc9a96f2250f9d06a57ac6f4b,1275,train
1277_left.jpeg,C:\projects\retina-ai-ocular-disease-classification\archive\dataset\diabetic_retinopathy\1277_left.jpeg,diabetic_retinopathy/1277_left.jpeg,diabetic_retinopathy,512,512,3,c27815da81868c62728fa53c568dd60e,1277,train
1277_right.jpeg,C:\projects\retina-ai-ocular-disease-classification\archive\dataset\diabetic_retinopathy\1277_right.jpeg,diabetic_retinopathy/1277_right.jpeg,diabetic_retinopathy,512,512,3,730fcdfb70fd99bcd215ee3cee6802d0,1277,train
1289_left.jpeg,C:\projects\retina-ai-ocular-disease-classification\archive\dataset\diabetic_retinopathy\1289_left.jpeg,diabetic_retinopathy/1289_left.jpeg,diabetic_retinopathy,512,512,3,a6fa6f2f1fe06ee21f944a8c8ba48c8f,1289,train
1289_right.jpeg,C:\projects\retina-ai-ocular-disease-classification\archive\dataset\diabetic_retinopathy\1289_right.jpeg,diabetic_retinopathy/1289_right.jpeg,diabetic_retinopathy,512,512,3,1bb25a6b8f6813b1b7cbd8b44594e935,1289,train
1292_right.jpeg,C:\projects\retina-ai-ocular-disease-classification\archive\dataset\diabetic_retinopathy\1292_right.jpeg,diabetic_retinopathy/1292_right.jpeg,diabetic_retinopathy,512,512,3,95cc89303dd1b78155680463e1ae7f3e,1292,train
1294_left.jpeg,C:\projects\retina-ai-ocular-disease-classification\archive\dataset\diabetic_retinopathy\1294_left.jpeg,diabetic_retinopathy/1294_left.jpeg,diabetic_retinopathy,512,512,3,08e452bb7864d4783232e864457ed723,1294,train
1297_left.jpeg,C:\projects\retina-ai-ocular-disease-classification\archive\dataset\diabetic_retinopathy\1297_left.jpeg,diabetic_retinopathy/1297_left.jpeg,diabetic_retinopathy,512,512,3,b7c950ba445f45c11136dc998dbdbc83,1297,train
1297_right.jpeg,C:\projects\retina-ai-ocular-disease-classification\archive\dataset\diabetic_retinopathy\1297_right.jpeg,diabetic_retinopathy/1297_right.jpeg,diabetic_retinopathy,512,512,3,8374cdf545d9c1ed5ad914a508071952,1297,train
129_left.jpeg,C:\projects\retina-ai-ocular-disease-classification\archive\dataset\diabetic_retinopathy\129_left.jpeg,diabetic_retinopathy/129_left.jpeg,diabetic_retinopathy,512,512,3,2c8616c4b362f70845defb48d7dbb6d4,129,train
129_right.jpeg,C:\projects\retina-ai-ocular-disease-classification\archive\dataset\diabetic_retinopathy\129_right.jpeg,diabetic_retinopathy/129_right.jpeg,diabetic_retinopathy,512,512,3,23696afe253f4d18eb76d400693395ea,129,train
1305_left.jpeg,C:\projects\retina-ai-ocular-disease-classification\archive\dataset\diabetic_retinopathy\1305_left.jpeg,diabetic_retinopathy/1305_left.jpeg,diabetic_retinopathy,512,512,3,bd934b6042559e4caace1d945c9da8fb,1305,train
1305_right.jpeg,C:\projects\retina-ai-ocular-disease-classification\archive\dataset\diabetic_retinopathy\1305_right.jpeg,diabetic_retinopathy/1305_right.jpeg,diabetic_retinopathy,512,512,3,bbe4e6ef5539c687c32ae765178eb025,1305,train
1000_left.jpeg,C:\projects\retina-ai-ocular-disease-classification\archive\dataset\diabetic_retinopathy\1000_left.jpeg,diabetic_retinopathy/1000_left.jpeg,diabetic_retinopathy,512,512,3,b45412a3b00dbc594cdb1e5a489e87d2,1000,val
1000_right.jpeg,C:\projects\retina-ai-ocular-disease-classification\archive\dataset\diabetic_retinopathy\1000_right.jpeg,diabetic_retinopathy/1000_right.jpeg,diabetic_retinopathy,512,512,3,8ac618d8e6b0abe97a14bbcb81d7da56,1000,val
10061_left.jpeg,C:\projects\retina-ai-ocular-disease-classification\archive\dataset\diabetic_retinopathy\10061_left.jpeg,diabetic_retinopathy/10061_left.jpeg,diabetic_retinopathy,512,512,3,c6e4d7d1640b55feae0091c0013891c4,10061,val
10061_right.jpeg,C:\projects\retina-ai-ocular-disease-classification\archive\dataset\diabetic_retinopathy\10061_right.jpeg,diabetic_retinopathy/10061_right.jpeg,diabetic_retinopathy,512,512,3,87e8b3798fe9f03608000f0288f37d6a,10061,val
10081_left.jpeg,C:\projects\retina-ai-ocular-disease-classification\archive\dataset\diabetic_retinopathy\10081_left.jpeg,diabetic_retinopathy/10081_left.jpeg,diabetic_retinopathy,512,512,3,86b955ef5905d0e2bc95e4bcfbf78af0,10081,val
10081_right.jpeg,C:\projects\retina-ai-ocular-disease-classification\archive\dataset\diabetic_retinopathy\10081_right.jpeg,diabetic_retinopathy/10081_right.jpeg,diabetic_retinopathy,512,512,3,bc0852a9e5e1b0f32dd5c767e11cc943,10081,val
1008_left.jpeg,C:\projects\retina-ai-ocular-disease-classification\archive\dataset\diabetic_retinopathy\1008_left.jpeg,diabetic_retinopathy/1008_left.jpeg,diabetic_retinopathy,512,512,3,34a2e65531830413e682016c10255b0f,1008,val
1008_right.jpeg,C:\projects\retina-ai-ocular-disease-classification\archive\dataset\diabetic_retinopathy\1008_right.jpeg,diabetic_retinopathy/1008_right.jpeg,diabetic_retinopathy,512,512,3,5b467da87cdd07ddf4bfc6268bb6634a,1008,val
10120_left.jpeg,C:\projects\retina-ai-ocular-disease-classification\archive\dataset\diabetic_retinopathy\10120_left.jpeg,diabetic_retinopathy/10120_left.jpeg,diabetic_retinopathy,512,512,3,3ea58ec9cb842c23ca35aad977911cec,10120,val
10120_right.jpeg,C:\projects\retina-ai-ocular-disease-classification\archive\dataset\diabetic_retinopathy\10120_right.jpeg,diabetic_retinopathy/10120_right.jpeg,diabetic_retinopathy,512,512,3,e6f22b4a675dbd465fd90938380c3f89,10120,val
10137_left.jpeg,C:\projects\retina-ai-ocular-disease-classification\archive\dataset\diabetic_retinopathy\10137_left.jpeg,diabetic_retinopathy/10137_left.jpeg,diabetic_retinopathy,512,512,3,04511958aaee117a1d3f718cf7e8370e,10137,val
10137_right.jpeg,C:\projects\retina-ai-ocular-disease-classification\archive\dataset\diabetic_retinopathy\10137_right.jpeg,diabetic_retinopathy/10137_right.jpeg,diabetic_retinopathy,512,512,3,acb942cfed09a1d9791e9d9f9145c7c2,10137,val
10150_left.jpeg,C:\projects\retina-ai-ocular-disease-classification\archive\dataset\diabetic_retinopathy\10150_left.jpeg,diabetic_retinopathy/10150_left.jpeg,diabetic_retinopathy,512,512,3,bcb40d3794a418081436d8f4e2d3fd07,10150,val
10150_right.jpeg,C:\projects\retina-ai-ocular-disease-classification\archive\dataset\diabetic_retinopathy\10150_right.jpeg,diabetic_retinopathy/10150_right.jpeg,diabetic_retinopathy,512,512,3,11ae3b67c4222ac0c7342f1f9e7dafad,10150,val
10166_left.jpeg,C:\projects\retina-ai-ocular-disease-classification\archive\dataset\diabetic_retinopathy\10166_left.jpeg,diabetic_retinopathy/10166_left.jpeg,diabetic_retinopathy,512,512,3,d2b60e9e769190df94f4bda2f19f8260,10166,val
10166_right.jpeg,C:\projects\retina-ai-ocular-disease-classification\archive\dataset\diabetic_retinopathy\10166_right.jpeg,diabetic_retinopathy/10166_right.jpeg,diabetic_retinopathy,512,512,3,ef516af6a2811ef455fc9b560f675663,10166,val
10210_left.jpeg,C:\projects\retina-ai-ocular-disease-classification\archive\dataset\diabetic_retinopathy\10210_left.jpeg,diabetic_retinopathy/10210_left.jpeg,diabetic_retinopathy,512,512,3,206fcfa57bf39b132089d790a70f0515,10210,val
10210_right.jpeg,C:\projects\retina-ai-ocular-disease-classification\archive\dataset\diabetic_retinopathy\10210_right.jpeg,diabetic_retinopathy/10210_right.jpeg,diabetic_retinopathy,512,512,3,c9691d7f8bcf4bfdcb9efb15b623332a,10210,val
1021_left.jpeg,C:\projects\retina-ai-ocular-disease-classification\archive\dataset\diabetic_retinopathy\1021_left.jpeg,diabetic_retinopathy/1021_left.jpeg,diabetic_retinopathy,512,512,3,2ad2c9575ccb5b94de8c5dfaea920a2f,1021,val
1021_right.jpeg,C:\projects\retina-ai-ocular-disease-classification\archive\dataset\diabetic_retinopathy\1021_right.jpeg,diabetic_retinopathy/1021_right.jpeg,diabetic_retinopathy,512,512,3,4193c3627d5ccffd752a21fce8d56d97,1021,val
10226_left.jpeg,C:\projects\retina-ai-ocular-disease-classification\archive\dataset\diabetic_retinopathy\10226_left.jpeg,diabetic_retinopathy/10226_left.jpeg,diabetic_retinopathy,512,512,3,39f286cc296bd4a450294926e80364af,10226,val
10226_right.jpeg,C:\projects\retina-ai-ocular-disease-classification\archive\dataset\diabetic_retinopathy\10226_right.jpeg,diabetic_retinopathy/10226_right.jpeg,diabetic_retinopathy,512,512,3,4a082f67ff2eef29c750fcbd1eec7cba,10226,val
10232_left.jpeg,C:\projects\retina-ai-ocular-disease-classification\archive\dataset\diabetic_retinopathy\10232_left.jpeg,diabetic_retinopathy/10232_left.jpeg,diabetic_retinopathy,512,512,3,ce54590d633276a39884dc793c5647e3,10232,val
10232_right.jpeg,C:\projects\retina-ai-ocular-disease-classification\archive\dataset\diabetic_retinopathy\10232_right.jpeg,diabetic_retinopathy/10232_right.jpeg,diabetic_retinopathy,512,512,3,4cfb129cfb827aae5bcb21fbfb6a0fb2,10232,val
10260_left.jpeg,C:\projects\retina-ai-ocular-disease-classification\archive\dataset\diabetic_retinopathy\10260_left.jpeg,diabetic_retinopathy/10260_left.jpeg,diabetic_retinopathy,512,512,3,48aed96a2b6ff3de65cbedaecd644a14,10260,val
10260_right.jpeg,C:\projects\retina-ai-ocular-disease-classification\archive\dataset\diabetic_retinopathy\10260_right.jpeg,diabetic_retinopathy/10260_right.jpeg,diabetic_retinopathy,512,512,3,8ed2168338ae5e4f921c915ce57f0292,10260,val
10265_left.jpeg,C:\projects\retina-ai-ocular-disease-classification\archive\dataset\diabetic_retinopathy\10265_left.jpeg,diabetic_retinopathy/10265_left.jpeg,diabetic_retinopathy,512,512,3,6ced799761114219169efcda7ddac35d,10265,val
10265_right.jpeg,C:\projects\retina-ai-ocular-disease-classification\archive\dataset\diabetic_retinopathy\10265_right.jpeg,diabetic_retinopathy/10265_right.jpeg,diabetic_retinopathy,512,512,3,f78ee1ea1b34f5aece658541c6ac595d,10265,val
10297_left.jpeg,C:\projects\retina-ai-ocular-disease-classification\archive\dataset\diabetic_retinopathy\10297_left.jpeg,diabetic_retinopathy/10297_left.jpeg,diabetic_retinopathy,512,512,3,85b5ffeddae1519a792ba3e5238d8e79,10297,val
10297_right.jpeg,C:\projects\retina-ai-ocular-disease-classification\archive\dataset\diabetic_retinopathy\10297_right.jpeg,diabetic_retinopathy/10297_right.jpeg,diabetic_retinopathy,512,512,3,9a4c7dd4371d821f788ef154491a57ac,10297,val
10303_left.jpeg,C:\projects\retina-ai-ocular-disease-classification\archive\dataset\diabetic_retinopathy\10303_left.jpeg,diabetic_retinopathy/10303_left.jpeg,diabetic_retinopathy,512,512,3,8c25d66da2ba0f852aa14e239e782c09,10303,val
10303_right.jpeg,C:\projects\retina-ai-ocular-disease-classification\archive\dataset\diabetic_retinopathy\10303_right.jpeg,diabetic_retinopathy/10303_right.jpeg,diabetic_retinopathy,512,512,3,4e49d59bc239a591146d97a2398c95ea,10303,val
10312_right.jpeg,C:\projects\retina-ai-ocular-disease-classification\archive\dataset\diabetic_retinopathy\10312_right.jpeg,diabetic_retinopathy/10312_right.jpeg,diabetic_retinopathy,512,512,3,d75f8839d3632187fe1a1bdc83ce1027,10312,val
10321_left.jpeg,C:\projects\retina-ai-ocular-disease-classification\archive\dataset\diabetic_retinopathy\10321_left.jpeg,diabetic_retinopathy/10321_left.jpeg,diabetic_retinopathy,512,512,3,3494fc3b690f780f31cc77679c88179c,10321,val
10321_right.jpeg,C:\projects\retina-ai-ocular-disease-classification\archive\dataset\diabetic_retinopathy\10321_right.jpeg,diabetic_retinopathy/10321_right.jpeg,diabetic_retinopathy,512,512,3,62a39c954294f89527a58d5e2a250611,10321,val
10337_left.jpeg,C:\projects\retina-ai-ocular-disease-classification\archive\dataset\diabetic_retinopathy\10337_left.jpeg,diabetic_retinopathy/10337_left.jpeg,diabetic_retinopathy,512,512,3,850fd00b2a8dcba2e7474d9ceac8e99b,10337,val
10337_right.jpeg,C:\projects\retina-ai-ocular-disease-classification\archive\dataset\diabetic_retinopathy\10337_right.jpeg,diabetic_retinopathy/10337_right.jpeg,diabetic_retinopathy,512,512,3,4e5ee4deac97e21fa8688a6514248229,10337,val
10339_left.jpeg,C:\projects\retina-ai-ocular-disease-classification\archive\dataset\diabetic_retinopathy\10339_left.jpeg,diabetic_retinopathy/10339_left.jpeg,diabetic_retinopathy,512,512,3,e3890c29abe0048841a557a16f0af596,10339,val
10339_right.jpeg,C:\projects\retina-ai-ocular-disease-classification\archive\dataset\diabetic_retinopathy\10339_right.jpeg,diabetic_retinopathy/10339_right.jpeg,diabetic_retinopathy,512,512,3,8d04320cf597eb77f3fe1b9dc93ca1ee,10339,val
10369_right.jpeg,C:\projects\retina-ai-ocular-disease-classification\archive\dataset\diabetic_retinopathy\10369_right.jpeg,diabetic_retinopathy/10369_right.jpeg,diabetic_retinopathy,512,512,3,cbb7e4c7cdb5f905cc8338fcf6f2b8da,10369,val
10389_left.jpeg,C:\projects\retina-ai-ocular-disease-classification\archive\dataset\diabetic_retinopathy\10389_left.jpeg,diabetic_retinopathy/10389_left.jpeg,diabetic_retinopathy,512,512,3,cd53aa72d92a53b07fa68bb53d231ba8,10389,val
10389_right.jpeg,C:\projects\retina-ai-ocular-disease-classification\archive\dataset\diabetic_retinopathy\10389_right.jpeg,diabetic_retinopathy/10389_right.jpeg,diabetic_retinopathy,512,512,3,142eb3fb516f13a3adb448b8c453b5d2,10389,val
10404_left.jpeg,C:\projects\retina-ai-ocular-disease-classification\archive\dataset\diabetic_retinopathy\10404_left.jpeg,diabetic_retinopathy/10404_left.jpeg,diabetic_retinopathy,512,512,3,72dc410e62307dcd53921a6ec89b77f0,10404,val
10404_right.jpeg,C:\projects\retina-ai-ocular-disease-classification\archive\dataset\diabetic_retinopathy\10404_right.jpeg,diabetic_retinopathy/10404_right.jpeg,diabetic_retinopathy,512,512,3,c2b6ff09d3d4db44ff19d6534dd0f2a4,10404,val
10408_left.jpeg,C:\projects\retina-ai-ocular-disease-classification\archive\dataset\diabetic_retinopathy\10408_left.jpeg,diabetic_retinopathy/10408_left.jpeg,diabetic_retinopathy,512,512,3,530100d37d85fe69eba26988473cc50b,10408,val
10408_right.jpeg,C:\projects\retina-ai-ocular-disease-classification\archive\dataset\diabetic_retinopathy\10408_right.jpeg,diabetic_retinopathy/10408_right.jpeg,diabetic_retinopathy,512,512,3,4c7df835669833c05a554b9c585178a7,10408,val
10458_left.jpeg,C:\projects\retina-ai-ocular-disease-classification\archive\dataset\diabetic_retinopathy\10458_left.jpeg,diabetic_retinopathy/10458_left.jpeg,diabetic_retinopathy,512,512,3,e9ea1ed01043db37d104e96872f61f4e,10458,val
10458_right.jpeg,C:\projects\retina-ai-ocular-disease-classification\archive\dataset\diabetic_retinopathy\10458_right.jpeg,diabetic_retinopathy/10458_right.jpeg,diabetic_retinopathy,512,512,3,ce7fc64549a67b0436edbf4e2bb0f11e,10458,val
10481_left.jpeg,C:\projects\retina-ai-ocular-disease-classification\archive\dataset\diabetic_retinopathy\10481_left.jpeg,diabetic_retinopathy/10481_left.jpeg,diabetic_retinopathy,512,512,3,44de33873c6a3021051f89b37b9d3f6f,10481,val
10481_right.jpeg,C:\projects\retina-ai-ocular-disease-classification\archive\dataset\diabetic_retinopathy\10481_right.jpeg,diabetic_retinopathy/10481_right.jpeg,diabetic_retinopathy,512,512,3,4612a5c93d61ab0ba2a83c24ef4def3a,10481,val
10489_left.jpeg,C:\projects\retina-ai-ocular-disease-classification\archive\dataset\diabetic_retinopathy\10489_left.jpeg,diabetic_retinopathy/10489_left.jpeg,diabetic_retinopathy,512,512,3,3a76064d36ded168b4acaff3e7774433,10489,val
10489_right.jpeg,C:\projects\retina-ai-ocular-disease-classification\archive\dataset\diabetic_retinopathy\10489_right.jpeg,diabetic_retinopathy/10489_right.jpeg,diabetic_retinopathy,512,512,3,22f3bb9eff6db8b671b77dff32f88fcb,10489,val
1049_left.jpeg,C:\projects\retina-ai-ocular-disease-classification\archive\dataset\diabetic_retinopathy\1049_left.jpeg,diabetic_retinopathy/1049_left.jpeg,diabetic_retinopathy,512,512,3,0ee9bef40a2d2ace0ebd56ba5bd358fa,1049,val
1049_right.jpeg,C:\projects\retina-ai-ocular-disease-classification\archive\dataset\diabetic_retinopathy\1049_right.jpeg,diabetic_retinopathy/1049_right.jpeg,diabetic_retinopathy,512,512,3,63d9eb9db9a63a33b08e8d023389cf00,1049,val
10510_left.jpeg,C:\projects\retina-ai-ocular-disease-classification\archive\dataset\diabetic_retinopathy\10510_left.jpeg,diabetic_retinopathy/10510_left.jpeg,diabetic_retinopathy,512,512,3,4a8b6498d0896c2f0e56b50562dc277e,10510,val
10510_right.jpeg,C:\projects\retina-ai-ocular-disease-classification\archive\dataset\diabetic_retinopathy\10510_right.jpeg,diabetic_retinopathy/10510_right.jpeg,diabetic_retinopathy,512,512,3,751bc686fbda971e3c39035aca14d84d,10510,val
10534_left.jpeg,C:\projects\retina-ai-ocular-disease-classification\archive\dataset\diabetic_retinopathy\10534_left.jpeg,diabetic_retinopathy/10534_left.jpeg,diabetic_retinopathy,512,512,3,76734dbce37015c4b02394dd901cf881,10534,val
10551_left.jpeg,C:\projects\retina-ai-ocular-disease-classification\archive\dataset\diabetic_retinopathy\10551_left.jpeg,diabetic_retinopathy/10551_left.jpeg,diabetic_retinopathy,512,512,3,62b543c6ff20d9124aabf4b54d59a0e4,10551,val
10551_right.jpeg,C:\projects\retina-ai-ocular-disease-classification\archive\dataset\diabetic_retinopathy\10551_right.jpeg,diabetic_retinopathy/10551_right.jpeg,diabetic_retinopathy,512,512,3,ca6d19fe0d22ff221efad6c80697b379,10551,val
10568_left.jpeg,C:\projects\retina-ai-ocular-disease-classification\archive\dataset\diabetic_retinopathy\10568_left.jpeg,diabetic_retinopathy/10568_left.jpeg,diabetic_retinopathy,512,512,3,10432b0209132570a73216e64e43ab98,10568,val
10568_right.jpeg,C:\projects\retina-ai-ocular-disease-classification\archive\dataset\diabetic_retinopathy\10568_right.jpeg,diabetic_retinopathy/10568_right.jpeg,diabetic_retinopathy,512,512,3,a442b7b069e6e01a930bf0e57b71bf90,10568,val
10619_left.jpeg,C:\projects\retina-ai-ocular-disease-classification\archive\dataset\diabetic_retinopathy\10619_left.jpeg,diabetic_retinopathy/10619_left.jpeg,diabetic_retinopathy,512,512,3,f958c2b3ae4c6b6b57c48054f78b7c3b,10619,val
10619_right.jpeg,C:\projects\retina-ai-ocular-disease-classification\archive\dataset\diabetic_retinopathy\10619_right.jpeg,diabetic_retinopathy/10619_right.jpeg,diabetic_retinopathy,512,512,3,796dfd096866eac34de940b4eeb0ab0f,10619,val
10622_left.jpeg,C:\projects\retina-ai-ocular-disease-classification\archive\dataset\diabetic_retinopathy\10622_left.jpeg,diabetic_retinopathy/10622_left.jpeg,diabetic_retinopathy,512,512,3,9587a5f5cb1b2352bedce7d3263418d3,10622,val
10623_left.jpeg,C:\projects\retina-ai-ocular-disease-classification\archive\dataset\diabetic_retinopathy\10623_left.jpeg,diabetic_retinopathy/10623_left.jpeg,diabetic_retinopathy,512,512,3,14a671be431e4a7231eb54be28fe1776,10623,val
10623_right.jpeg,C:\projects\retina-ai-ocular-disease-classification\archive\dataset\diabetic_retinopathy\10623_right.jpeg,diabetic_retinopathy/10623_right.jpeg,diabetic_retinopathy,512,512,3,3f316be2d742bcf4bce16782aab59afa,10623,val
10629_left.jpeg,C:\projects\retina-ai-ocular-disease-classification\archive\dataset\diabetic_retinopathy\10629_left.jpeg,diabetic_retinopathy/10629_left.jpeg,diabetic_retinopathy,512,512,3,ea355e2c60a90aedc1dc32ecb7169672,10629,val
10629_right.jpeg,C:\projects\retina-ai-ocular-disease-classification\archive\dataset\diabetic_retinopathy\10629_right.jpeg,diabetic_retinopathy/10629_right.jpeg,diabetic_retinopathy,512,512,3,33f18ac65a4476c95ca447fdc840ecb7,10629,val
10646_right.jpeg,C:\projects\retina-ai-ocular-disease-classification\archive\dataset\diabetic_retinopathy\10646_right.jpeg,diabetic_retinopathy/10646_right.jpeg,diabetic_retinopathy,512,512,3,0bdbbf50994ca23eec0f9c3a0d2dcc6c,10646,val
10650_left.jpeg,C:\projects\retina-ai-ocular-disease-classification\archive\dataset\diabetic_retinopathy\10650_left.jpeg,diabetic_retinopathy/10650_left.jpeg,diabetic_retinopathy,512,512,3,19e3e472795604fc33a6cc31ec03f60f,10650,val
10650_right.jpeg,C:\projects\retina-ai-ocular-disease-classification\archive\dataset\diabetic_retinopathy\10650_right.jpeg,diabetic_retinopathy/10650_right.jpeg,diabetic_retinopathy,512,512,3,be5a088230a4f73525d1e10a9715422e,10650,val
10743_left.jpeg,C:\projects\retina-ai-ocular-disease-classification\archive\dataset\diabetic_retinopathy\10743_left.jpeg,diabetic_retinopathy/10743_left.jpeg,diabetic_retinopathy,512,512,3,c0d3b344da86c041d1bcb85fd54c2ec8,10743,val
10752_left.jpeg,C:\projects\retina-ai-ocular-disease-classification\archive\dataset\diabetic_retinopathy\10752_left.jpeg,diabetic_retinopathy/10752_left.jpeg,diabetic_retinopathy,512,512,3,40828632ef63eb266b603dc592fea8bc,10752,val
10752_right.jpeg,C:\projects\retina-ai-ocular-disease-classification\archive\dataset\diabetic_retinopathy\10752_right.jpeg,diabetic_retinopathy/10752_right.jpeg,diabetic_retinopathy,512,512,3,eec7a44abf648e90d535450b6bd62655,10752,val
1076_right.jpeg,C:\projects\retina-ai-ocular-disease-classification\archive\dataset\diabetic_retinopathy\1076_right.jpeg,diabetic_retinopathy/1076_right.jpeg,diabetic_retinopathy,512,512,3,cd38a444d3e62396fc8408e53edd0cc2,1076,val
10772_left.jpeg,C:\projects\retina-ai-ocular-disease-classification\archive\dataset\diabetic_retinopathy\10772_left.jpeg,diabetic_retinopathy/10772_left.jpeg,diabetic_retinopathy,512,512,3,895961b193285659d27c4f56a2f1bcd5,10772,val
10772_right.jpeg,C:\projects\retina-ai-ocular-disease-classification\archive\dataset\diabetic_retinopathy\10772_right.jpeg,diabetic_retinopathy/10772_right.jpeg,diabetic_retinopathy,512,512,3,c575c6f5ca5be269b4609993769a14a4,10772,val
10777_right.jpeg,C:\projects\retina-ai-ocular-disease-classification\archive\dataset\diabetic_retinopathy\10777_right.jpeg,diabetic_retinopathy/10777_right.jpeg,diabetic_retinopathy,512,512,3,f49a573ff23fedd92455ec1b3628b9e0,10777,val
10779_left.jpeg,C:\projects\retina-ai-ocular-disease-classification\archive\dataset\diabetic_retinopathy\10779_left.jpeg,diabetic_retinopathy/10779_left.jpeg,diabetic_retinopathy,512,512,3,781f3d37b228d1ea4df5031ddeb8d06d,10779,val
10779_right.jpeg,C:\projects\retina-ai-ocular-disease-classification\archive\dataset\diabetic_retinopathy\10779_right.jpeg,diabetic_retinopathy/10779_right.jpeg,diabetic_retinopathy,512,512,3,ff38e947110afc321ec876a76aa08778,10779,val
10782_left.jpeg,C:\projects\retina-ai-ocular-disease-classification\archive\dataset\diabetic_retinopathy\10782_left.jpeg,diabetic_retinopathy/10782_left.jpeg,diabetic_retinopathy,512,512,3,6754cc6abe08491fc00d98bb100ee2e7,10782,val
10782_right.jpeg,C:\projects\retina-ai-ocular-disease-classification\archive\dataset\diabetic_retinopathy\10782_right.jpeg,diabetic_retinopathy/10782_right.jpeg,diabetic_retinopathy,512,512,3,79091f847b39651405020c3cc77f41a3,10782,val
10786_right.jpeg,C:\projects\retina-ai-ocular-disease-classification\archive\dataset\diabetic_retinopathy\10786_right.jpeg,diabetic_retinopathy/10786_right.jpeg,diabetic_retinopathy,512,512,3,5dfa415c9d8426cf275e782c360d6435,10786,val
10790_left.jpeg,C:\projects\retina-ai-ocular-disease-classification\archive\dataset\diabetic_retinopathy\10790_left.jpeg,diabetic_retinopathy/10790_left.jpeg,diabetic_retinopathy,512,512,3,0e8dd07ce05960e0fd497e51afafe6c0,10790,val
10790_right.jpeg,C:\projects\retina-ai-ocular-disease-classification\archive\dataset\diabetic_retinopathy\10790_right.jpeg,diabetic_retinopathy/10790_right.jpeg,diabetic_retinopathy,512,512,3,11b5d87e98f61b1f70c68a7b5d37ff98,10790,val
10808_right.jpeg,C:\projects\retina-ai-ocular-disease-classification\archive\dataset\diabetic_retinopathy\10808_right.jpeg,diabetic_retinopathy/10808_right.jpeg,diabetic_retinopathy,512,512,3,066d5879e4d52e39b5b67128dcabbc8d,10808,val
10833_left.jpeg,C:\projects\retina-ai-ocular-disease-classification\archive\dataset\diabetic_retinopathy\10833_left.jpeg,diabetic_retinopathy/10833_left.jpeg,diabetic_retinopathy,512,512,3,1a3715f7d1d55d19c72fd1607e4a061b,10833,val
10833_right.jpeg,C:\projects\retina-ai-ocular-disease-classification\archive\dataset\diabetic_retinopathy\10833_right.jpeg,diabetic_retinopathy/10833_right.jpeg,diabetic_retinopathy,512,512,3,feadc293d5034dd82ec945c25597d29f,10833,val
10838_left.jpeg,C:\projects\retina-ai-ocular-disease-classification\archive\dataset\diabetic_retinopathy\10838_left.jpeg,diabetic_retinopathy/10838_left.jpeg,diabetic_retinopathy,512,512,3,e41abccf77140c4beee98d8b70d66956,10838,val
10838_right.jpeg,C:\projects\retina-ai-ocular-disease-classification\archive\dataset\diabetic_retinopathy\10838_right.jpeg,diabetic_retinopathy/10838_right.jpeg,diabetic_retinopathy,512,512,3,16332b1c17bf90d058cc6e7e48dad3a3,10838,val
10853_left.jpeg,C:\projects\retina-ai-ocular-disease-classification\archive\dataset\diabetic_retinopathy\10853_left.jpeg,diabetic_retinopathy/10853_left.jpeg,diabetic_retinopathy,512,512,3,54ec334c44b64157e779a9591ba2214f,10853,val
10853_right.jpeg,C:\projects\retina-ai-ocular-disease-classification\archive\dataset\diabetic_retinopathy\10853_right.jpeg,diabetic_retinopathy/10853_right.jpeg,diabetic_retinopathy,512,512,3,fdaab64636b4809ab19c51dbacec0d8e,10853,val
10861_left.jpeg,C:\projects\retina-ai-ocular-disease-classification\archive\dataset\diabetic_retinopathy\10861_left.jpeg,diabetic_retinopathy/10861_left.jpeg,diabetic_retinopathy,512,512,3,e40ee01972af6f5a1045e94251ac425a,10861,val
10861_right.jpeg,C:\projects\retina-ai-ocular-disease-classification\archive\dataset\diabetic_retinopathy\10861_right.jpeg,diabetic_retinopathy/10861_right.jpeg,diabetic_retinopathy,512,512,3,52d51665a4bafc98ededd67dfd2a8d41,10861,val
10873_left.jpeg,C:\projects\retina-ai-ocular-disease-classification\archive\dataset\diabetic_retinopathy\10873_left.jpeg,diabetic_retinopathy/10873_left.jpeg,diabetic_retinopathy,512,512,3,db420b834eee6002ffa5be1fa97d7452,10873,val
10873_right.jpeg,C:\projects\retina-ai-ocular-disease-classification\archive\dataset\diabetic_retinopathy\10873_right.jpeg,diabetic_retinopathy/10873_right.jpeg,diabetic_retinopathy,512,512,3,2d306cf6b659d0e28dc789b94fc473b7,10873,val
10879_right.jpeg,C:\projects\retina-ai-ocular-disease-classification\archive\dataset\diabetic_retinopathy\10879_right.jpeg,diabetic_retinopathy/10879_right.jpeg,diabetic_retinopathy,512,512,3,8847d26c8b495f16cc3c2520874c6f53,10879,val
10897_left.jpeg,C:\projects\retina-ai-ocular-disease-classification\archive\dataset\diabetic_retinopathy\10897_left.jpeg,diabetic_retinopathy/10897_left.jpeg,diabetic_retinopathy,512,512,3,1fa2194375ec29c24eaaa3c4c36d6864,10897,val
10897_right.jpeg,C:\projects\retina-ai-ocular-disease-classification\archive\dataset\diabetic_retinopathy\10897_right.jpeg,diabetic_retinopathy/10897_right.jpeg,diabetic_retinopathy,512,512,3,b5c650c74f168b83d023930632a0f5c4,10897,val
10903_left.jpeg,C:\projects\retina-ai-ocular-disease-classification\archive\dataset\diabetic_retinopathy\10903_left.jpeg,diabetic_retinopathy/10903_left.jpeg,diabetic_retinopathy,512,512,3,d3e77bd290d03af780f4d5daf44abab7,10903,val
10903_right.jpeg,C:\projects\retina-ai-ocular-disease-classification\archive\dataset\diabetic_retinopathy\10903_right.jpeg,diabetic_retinopathy/10903_right.jpeg,diabetic_retinopathy,512,512,3,4c8e7206fd5dec46ff499e29f8506a47,10903,val
10913_left.jpeg,C:\projects\retina-ai-ocular-disease-classification\archive\dataset\diabetic_retinopathy\10913_left.jpeg,diabetic_retinopathy/10913_left.jpeg,diabetic_retinopathy,512,512,3,81d84287e9bf3d8b506f097a2cd804ee,10913,val
10913_right.jpeg,C:\projects\retina-ai-ocular-disease-classification\archive\dataset\diabetic_retinopathy\10913_right.jpeg,diabetic_retinopathy/10913_right.jpeg,diabetic_retinopathy,512,512,3,1628a9c1c123b1127200161ad9023f3e,10913,val
10915_left.jpeg,C:\projects\retina-ai-ocular-disease-classification\archive\dataset\diabetic_retinopathy\10915_left.jpeg,diabetic_retinopathy/10915_left.jpeg,diabetic_retinopathy,512,512,3,cbf35eda23d3c18d26a8c49ffe1cd90f,10915,val
10915_right.jpeg,C:\projects\retina-ai-ocular-disease-classification\archive\dataset\diabetic_retinopathy\10915_right.jpeg,diabetic_retinopathy/10915_right.jpeg,diabetic_retinopathy,512,512,3,8479230222a0a2599be5830de2e079cd,10915,val
10934_left.jpeg,C:\projects\retina-ai-ocular-disease-classification\archive\dataset\diabetic_retinopathy\10934_left.jpeg,diabetic_retinopathy/10934_left.jpeg,diabetic_retinopathy,512,512,3,465198e2dc2e6e073fb4fac06a243002,10934,val
10934_right.jpeg,C:\projects\retina-ai-ocular-disease-classification\archive\dataset\diabetic_retinopathy\10934_right.jpeg,diabetic_retinopathy/10934_right.jpeg,diabetic_retinopathy,512,512,3,05d03af56d9f57bb90da84d597adaeb4,10934,val
10962_left.jpeg,C:\projects\retina-ai-ocular-disease-classification\archive\dataset\diabetic_retinopathy\10962_left.jpeg,diabetic_retinopathy/10962_left.jpeg,diabetic_retinopathy,512,512,3,a11e349688f921d271e0723476c0ce26,10962,val
10962_right.jpeg,C:\projects\retina-ai-ocular-disease-classification\archive\dataset\diabetic_retinopathy\10962_right.jpeg,diabetic_retinopathy/10962_right.jpeg,diabetic_retinopathy,512,512,3,56801f2f455e45e0024f9befcda5a5fe,10962,val
10989_left.jpeg,C:\projects\retina-ai-ocular-disease-classification\archive\dataset\diabetic_retinopathy\10989_left.jpeg,diabetic_retinopathy/10989_left.jpeg,diabetic_retinopathy,512,512,3,78d7428d157feec88de2d0e9aa078aef,10989,val
10989_right.jpeg,C:\projects\retina-ai-ocular-disease-classification\archive\dataset\diabetic_retinopathy\10989_right.jpeg,diabetic_retinopathy/10989_right.jpeg,diabetic_retinopathy,512,512,3,2ac9396f88fd03450df6cf8401072cf6,10989,val
11053_left.jpeg,C:\projects\retina-ai-ocular-disease-classification\archive\dataset\diabetic_retinopathy\11053_left.jpeg,diabetic_retinopathy/11053_left.jpeg,diabetic_retinopathy,512,512,3,b898e198e8c19488bdf9e24a166d27e4,11053,val
11053_right.jpeg,C:\projects\retina-ai-ocular-disease-classification\archive\dataset\diabetic_retinopathy\11053_right.jpeg,diabetic_retinopathy/11053_right.jpeg,diabetic_retinopathy,512,512,3,e40bfff7dbabf5095bf614dabfae019e,11053,val
11121_left.jpeg,C:\projects\retina-ai-ocular-disease-classification\archive\dataset\diabetic_retinopathy\11121_left.jpeg,diabetic_retinopathy/11121_left.jpeg,diabetic_retinopathy,512,512,3,11a9c6ffd635fd2746c7aedaf5205bb6,11121,val
11121_right.jpeg,C:\projects\retina-ai-ocular-disease-classification\archive\dataset\diabetic_retinopathy\11121_right.jpeg,diabetic_retinopathy/11121_right.jpeg,diabetic_retinopathy,512,512,3,3cfed94c12f0b93fa6aaec268b6b53d3,11121,val
11181_left.jpeg,C:\projects\retina-ai-ocular-disease-classification\archive\dataset\diabetic_retinopathy\11181_left.jpeg,diabetic_retinopathy/11181_left.jpeg,diabetic_retinopathy,512,512,3,4a6b706c76b099037eec7285c4f925a1,11181,val
11181_right.jpeg,C:\projects\retina-ai-ocular-disease-classification\archive\dataset\diabetic_retinopathy\11181_right.jpeg,diabetic_retinopathy/11181_right.jpeg,diabetic_retinopathy,512,512,3,5dfb554444730691e381946f511cc3cf,11181,val
11187_left.jpeg,C:\projects\retina-ai-ocular-disease-classification\archive\dataset\diabetic_retinopathy\11187_left.jpeg,diabetic_retinopathy/11187_left.jpeg,diabetic_retinopathy,512,512,3,8d44dd5c66eedaadc5f1703e8ed064a9,11187,val
11187_right.jpeg,C:\projects\retina-ai-ocular-disease-classification\archive\dataset\diabetic_retinopathy\11187_right.jpeg,diabetic_retinopathy/11187_right.jpeg,diabetic_retinopathy,512,512,3,c1c1e951398aba11c5907f770b0ee445,11187,val
11197_left.jpeg,C:\projects\retina-ai-ocular-disease-classification\archive\dataset\diabetic_retinopathy\11197_left.jpeg,diabetic_retinopathy/11197_left.jpeg,diabetic_retinopathy,512,512,3,d85f4bf1d15aa27d848d96ebb03f6b17,11197,val
11197_right.jpeg,C:\projects\retina-ai-ocular-disease-classification\archive\dataset\diabetic_retinopathy\11197_right.jpeg,diabetic_retinopathy/11197_right.jpeg,diabetic_retinopathy,512,512,3,e3e0c504bd5d7de5d36f4ef0149ddf43,11197,val
11265_left.jpeg,C:\projects\retina-ai-ocular-disease-classification\archive\dataset\diabetic_retinopathy\11265_left.jpeg,diabetic_retinopathy/11265_left.jpeg,diabetic_retinopathy,512,512,3,57d7eb374d215d8d329b8470f5303b00,11265,val
11265_right.jpeg,C:\projects\retina-ai-ocular-disease-classification\archive\dataset\diabetic_retinopathy\11265_right.jpeg,diabetic_retinopathy/11265_right.jpeg,diabetic_retinopathy,512,512,3,e7a4df2dfba181c3d2f0b033f2e57765,11265,val
11335_right.jpeg,C:\projects\retina-ai-ocular-disease-classification\archive\dataset\diabetic_retinopathy\11335_right.jpeg,diabetic_retinopathy/11335_right.jpeg,diabetic_retinopathy,512,512,3,ae44823c2e338fcb1fb0918416b4939a,11335,val
11341_left.jpeg,C:\projects\retina-ai-ocular-disease-classification\archive\dataset\diabetic_retinopathy\11341_left.jpeg,diabetic_retinopathy/11341_left.jpeg,diabetic_retinopathy,512,512,3,544d18cb3d7b20efb14d92cbbce49485,11341,val
11341_right.jpeg,C:\projects\retina-ai-ocular-disease-classification\archive\dataset\diabetic_retinopathy\11341_right.jpeg,diabetic_retinopathy/11341_right.jpeg,diabetic_retinopathy,512,512,3,35bf6eeccd163a3efd1c0695cc4e18ef,11341,val
11345_left.jpeg,C:\projects\retina-ai-ocular-disease-classification\archive\dataset\diabetic_retinopathy\11345_left.jpeg,diabetic_retinopathy/11345_left.jpeg,diabetic_retinopathy,512,512,3,97eff4ac35de6cc1227380d3db0df9c5,11345,val
11345_right.jpeg,C:\projects\retina-ai-ocular-disease-classification\archive\dataset\diabetic_retinopathy\11345_right.jpeg,diabetic_retinopathy/11345_right.jpeg,diabetic_retinopathy,512,512,3,f20539c8d6120c93d04d7a5425a4b26f,11345,val
11378_left.jpeg,C:\projects\retina-ai-ocular-disease-classification\archive\dataset\diabetic_retinopathy\11378_left.jpeg,diabetic_retinopathy/11378_left.jpeg,diabetic_retinopathy,512,512,3,166a2cfce989c63ef62dd0b6841fe0aa,11378,val
11378_right.jpeg,C:\projects\retina-ai-ocular-disease-classification\archive\dataset\diabetic_retinopathy\11378_right.jpeg,diabetic_retinopathy/11378_right.jpeg,diabetic_retinopathy,512,512,3,e4a1e8a006c115d14c802aa0b4ed8ee8,11378,val
1139_left.jpeg,C:\projects\retina-ai-ocular-disease-classification\archive\dataset\diabetic_retinopathy\1139_left.jpeg,diabetic_retinopathy/1139_left.jpeg,diabetic_retinopathy,512,512,3,b3ba82f1707f20b94e687c6c9ff42b2e,1139,val
1139_right.jpeg,C:\projects\retina-ai-ocular-disease-classification\archive\dataset\diabetic_retinopathy\1139_right.jpeg,diabetic_retinopathy/1139_right.jpeg,diabetic_retinopathy,512,512,3,6d821d9ed33985130ffb66127d2ef041,1139,val
11408_left.jpeg,C:\projects\retina-ai-ocular-disease-classification\archive\dataset\diabetic_retinopathy\11408_left.jpeg,diabetic_retinopathy/11408_left.jpeg,diabetic_retinopathy,512,512,3,c5b36e479f17258ada9cf8113ee355a8,11408,val
11408_right.jpeg,C:\projects\retina-ai-ocular-disease-classification\archive\dataset\diabetic_retinopathy\11408_right.jpeg,diabetic_retinopathy/11408_right.jpeg,diabetic_retinopathy,512,512,3,eb90a11bb511c2fa455ae5a06cac180d,11408,val
11425_left.jpeg,C:\projects\retina-ai-ocular-disease-classification\archive\dataset\diabetic_retinopathy\11425_left.jpeg,diabetic_retinopathy/11425_left.jpeg,diabetic_retinopathy,512,512,3,0295f266a6329974e201690b44d7cf5f,11425,val
11425_right.jpeg,C:\projects\retina-ai-ocular-disease-classification\archive\dataset\diabetic_retinopathy\11425_right.jpeg,diabetic_retinopathy/11425_right.jpeg,diabetic_retinopathy,512,512,3,44a5e136540d15ab46883d9cada8c51f,11425,val
11439_left.jpeg,C:\projects\retina-ai-ocular-disease-classification\archive\dataset\diabetic_retinopathy\11439_left.jpeg,diabetic_retinopathy/11439_left.jpeg,diabetic_retinopathy,512,512,3,1665abd3222c41ee55159696ef28b2a1,11439,val
11439_right.jpeg,C:\projects\retina-ai-ocular-disease-classification\archive\dataset\diabetic_retinopathy\11439_right.jpeg,diabetic_retinopathy/11439_right.jpeg,diabetic_retinopathy,512,512,3,bf29c8fac63f745dd0c31b72b9b79943,11439,val
11455_left.jpeg,C:\projects\retina-ai-ocular-disease-classification\archive\dataset\diabetic_retinopathy\11455_left.jpeg,diabetic_retinopathy/11455_left.jpeg,diabetic_retinopathy,512,512,3,83d5d444cf059b2301c5b8e2a637554a,11455,val
11455_right.jpeg,C:\projects\retina-ai-ocular-disease-classification\archive\dataset\diabetic_retinopathy\11455_right.jpeg,diabetic_retinopathy/11455_right.jpeg,diabetic_retinopathy,512,512,3,a6f0d2fab9bed53a839f5a3587127a57,11455,val
11476_left.jpeg,C:\projects\retina-ai-ocular-disease-classification\archive\dataset\diabetic_retinopathy\11476_left.jpeg,diabetic_retinopathy/11476_left.jpeg,diabetic_retinopathy,512,512,3,6e3b445bd36e4f46d5c5e46eb62eb6f5,11476,val
11490_left.jpeg,C:\projects\retina-ai-ocular-disease-classification\archive\dataset\diabetic_retinopathy\11490_left.jpeg,diabetic_retinopathy/11490_left.jpeg,diabetic_retinopathy,512,512,3,48b405af5c03b8bdc7ec288f96e5dc37,11490,val
11490_right.jpeg,C:\projects\retina-ai-ocular-disease-classification\archive\dataset\diabetic_retinopathy\11490_right.jpeg,diabetic_retinopathy/11490_right.jpeg,diabetic_retinopathy,512,512,3,46ee6867de2f1cd1f77d33fcfca137db,11490,val
11598_right.jpeg,C:\projects\retina-ai-ocular-disease-classification\archive\dataset\diabetic_retinopathy\11598_right.jpeg,diabetic_retinopathy/11598_right.jpeg,diabetic_retinopathy,512,512,3,5bc54f81098159a476aae02895bb10ae,11598,val
1180_left.jpeg,C:\projects\retina-ai-ocular-disease-classification\archive\dataset\diabetic_retinopathy\1180_left.jpeg,diabetic_retinopathy/1180_left.jpeg,diabetic_retinopathy,512,512,3,4d838bd578d0ebeb9b8c35e9bfd9bf0c,1180,val
1180_right.jpeg,C:\projects\retina-ai-ocular-disease-classification\archive\dataset\diabetic_retinopathy\1180_right.jpeg,diabetic_retinopathy/1180_right.jpeg,diabetic_retinopathy,512,512,3,4f96e2fef90f00aa1d10f915ee1f7b79,1180,val
125_left.jpeg,C:\projects\retina-ai-ocular-disease-classification\archive\dataset\diabetic_retinopathy\125_left.jpeg,diabetic_retinopathy/125_left.jpeg,diabetic_retinopathy,512,512,3,ec6f2bc316052465f0a8fbeec802c812,125,val
125_right.jpeg,C:\projects\retina-ai-ocular-disease-classification\archive\dataset\diabetic_retinopathy\125_right.jpeg,diabetic_retinopathy/125_right.jpeg,diabetic_retinopathy,512,512,3,202dc4f91026d26f74c0c8712e04d5fa,125,val
1296_left.jpeg,C:\projects\retina-ai-ocular-disease-classification\archive\dataset\diabetic_retinopathy\1296_left.jpeg,diabetic_retinopathy/1296_left.jpeg,diabetic_retinopathy,512,512,3,1667530d7a47044e49ada00c5fc00951,1296,val
1296_right.jpeg,C:\projects\retina-ai-ocular-disease-classification\archive\dataset\diabetic_retinopathy\1296_right.jpeg,diabetic_retinopathy/1296_right.jpeg,diabetic_retinopathy,512,512,3,08e1b754c068ffcc8d8b81f153004cfa,1296,val
1302_left.jpeg,C:\projects\retina-ai-ocular-disease-classification\archive\dataset\diabetic_retinopathy\1302_left.jpeg,diabetic_retinopathy/1302_left.jpeg,diabetic_retinopathy,512,512,3,428b4d85d3d95d2f52e3bf5759f6f6f5,1302,val
1212_left.jpg,C:\projects\retina-ai-ocular-disease-classification\archive\dataset\glaucoma\1212_left.jpg,glaucoma/1212_left.jpg,glaucoma,512,512,3,9f43aaef31c97a57817a3ca47446881c,1212,test
1212_right.jpg,C:\projects\retina-ai-ocular-disease-classification\archive\dataset\glaucoma\1212_right.jpg,glaucoma/1212_right.jpg,glaucoma,512,512,3,b37b8786085e10f691e3cd5ad7701615,1212,test
1218_left.jpg,C:\projects\retina-ai-ocular-disease-classification\archive\dataset\glaucoma\1218_left.jpg,glaucoma/1218_left.jpg,glaucoma,512,512,3,f942801204395821d904ad5e5c924864,1218,test
1218_right.jpg,C:\projects\retina-ai-ocular-disease-classification\archive\dataset\glaucoma\1218_right.jpg,glaucoma/1218_right.jpg,glaucoma,512,512,3,870b59137895b78a2aa00d9acb389707,1218,test
1220_left.jpg,C:\projects\retina-ai-ocular-disease-classification\archive\dataset\glaucoma\1220_left.jpg,glaucoma/1220_left.jpg,glaucoma,512,512,3,b8a7eeef7fe8f8db867f29d7e9d23af9,1220,test
1220_right.jpg,C:\projects\retina-ai-ocular-disease-classification\archive\dataset\glaucoma\1220_right.jpg,glaucoma/1220_right.jpg,glaucoma,512,512,3,8ddb9289112e416a5645f3d8e9ab5bfa,1220,test
1226_left.jpg,C:\projects\retina-ai-ocular-disease-classification\archive\dataset\glaucoma\1226_left.jpg,glaucoma/1226_left.jpg,glaucoma,512,512,3,685f120b8aea91ceaa5efe80e0b3eb11,1226,test
1226_right.jpg,C:\projects\retina-ai-ocular-disease-classification\archive\dataset\glaucoma\1226_right.jpg,glaucoma/1226_right.jpg,glaucoma,512,512,3,850d39c232074e6f092a5169514e03db,1226,test
1231_left.jpg,C:\projects\retina-ai-ocular-disease-classification\archive\dataset\glaucoma\1231_left.jpg,glaucoma/1231_left.jpg,glaucoma,512,512,3,53b9bd50c7f65e2d2a55ab74ceab374c,1231,test
1231_right.jpg,C:\projects\retina-ai-ocular-disease-classification\archive\dataset\glaucoma\1231_right.jpg,glaucoma/1231_right.jpg,glaucoma,512,512,3,3c2ee2e6f6b35f49d7b117ba678ddb10,1231,test
1232_left.jpg,C:\projects\retina-ai-ocular-disease-classification\archive\dataset\glaucoma\1232_left.jpg,glaucoma/1232_left.jpg,glaucoma,512,512,3,e169376aab793cb04700cfc86e4f7ae0,1232,test
1232_right.jpg,C:\projects\retina-ai-ocular-disease-classification\archive\dataset\glaucoma\1232_right.jpg,glaucoma/1232_right.jpg,glaucoma,512,512,3,79593e60819db57f8da872a9bdb09f91,1232,test
1237_left.jpg,C:\projects\retina-ai-ocular-disease-classification\archive\dataset\glaucoma\1237_left.jpg,glaucoma/1237_left.jpg,glaucoma,512,512,3,76853c1b542f45583503ebb7cdb049d3,1237,test
1237_right.jpg,C:\projects\retina-ai-ocular-disease-classification\archive\dataset\glaucoma\1237_right.jpg,glaucoma/1237_right.jpg,glaucoma,512,512,3,0c9086f3fc5f5bcbf93341c832f33b43,1237,test
1259_left.jpg,C:\projects\retina-ai-ocular-disease-classification\archive\dataset\glaucoma\1259_left.jpg,glaucoma/1259_left.jpg,glaucoma,512,512,3,3271705648d89af32944524e86abe7b1,1259,test
1259_right.jpg,C:\projects\retina-ai-ocular-disease-classification\archive\dataset\glaucoma\1259_right.jpg,glaucoma/1259_right.jpg,glaucoma,512,512,3,97838ba629a34905f6a5151d15b29c86,1259,test
1265_left.jpg,C:\projects\retina-ai-ocular-disease-classification\archive\dataset\glaucoma\1265_left.jpg,glaucoma/1265_left.jpg,glaucoma,512,512,3,7316557810d8752d9bad8d3ce760a560,1265,test
1265_right.jpg,C:\projects\retina-ai-ocular-disease-classification\archive\dataset\glaucoma\1265_right.jpg,glaucoma/1265_right.jpg,glaucoma,512,512,3,4857af4361e7e5f0d2b04c4c53a8e53d,1265,test
1271_left.jpg,C:\projects\retina-ai-ocular-disease-classification\archive\dataset\glaucoma\1271_left.jpg,glaucoma/1271_left.jpg,glaucoma,512,512,3,ce1097f5b179baa6182e8d5acce6af2c,1271,test
1271_right.jpg,C:\projects\retina-ai-ocular-disease-classification\archive\dataset\glaucoma\1271_right.jpg,glaucoma/1271_right.jpg,glaucoma,512,512,3,3da03011117ca685f08302af3b75580e,1271,test
1288_left.jpg,C:\projects\retina-ai-ocular-disease-classification\archive\dataset\glaucoma\1288_left.jpg,glaucoma/1288_left.jpg,glaucoma,512,512,3,ff1e0566c8f30fc77b58bafa1c312b61,1288,test
1288_right.jpg,C:\projects\retina-ai-ocular-disease-classification\archive\dataset\glaucoma\1288_right.jpg,glaucoma/1288_right.jpg,glaucoma,512,512,3,7d3c667dd6b41e458945d2d0867cd97b,1288,test
1290_left.jpg,C:\projects\retina-ai-ocular-disease-classification\archive\dataset\glaucoma\1290_left.jpg,glaucoma/1290_left.jpg,glaucoma,512,512,3,0bd4848f1c7edb7c8f53b858c0212b71,1290,test
1290_right.jpg,C:\projects\retina-ai-ocular-disease-classification\archive\dataset\glaucoma\1290_right.jpg,glaucoma/1290_right.jpg,glaucoma,512,512,3,a1de72fe24257973f6097e32efba88a7,1290,test
1301_left.jpg,C:\projects\retina-ai-ocular-disease-classification\archive\dataset\glaucoma\1301_left.jpg,glaucoma/1301_left.jpg,glaucoma,512,512,3,d962ff9bf781165beb1c6c818f177a27,1301,test
1301_right.jpg,C:\projects\retina-ai-ocular-disease-classification\archive\dataset\glaucoma\1301_right.jpg,glaucoma/1301_right.jpg,glaucoma,512,512,3,474a55e08b631401ac965a20a1468624,1301,test
1309_left.jpg,C:\projects\retina-ai-ocular-disease-classification\archive\dataset\glaucoma\1309_left.jpg,glaucoma/1309_left.jpg,glaucoma,512,512,3,f5f1b455f4294e7f2faa150caa82297d,1309,test
1309_right.jpg,C:\projects\retina-ai-ocular-disease-classification\archive\dataset\glaucoma\1309_right.jpg,glaucoma/1309_right.jpg,glaucoma,512,512,3,350e8db1a044075d658ac54ac825de7e,1309,test
1345_left.jpg,C:\projects\retina-ai-ocular-disease-classification\archive\dataset\glaucoma\1345_left.jpg,glaucoma/1345_left.jpg,glaucoma,512,512,3,f8169202f7f9190ced31972fd2e0ec6a,1345,test
1345_right.jpg,C:\projects\retina-ai-ocular-disease-classification\archive\dataset\glaucoma\1345_right.jpg,glaucoma/1345_right.jpg,glaucoma,512,512,3,5f1299ac7c80942da2d91ed08d63534a,1345,test
1362_left.jpg,C:\projects\retina-ai-ocular-disease-classification\archive\dataset\glaucoma\1362_left.jpg,glaucoma/1362_left.jpg,glaucoma,512,512,3,74c2b7a32b68b86a0578e38cb961f191,1362,test
1362_right.jpg,C:\projects\retina-ai-ocular-disease-classification\archive\dataset\glaucoma\1362_right.jpg,glaucoma/1362_right.jpg,glaucoma,512,512,3,f1a4f3b513cba403939d83bed4de15cf,1362,test
1383_left.jpg,C:\projects\retina-ai-ocular-disease-classification\archive\dataset\glaucoma\1383_left.jpg,glaucoma/1383_left.jpg,glaucoma,512,512,3,e3d584511a7413c9c2af9b6953e944a0,1383,test
1405_left.jpg,C:\projects\retina-ai-ocular-disease-classification\archive\dataset\glaucoma\1405_left.jpg,glaucoma/1405_left.jpg,glaucoma,512,512,3,0df27ccf5c6f5ef6376614e22570b5ea,1405,test
1413_right.jpg,C:\projects\retina-ai-ocular-disease-classification\archive\dataset\glaucoma\1413_right.jpg,glaucoma/1413_right.jpg,glaucoma,512,512,3,ab6d23337e3707bb09a2fbf2876e2f8d,1413,test
1425_right.jpg,C:\projects\retina-ai-ocular-disease-classification\archive\dataset\glaucoma\1425_right.jpg,glaucoma/1425_right.jpg,glaucoma,512,512,3,d6eab6a2f993f70346985c52512ef431,1425,test
1434_left.jpg,C:\projects\retina-ai-ocular-disease-classification\archive\dataset\glaucoma\1434_left.jpg,glaucoma/1434_left.jpg,glaucoma,512,512,3,a95371a746c8a7b63200e845e07e7351,1434,test
1434_right.jpg,C:\projects\retina-ai-ocular-disease-classification\archive\dataset\glaucoma\1434_right.jpg,glaucoma/1434_right.jpg,glaucoma,512,512,3,5a2f70d4f1528182e0c0201c6291039b,1434,test
1447_left.jpg,C:\projects\retina-ai-ocular-disease-classification\archive\dataset\glaucoma\1447_left.jpg,glaucoma/1447_left.jpg,glaucoma,512,512,3,ae609672016bc378fcb384fe6bbf5d68,1447,test
1471_left.jpg,C:\projects\retina-ai-ocular-disease-classification\archive\dataset\glaucoma\1471_left.jpg,glaucoma/1471_left.jpg,glaucoma,512,512,3,1aa50022164cd6e8003cd2f8f7b062e8,1471,test
1477_left.jpg,C:\projects\retina-ai-ocular-disease-classification\archive\dataset\glaucoma\1477_left.jpg,glaucoma/1477_left.jpg,glaucoma,512,512,3,6e807390673a51c0c191bb22b085f870,1477,test
1477_right.jpg,C:\projects\retina-ai-ocular-disease-classification\archive\dataset\glaucoma\1477_right.jpg,glaucoma/1477_right.jpg,glaucoma,512,512,3,194d9ac7f380e58bce4507f531ce1125,1477,test
1479_left.jpg,C:\projects\retina-ai-ocular-disease-classification\archive\dataset\glaucoma\1479_left.jpg,glaucoma/1479_left.jpg,glaucoma,512,512,3,74ae693b7a4a95ed82d2ad51db1954a8,1479,test
1498_left.jpg,C:\projects\retina-ai-ocular-disease-classification\archive\dataset\glaucoma\1498_left.jpg,glaucoma/1498_left.jpg,glaucoma,512,512,3,ca4abd36f86f546463076930b7d0bd10,1498,test
1967_left.jpg,C:\projects\retina-ai-ocular-disease-classification\archive\dataset\glaucoma\1967_left.jpg,glaucoma/1967_left.jpg,glaucoma,512,512,3,f1d036dbb077e758387687cfc3cafc0b,1967,test
1967_right.jpg,C:\projects\retina-ai-ocular-disease-classification\archive\dataset\glaucoma\1967_right.jpg,glaucoma/1967_right.jpg,glaucoma,512,512,3,fd8e62f0330b05c6ebc69f540c215d8a,1967,test
238_right.jpg,C:\projects\retina-ai-ocular-disease-classification\archive\dataset\glaucoma\238_right.jpg,glaucoma/238_right.jpg,glaucoma,512,512,3,9cd10cdde2b2abdd3a841a21db96d58c,238,test
583_left.jpg,C:\projects\retina-ai-ocular-disease-classification\archive\dataset\glaucoma\583_left.jpg,glaucoma/583_left.jpg,glaucoma,512,512,3,aad1c7276c58542e07df16838bc0aa6b,583,test
583_right.jpg,C:\projects\retina-ai-ocular-disease-classification\archive\dataset\glaucoma\583_right.jpg,glaucoma/583_right.jpg,glaucoma,512,512,3,29cceaa7c739657b10db14fcaaf47c22,583,test
95_left.jpg,C:\projects\retina-ai-ocular-disease-classification\archive\dataset\glaucoma\95_left.jpg,glaucoma/95_left.jpg,glaucoma,512,512,3,16e24ad14e97245205caf61133eb184c,95,test
Glaucoma_001.png,C:\projects\retina-ai-ocular-disease-classification\archive\dataset\glaucoma\Glaucoma_001.png,glaucoma/Glaucoma_001.png,glaucoma,2592,1728,3,ed8e8797aff9f4bc3a9c6c1907ca23ff,Glaucoma_001,test
Glaucoma_002.png,C:\projects\retina-ai-ocular-disease-classification\archive\dataset\glaucoma\Glaucoma_002.png,glaucoma/Glaucoma_002.png,glaucoma,2592,1728,3,5c80e32ef147dc530c2c213f20c2e745,Glaucoma_002,test
Glaucoma_007.png,C:\projects\retina-ai-ocular-disease-classification\archive\dataset\glaucoma\Glaucoma_007.png,glaucoma/Glaucoma_007.png,glaucoma,2592,1728,3,485e185b4550e5ebc670fc69119ce26f,Glaucoma_007,test
Glaucoma_012.png,C:\projects\retina-ai-ocular-disease-classification\archive\dataset\glaucoma\Glaucoma_012.png,glaucoma/Glaucoma_012.png,glaucoma,2464,1632,3,0c166ef6272824aa2c740a42f3317134,Glaucoma_012,test
Glaucoma_013.png,C:\projects\retina-ai-ocular-disease-classification\archive\dataset\glaucoma\Glaucoma_013.png,glaucoma/Glaucoma_013.png,glaucoma,2592,1728,3,bace2c3dadc18eb8319009efa5531cd5,Glaucoma_013,test
Glaucoma_016.png,C:\projects\retina-ai-ocular-disease-classification\archive\dataset\glaucoma\Glaucoma_016.png,glaucoma/Glaucoma_016.png,glaucoma,2592,1728,3,9e9b8b6dd4ec94c33cc2d5d045024524,Glaucoma_016,test
Glaucoma_051.png,C:\projects\retina-ai-ocular-disease-classification\archive\dataset\glaucoma\Glaucoma_051.png,glaucoma/Glaucoma_051.png,glaucoma,2592,1728,3,f2666dcde1c1bf8bf342ac237ddd8d45,Glaucoma_051,test
Glaucoma_053.png,C:\projects\retina-ai-ocular-disease-classification\archive\dataset\glaucoma\Glaucoma_053.png,glaucoma/Glaucoma_053.png,glaucoma,2592,1728,3,84d8ce64a6fb7380b1b13c0c0993432e,Glaucoma_053,test
Glaucoma_059.png,C:\projects\retina-ai-ocular-disease-classification\archive\dataset\glaucoma\Glaucoma_059.png,glaucoma/Glaucoma_059.png,glaucoma,2592,1728,3,a9e99bb0f64290f978d379a248972e92,Glaucoma_059,test
Glaucoma_066.png,C:\projects\retina-ai-ocular-disease-classification\archive\dataset\glaucoma\Glaucoma_066.png,glaucoma/Glaucoma_066.png,glaucoma,2592,1728,3,a2ceaefcd66aefd46b492a9d1dde1ced,Glaucoma_066,test
Glaucoma_077.png,C:\projects\retina-ai-ocular-disease-classification\archive\dataset\glaucoma\Glaucoma_077.png,glaucoma/Glaucoma_077.png,glaucoma,2592,1728,3,25db2b06f8af0789d778da8eb3c23dc8,Glaucoma_077,test
Glaucoma_095.png,C:\projects\retina-ai-ocular-disease-classification\archive\dataset\glaucoma\Glaucoma_095.png,glaucoma/Glaucoma_095.png,glaucoma,2592,1728,3,97f7538f5b4b41f443bc638bd97b24a3,Glaucoma_095,test
Glaucoma_098.png,C:\projects\retina-ai-ocular-disease-classification\archive\dataset\glaucoma\Glaucoma_098.png,glaucoma/Glaucoma_098.png,glaucoma,2592,1728,3,f2eaa531ac7f003b53279c95917fba81,Glaucoma_098,test
_102_5502806.jpg,C:\projects\retina-ai-ocular-disease-classification\archive\dataset\glaucoma\_102_5502806.jpg,glaucoma/_102_5502806.jpg,glaucoma,256,256,3,ca88194876d1eb2acd9e920c67c2c09d,_102_5502806,test
_105_9159338.jpg,C:\projects\retina-ai-ocular-disease-classification\archive\dataset\glaucoma\_105_9159338.jpg,glaucoma/_105_9159338.jpg,glaucoma,256,256,3,c44929f2bd1f4db321795463d358858f,_105_9159338,test
_110_8391204.jpg,C:\projects\retina-ai-ocular-disease-classification\archive\dataset\glaucoma\_110_8391204.jpg,glaucoma/_110_8391204.jpg,glaucoma,256,256,3,620acdf90582ad74f3b72f3bd321a432,_110_8391204,test
_127_5473291.jpg,C:\projects\retina-ai-ocular-disease-classification\archive\dataset\glaucoma\_127_5473291.jpg,glaucoma/_127_5473291.jpg,glaucoma,256,256,3,bc9fa68244f97aebe36150234e13ede7,_127_5473291,test
_129_2098170.jpg,C:\projects\retina-ai-ocular-disease-classification\archive\dataset\glaucoma\_129_2098170.jpg,glaucoma/_129_2098170.jpg,glaucoma,256,256,3,e256760acec32707684be6d9905bfef1,_129_2098170,test
_12_5295071.jpg,C:\projects\retina-ai-ocular-disease-classification\archive\dataset\glaucoma\_12_5295071.jpg,glaucoma/_12_5295071.jpg,glaucoma,256,256,3,be71393cc8300cd97f6196f08d3910be,_12_5295071,test
_133_9343456.jpg,C:\projects\retina-ai-ocular-disease-classification\archive\dataset\glaucoma\_133_9343456.jpg,glaucoma/_133_9343456.jpg,glaucoma,256,256,3,a1ab8432a25015c63829bf196406fdd9,_133_9343456,test
_150_5894989.jpg,C:\projects\retina-ai-ocular-disease-classification\archive\dataset\glaucoma\_150_5894989.jpg,glaucoma/_150_5894989.jpg,glaucoma,256,256,3,14a07fe293e938cbf8f5570f297323dd,_150_5894989,test
_156_1243799.jpg,C:\projects\retina-ai-ocular-disease-classification\archive\dataset\glaucoma\_156_1243799.jpg,glaucoma/_156_1243799.jpg,glaucoma,256,256,3,31e6c8bf990875f0f630731c26acce38,_156_1243799,test
_15_1523968.jpg,C:\projects\retina-ai-ocular-disease-classification\archive\dataset\glaucoma\_15_1523968.jpg,glaucoma/_15_1523968.jpg,glaucoma,256,256,3,d38adfec6abf0bf025f700b75cb939dc,_15_1523968,test
_165_6911194.jpg,C:\projects\retina-ai-ocular-disease-classification\archive\dataset\glaucoma\_165_6911194.jpg,glaucoma/_165_6911194.jpg,glaucoma,256,256,3,0b779002cc71682b790b0697cfbfacf1,_165_6911194,test
_171_4736817.jpg,C:\projects\retina-ai-ocular-disease-classification\archive\dataset\glaucoma\_171_4736817.jpg,glaucoma/_171_4736817.jpg,glaucoma,256,256,3,1790596daf1a17d7f901c1960caab788,_171_4736817,test
_175_9511671.jpg,C:\projects\retina-ai-ocular-disease-classification\archive\dataset\glaucoma\_175_9511671.jpg,glaucoma/_175_9511671.jpg,glaucoma,256,256,3,9125126f6289b14121196c4175e8119a,_175_9511671,test
_179_3204648.jpg,C:\projects\retina-ai-ocular-disease-classification\archive\dataset\glaucoma\_179_3204648.jpg,glaucoma/_179_3204648.jpg,glaucoma,256,256,3,97acc9009abffb14e8178e08f28aa3d5,_179_3204648,test
_181_552191.jpg,C:\projects\retina-ai-ocular-disease-classification\archive\dataset\glaucoma\_181_552191.jpg,glaucoma/_181_552191.jpg,glaucoma,256,256,3,c4b02146435d00018cd88e14b7446120,_181_552191,test
_185_7833633.jpg,C:\projects\retina-ai-ocular-disease-classification\archive\dataset\glaucoma\_185_7833633.jpg,glaucoma/_185_7833633.jpg,glaucoma,256,256,3,2b86b7710ba297ec1f07942ea2f8a1d0,_185_7833633,test
_186_3309365.jpg,C:\projects\retina-ai-ocular-disease-classification\archive\dataset\glaucoma\_186_3309365.jpg,glaucoma/_186_3309365.jpg,glaucoma,256,256,3,39a3e9394f45e1eb2f45cd6d02fa6845,_186_3309365,test
_190_7463607.jpg,C:\projects\retina-ai-ocular-disease-classification\archive\dataset\glaucoma\_190_7463607.jpg,glaucoma/_190_7463607.jpg,glaucoma,256,256,3,7b1a65b759378c92ad2e7ca8f26cd7e2,_190_7463607,test
_191_4454313.jpg,C:\projects\retina-ai-ocular-disease-classification\archive\dataset\glaucoma\_191_4454313.jpg,glaucoma/_191_4454313.jpg,glaucoma,256,256,3,0de1baeee399612f2e4eeac2104f950b,_191_4454313,test
_201_387458.jpg,C:\projects\retina-ai-ocular-disease-classification\archive\dataset\glaucoma\_201_387458.jpg,glaucoma/_201_387458.jpg,glaucoma,256,256,3,b781fa84837b9f06b565706c66882770,_201_387458,test
_207_6246518.jpg,C:\projects\retina-ai-ocular-disease-classification\archive\dataset\glaucoma\_207_6246518.jpg,glaucoma/_207_6246518.jpg,glaucoma,256,256,3,c3c7a9c5cea996751f636b764ec7b6dd,_207_6246518,test
_222_8813596.jpg,C:\projects\retina-ai-ocular-disease-classification\archive\dataset\glaucoma\_222_8813596.jpg,glaucoma/_222_8813596.jpg,glaucoma,256,256,3,a9e239e373fab358dd822936be6abbd1,_222_8813596,test
_225_247208.jpg,C:\projects\retina-ai-ocular-disease-classification\archive\dataset\glaucoma\_225_247208.jpg,glaucoma/_225_247208.jpg,glaucoma,256,256,3,be4a61b687cfd851a669e28cce234564,_225_247208,test
_22_1469685.jpg,C:\projects\retina-ai-ocular-disease-classification\archive\dataset\glaucoma\_22_1469685.jpg,glaucoma/_22_1469685.jpg,glaucoma,256,256,3,58120c4d280d7bde5e6af6daf2cf3d19,_22_1469685,test
_22_8539479.jpg,C:\projects\retina-ai-ocular-disease-classification\archive\dataset\glaucoma\_22_8539479.jpg,glaucoma/_22_8539479.jpg,glaucoma,256,256,3,f112be5827cd791179417a90221928d0,_22_8539479,test
_232_7378783.jpg,C:\projects\retina-ai-ocular-disease-classification\archive\dataset\glaucoma\_232_7378783.jpg,glaucoma/_232_7378783.jpg,glaucoma,256,256,3,41652bd1aa65e090adca91dbe8b94122,_232_7378783,test
_235_7683512.jpg,C:\projects\retina-ai-ocular-disease-classification\archive\dataset\glaucoma\_235_7683512.jpg,glaucoma/_235_7683512.jpg,glaucoma,256,256,3,1ac716e565613ee21bfdb9471abbfa92,_235_7683512,test
_241_994470.jpg,C:\projects\retina-ai-ocular-disease-classification\archive\dataset\glaucoma\_241_994470.jpg,glaucoma/_241_994470.jpg,glaucoma,256,256,3,2f76fcc16f9bd7025aea42e10523e57a,_241_994470,test
_243_5417546.jpg,C:\projects\retina-ai-ocular-disease-classification\archive\dataset\glaucoma\_243_5417546.jpg,glaucoma/_243_5417546.jpg,glaucoma,256,256,3,96fd2bf79413788a129a034972ba7fd2,_243_5417546,test
_251_5505179.jpg,C:\projects\retina-ai-ocular-disease-classification\archive\dataset\glaucoma\_251_5505179.jpg,glaucoma/_251_5505179.jpg,glaucoma,256,256,3,da895038acd5ff24eac8fc9fb702c281,_251_5505179,test
_252_4705064.jpg,C:\projects\retina-ai-ocular-disease-classification\archive\dataset\glaucoma\_252_4705064.jpg,glaucoma/_252_4705064.jpg,glaucoma,256,256,3,4757c6b5740c859923443f8852399d96,_252_4705064,test
_259_7069358.jpg,C:\projects\retina-ai-ocular-disease-classification\archive\dataset\glaucoma\_259_7069358.jpg,glaucoma/_259_7069358.jpg,glaucoma,256,256,3,cc6580b98176a72c83d0b1fa1eff33f5,_259_7069358,test
_259_9254323.jpg,C:\projects\retina-ai-ocular-disease-classification\archive\dataset\glaucoma\_259_9254323.jpg,glaucoma/_259_9254323.jpg,glaucoma,256,256,3,f31474063b0f6c5d7cd08a0845261c96,_259_9254323,test
_261_6037248.jpg,C:\projects\retina-ai-ocular-disease-classification\archive\dataset\glaucoma\_261_6037248.jpg,glaucoma/_261_6037248.jpg,glaucoma,256,256,3,c26c5af2aebed50c7db033cbadda47a8,_261_6037248,test
_264_1649776.jpg,C:\projects\retina-ai-ocular-disease-classification\archive\dataset\glaucoma\_264_1649776.jpg,glaucoma/_264_1649776.jpg,glaucoma,256,256,3,a65e27f0527cb38749b10c8377cf7c9b,_264_1649776,test
_267_8024092.jpg,C:\projects\retina-ai-ocular-disease-classification\archive\dataset\glaucoma\_267_8024092.jpg,glaucoma/_267_8024092.jpg,glaucoma,256,256,3,89fac28bdb98b1f01f677fb4fefd6673,_267_8024092,test
_268_5781265.jpg,C:\projects\retina-ai-ocular-disease-classification\archive\dataset\glaucoma\_268_5781265.jpg,glaucoma/_268_5781265.jpg,glaucoma,256,256,3,e180cd6c9bb5ebf757cad6e47be10b70,_268_5781265,test
_271_8149720.jpg,C:\projects\retina-ai-ocular-disease-classification\archive\dataset\glaucoma\_271_8149720.jpg,glaucoma/_271_8149720.jpg,glaucoma,256,256,3,502b4a0ebfe90ae994353b03243b3173,_271_8149720,test
_273_4238500.jpg,C:\projects\retina-ai-ocular-disease-classification\archive\dataset\glaucoma\_273_4238500.jpg,glaucoma/_273_4238500.jpg,glaucoma,256,256,3,32327f12b1db07519cc1c816f5562edd,_273_4238500,test
_275_5075268.jpg,C:\projects\retina-ai-ocular-disease-classification\archive\dataset\glaucoma\_275_5075268.jpg,glaucoma/_275_5075268.jpg,glaucoma,256,256,3,9348e37002a3b352b3a3e2477759e81e,_275_5075268,test
_276_1824789.jpg,C:\projects\retina-ai-ocular-disease-classification\archive\dataset\glaucoma\_276_1824789.jpg,glaucoma/_276_1824789.jpg,glaucoma,256,256,3,1c2e36d5e2389408d6b0e4f314416ac1,_276_1824789,test
_276_4038569.jpg,C:\projects\retina-ai-ocular-disease-classification\archive\dataset\glaucoma\_276_4038569.jpg,glaucoma/_276_4038569.jpg,glaucoma,256,256,3,6c0c5a536a7ba57220d6db8db4c3c043,_276_4038569,test
_27_8607848.jpg,C:\projects\retina-ai-ocular-disease-classification\archive\dataset\glaucoma\_27_8607848.jpg,glaucoma/_27_8607848.jpg,glaucoma,256,256,3,f727bcbe7d8d46e36541df698e3164ef,_27_8607848,test
_280_1941804.jpg,C:\projects\retina-ai-ocular-disease-classification\archive\dataset\glaucoma\_280_1941804.jpg,glaucoma/_280_1941804.jpg,glaucoma,256,256,3,ea8db52f5a64d9e9aacfccb8aed527f9,_280_1941804,test
_283_8286295.jpg,C:\projects\retina-ai-ocular-disease-classification\archive\dataset\glaucoma\_283_8286295.jpg,glaucoma/_283_8286295.jpg,glaucoma,256,256,3,5ce3971eaf51f93ac230d06d12e33da5,_283_8286295,test
_288_1071282.jpg,C:\projects\retina-ai-ocular-disease-classification\archive\dataset\glaucoma\_288_1071282.jpg,glaucoma/_288_1071282.jpg,glaucoma,256,256,3,93c95b0f5bb9772c6fabbba2b08270f3,_288_1071282,test
_294_5527908.jpg,C:\projects\retina-ai-ocular-disease-classification\archive\dataset\glaucoma\_294_5527908.jpg,glaucoma/_294_5527908.jpg,glaucoma,256,256,3,e7e02bcb4b04c98f6c9c5af06ac52868,_294_5527908,test
_296_6754407.jpg,C:\projects\retina-ai-ocular-disease-classification\archive\dataset\glaucoma\_296_6754407.jpg,glaucoma/_296_6754407.jpg,glaucoma,256,256,3,6f849194be001ebe1309cbb90cabbce5,_296_6754407,test
_299_8359089.jpg,C:\projects\retina-ai-ocular-disease-classification\archive\dataset\glaucoma\_299_8359089.jpg,glaucoma/_299_8359089.jpg,glaucoma,256,256,3,28b52257034116f4feccf81e52ebd7dd,_299_8359089,test
_301_6075675.jpg,C:\projects\retina-ai-ocular-disease-classification\archive\dataset\glaucoma\_301_6075675.jpg,glaucoma/_301_6075675.jpg,glaucoma,256,256,3,89befbded6cc68a2b3b9ae668d2c4cda,_301_6075675,test
_302_4887010.jpg,C:\projects\retina-ai-ocular-disease-classification\archive\dataset\glaucoma\_302_4887010.jpg,glaucoma/_302_4887010.jpg,glaucoma,256,256,3,b5f162470810aa0b3e651c58c06ee778,_302_4887010,test
_30_6734224.jpg,C:\projects\retina-ai-ocular-disease-classification\archive\dataset\glaucoma\_30_6734224.jpg,glaucoma/_30_6734224.jpg,glaucoma,256,256,3,7d29d0bd9d70e7a13ef91d9e09d3eda5,_30_6734224,test
_313_8583918.jpg,C:\projects\retina-ai-ocular-disease-classification\archive\dataset\glaucoma\_313_8583918.jpg,glaucoma/_313_8583918.jpg,glaucoma,256,256,3,d2942f5aa3740b35a600de73dca65c6c,_313_8583918,test
_316_4359949.jpg,C:\projects\retina-ai-ocular-disease-classification\archive\dataset\glaucoma\_316_4359949.jpg,glaucoma/_316_4359949.jpg,glaucoma,256,256,3,b90a1cdfa20f92b43f2d80f60cb0ebcd,_316_4359949,test
_330_6216079.jpg,C:\projects\retina-ai-ocular-disease-classification\archive\dataset\glaucoma\_330_6216079.jpg,glaucoma/_330_6216079.jpg,glaucoma,256,256,3,aeda8063f9395d8b56290adeb0922199,_330_6216079,test
_332_3900734.jpg,C:\projects\retina-ai-ocular-disease-classification\archive\dataset\glaucoma\_332_3900734.jpg,glaucoma/_332_3900734.jpg,glaucoma,256,256,3,e7d992500cbeccba5747f5a6e3de02b8,_332_3900734,test
_337_28720.jpg,C:\projects\retina-ai-ocular-disease-classification\archive\dataset\glaucoma\_337_28720.jpg,glaucoma/_337_28720.jpg,glaucoma,256,256,3,ab97cd01b795a6838a4d200f5fc6b447,_337_28720,test
_340_6897424.jpg,C:\projects\retina-ai-ocular-disease-classification\archive\dataset\glaucoma\_340_6897424.jpg,glaucoma/_340_6897424.jpg,glaucoma,256,256,3,2b32db3b04e4a34b8ad63dc07c08c990,_340_6897424,test
_342_3907815.jpg,C:\projects\retina-ai-ocular-disease-classification\archive\dataset\glaucoma\_342_3907815.jpg,glaucoma/_342_3907815.jpg,glaucoma,256,256,3,c8f6b32a1812debcfa852aad16036f41,_342_3907815,test
_349_5604621.jpg,C:\projects\retina-ai-ocular-disease-classification\archive\dataset\glaucoma\_349_5604621.jpg,glaucoma/_349_5604621.jpg,glaucoma,256,256,3,fed0325eda98302fb79209912b5d5ea2,_349_5604621,test
_351_6945231.jpg,C:\projects\retina-ai-ocular-disease-classification\archive\dataset\glaucoma\_351_6945231.jpg,glaucoma/_351_6945231.jpg,glaucoma,256,256,3,a6deabbc7f72496523c544eefcd184d2,_351_6945231,test
_352_8525027.jpg,C:\projects\retina-ai-ocular-disease-classification\archive\dataset\glaucoma\_352_8525027.jpg,glaucoma/_352_8525027.jpg,glaucoma,256,256,3,a496efcd1f3562a86be3f47bdbc6b88f,_352_8525027,test
_365_7365403.jpg,C:\projects\retina-ai-ocular-disease-classification\archive\dataset\glaucoma\_365_7365403.jpg,glaucoma/_365_7365403.jpg,glaucoma,256,256,3,e55f0e3e326ada66977feb43e75626f6,_365_7365403,test
_366_3572426.jpg,C:\projects\retina-ai-ocular-disease-classification\archive\dataset\glaucoma\_366_3572426.jpg,glaucoma/_366_3572426.jpg,glaucoma,256,256,3,98c01383f8182ee17125feec516c013b,_366_3572426,test
_370_7370377.jpg,C:\projects\retina-ai-ocular-disease-classification\archive\dataset\glaucoma\_370_7370377.jpg,glaucoma/_370_7370377.jpg,glaucoma,256,256,3,7a22fd940cf243c668ac332ef5ce6d04,_370_7370377,test
_372_153571.jpg,C:\projects\retina-ai-ocular-disease-classification\archive\dataset\glaucoma\_372_153571.jpg,glaucoma/_372_153571.jpg,glaucoma,256,256,3,26d9681b2591522ce0a601c0b520963b,_372_153571,test
_383_5927182.jpg,C:\projects\retina-ai-ocular-disease-classification\archive\dataset\glaucoma\_383_5927182.jpg,glaucoma/_383_5927182.jpg,glaucoma,256,256,3,5b76af2f3d992bb79851f4a92d5f97b0,_383_5927182,test
_388_7162342.jpg,C:\projects\retina-ai-ocular-disease-classification\archive\dataset\glaucoma\_388_7162342.jpg,glaucoma/_388_7162342.jpg,glaucoma,256,256,3,da590f9600793cc47f83c89167a5753d,_388_7162342,test
_388_9965271.jpg,C:\projects\retina-ai-ocular-disease-classification\archive\dataset\glaucoma\_388_9965271.jpg,glaucoma/_388_9965271.jpg,glaucoma,256,256,3,a9eae43828f0b3b130ede716acebadab,_388_9965271,test
_390_5579051.jpg,C:\projects\retina-ai-ocular-disease-classification\archive\dataset\glaucoma\_390_5579051.jpg,glaucoma/_390_5579051.jpg,glaucoma,256,256,3,e5a669c0e5191a2ac7d0494d67589f5f,_390_5579051,test
_402_3641116.jpg,C:\projects\retina-ai-ocular-disease-classification\archive\dataset\glaucoma\_402_3641116.jpg,glaucoma/_402_3641116.jpg,glaucoma,256,256,3,f519034962dd00f1bd319cea0ea40ee8,_402_3641116,test
_402_8604384.jpg,C:\projects\retina-ai-ocular-disease-classification\archive\dataset\glaucoma\_402_8604384.jpg,glaucoma/_402_8604384.jpg,glaucoma,256,256,3,f3db8ac66026b2188a1f4986567d86c9,_402_8604384,test
_405_2674974.jpg,C:\projects\retina-ai-ocular-disease-classification\archive\dataset\glaucoma\_405_2674974.jpg,glaucoma/_405_2674974.jpg,glaucoma,256,256,3,ba25d194020fcc51bd05ad07642b24d1,_405_2674974,test
_41_2520996.jpg,C:\projects\retina-ai-ocular-disease-classification\archive\dataset\glaucoma\_41_2520996.jpg,glaucoma/_41_2520996.jpg,glaucoma,256,256,3,27420893affdb1b57f5c5fc37caaeea2,_41_2520996,test
_46_2760814.jpg,C:\projects\retina-ai-ocular-disease-classification\archive\dataset\glaucoma\_46_2760814.jpg,glaucoma/_46_2760814.jpg,glaucoma,256,256,3,6a1b7f57dbbb7067e938e260ec864041,_46_2760814,test
_48_5270520.jpg,C:\projects\retina-ai-ocular-disease-classification\archive\dataset\glaucoma\_48_5270520.jpg,glaucoma/_48_5270520.jpg,glaucoma,256,256,3,18cbbe4d2fbf3a9784e44d10834b52d6,_48_5270520,test
_53_1457470.jpg,C:\projects\retina-ai-ocular-disease-classification\archive\dataset\glaucoma\_53_1457470.jpg,glaucoma/_53_1457470.jpg,glaucoma,256,256,3,c8c6e76abb5da999b546adf5fd3f4c30,_53_1457470,test
_58_180622.jpg,C:\projects\retina-ai-ocular-disease-classification\archive\dataset\glaucoma\_58_180622.jpg,glaucoma/_58_180622.jpg,glaucoma,256,256,3,15592c27ec97240634d53549233728ab,_58_180622,test
_5_5487582.jpg,C:\projects\retina-ai-ocular-disease-classification\archive\dataset\glaucoma\_5_5487582.jpg,glaucoma/_5_5487582.jpg,glaucoma,256,256,3,2833308f9daa3ab91c0b2083cb0f0567,_5_5487582,test
_64_3530889.jpg,C:\projects\retina-ai-ocular-disease-classification\archive\dataset\glaucoma\_64_3530889.jpg,glaucoma/_64_3530889.jpg,glaucoma,256,256,3,d2d2b15186203c2fcef37a5bea5a2fce,_64_3530889,test
_65_9130585.jpg,C:\projects\retina-ai-ocular-disease-classification\archive\dataset\glaucoma\_65_9130585.jpg,glaucoma/_65_9130585.jpg,glaucoma,256,256,3,9f2422d4506591de33f432f0977d21b9,_65_9130585,test
_72_3474284.jpg,C:\projects\retina-ai-ocular-disease-classification\archive\dataset\glaucoma\_72_3474284.jpg,glaucoma/_72_3474284.jpg,glaucoma,256,256,3,77959c6304832e3c152f8991974ee9e4,_72_3474284,test
_7_5314686.jpg,C:\projects\retina-ai-ocular-disease-classification\archive\dataset\glaucoma\_7_5314686.jpg,glaucoma/_7_5314686.jpg,glaucoma,256,256,3,678373772dfd3e1e746714391596200f,_7_5314686,test
_84_2885250.jpg,C:\projects\retina-ai-ocular-disease-classification\archive\dataset\glaucoma\_84_2885250.jpg,glaucoma/_84_2885250.jpg,glaucoma,256,256,3,7c90461b00c0149a69f1bb0de22a7b54,_84_2885250,test
_85_9846035.jpg,C:\projects\retina-ai-ocular-disease-classification\archive\dataset\glaucoma\_85_9846035.jpg,glaucoma/_85_9846035.jpg,glaucoma,256,256,3,f370642c19dd7b450f08b702aad45440,_85_9846035,test
_8_5210275.jpg,C:\projects\retina-ai-ocular-disease-classification\archive\dataset\glaucoma\_8_5210275.jpg,glaucoma/_8_5210275.jpg,glaucoma,256,256,3,ba370184e1cd2f65cc02128aea42fb7f,_8_5210275,test
_90_7427306.jpg,C:\projects\retina-ai-ocular-disease-classification\archive\dataset\glaucoma\_90_7427306.jpg,glaucoma/_90_7427306.jpg,glaucoma,256,256,3,9d729b672c03da58f08e0eb9296c7d3e,_90_7427306,test
_95_5759614.jpg,C:\projects\retina-ai-ocular-disease-classification\archive\dataset\glaucoma\_95_5759614.jpg,glaucoma/_95_5759614.jpg,glaucoma,256,256,3,830e0eeef70f74f9a90fd0e51db167d9,_95_5759614,test
1020_left.jpg,C:\projects\retina-ai-ocular-disease-classification\archive\dataset\glaucoma\1020_left.jpg,glaucoma/1020_left.jpg,glaucoma,512,512,3,2ff720ff466337d242ce51fc29a8e9e5,1020,train
1209_left.jpg,C:\projects\retina-ai-ocular-disease-classification\archive\dataset\glaucoma\1209_left.jpg,glaucoma/1209_left.jpg,glaucoma,512,512,3,9ae18810eccee204a06aa4217fd64ddd,1209,train
1209_right.jpg,C:\projects\retina-ai-ocular-disease-classification\archive\dataset\glaucoma\1209_right.jpg,glaucoma/1209_right.jpg,glaucoma,512,512,3,0d3d19a66b341ab53a2cbc5985b755df,1209,train
1210_left.jpg,C:\projects\retina-ai-ocular-disease-classification\archive\dataset\glaucoma\1210_left.jpg,glaucoma/1210_left.jpg,glaucoma,512,512,3,c6097ffba9601439dc5e228d8df7521e,1210,train
1210_right.jpg,C:\projects\retina-ai-ocular-disease-classification\archive\dataset\glaucoma\1210_right.jpg,glaucoma/1210_right.jpg,glaucoma,512,512,3,59039c3b5be87779fd658bf4078023f2,1210,train
1211_right.jpg,C:\projects\retina-ai-ocular-disease-classification\archive\dataset\glaucoma\1211_right.jpg,glaucoma/1211_right.jpg,glaucoma,512,512,3,9294e260209a09fa71641e4794905856,1211,train
1213_left.jpg,C:\projects\retina-ai-ocular-disease-classification\archive\dataset\glaucoma\1213_left.jpg,glaucoma/1213_left.jpg,glaucoma,512,512,3,09f05bf0163a807cf841c15a28a87d13,1213,train
1213_right.jpg,C:\projects\retina-ai-ocular-disease-classification\archive\dataset\glaucoma\1213_right.jpg,glaucoma/1213_right.jpg,glaucoma,512,512,3,e9d5c3bdbd62403da68bfb06037f0a2a,1213,train
1214_right.jpg,C:\projects\retina-ai-ocular-disease-classification\archive\dataset\glaucoma\1214_right.jpg,glaucoma/1214_right.jpg,glaucoma,512,512,3,eff51f360c11f23cdaba9e720da02606,1214,train
1215_left.jpg,C:\projects\retina-ai-ocular-disease-classification\archive\dataset\glaucoma\1215_left.jpg,glaucoma/1215_left.jpg,glaucoma,512,512,3,c8657bf6603b67473c64c899d2656204,1215,train
1215_right.jpg,C:\projects\retina-ai-ocular-disease-classification\archive\dataset\glaucoma\1215_right.jpg,glaucoma/1215_right.jpg,glaucoma,512,512,3,ff80ac4e28d722a2c459050fe74ac6be,1215,train
1217_left.jpg,C:\projects\retina-ai-ocular-disease-classification\archive\dataset\glaucoma\1217_left.jpg,glaucoma/1217_left.jpg,glaucoma,512,512,3,ccb707f87ac24534e5365b5095805e6c,1217,train
1217_right.jpg,C:\projects\retina-ai-ocular-disease-classification\archive\dataset\glaucoma\1217_right.jpg,glaucoma/1217_right.jpg,glaucoma,512,512,3,0451cefda7568c22db0eb913923c8b71,1217,train
1221_left.jpg,C:\projects\retina-ai-ocular-disease-classification\archive\dataset\glaucoma\1221_left.jpg,glaucoma/1221_left.jpg,glaucoma,512,512,3,e9ef5e96b3a8713776cdfc130faf6ddf,1221,train
1221_right.jpg,C:\projects\retina-ai-ocular-disease-classification\archive\dataset\glaucoma\1221_right.jpg,glaucoma/1221_right.jpg,glaucoma,512,512,3,438f37348f81df8abc58d06342cc7172,1221,train
1222_left.jpg,C:\projects\retina-ai-ocular-disease-classification\archive\dataset\glaucoma\1222_left.jpg,glaucoma/1222_left.jpg,glaucoma,512,512,3,39717c5b780beecc298e0a25dbc34c80,1222,train
1222_right.jpg,C:\projects\retina-ai-ocular-disease-classification\archive\dataset\glaucoma\1222_right.jpg,glaucoma/1222_right.jpg,glaucoma,512,512,3,3b64f2d1b6b54360550de2e8d70e17cc,1222,train
1225_left.jpg,C:\projects\retina-ai-ocular-disease-classification\archive\dataset\glaucoma\1225_left.jpg,glaucoma/1225_left.jpg,glaucoma,512,512,3,8d7711ee209f9705939be1a173e880ad,1225,train
1225_right.jpg,C:\projects\retina-ai-ocular-disease-classification\archive\dataset\glaucoma\1225_right.jpg,glaucoma/1225_right.jpg,glaucoma,512,512,3,e0b1851890ec04ccbde31867f9f36484,1225,train
1227_left.jpg,C:\projects\retina-ai-ocular-disease-classification\archive\dataset\glaucoma\1227_left.jpg,glaucoma/1227_left.jpg,glaucoma,512,512,3,43da46214e6770d9ec4a9a261fb4305a,1227,train
1227_right.jpg,C:\projects\retina-ai-ocular-disease-classification\archive\dataset\glaucoma\1227_right.jpg,glaucoma/1227_right.jpg,glaucoma,512,512,3,8c905afac8d914a85794fac76e30af3e,1227,train
1228_left.jpg,C:\projects\retina-ai-ocular-disease-classification\archive\dataset\glaucoma\1228_left.jpg,glaucoma/1228_left.jpg,glaucoma,512,512,3,e12cdd0c77c32e947ad96ddebbd5ecb6,1228,train
1229_left.jpg,C:\projects\retina-ai-ocular-disease-classification\archive\dataset\glaucoma\1229_left.jpg,glaucoma/1229_left.jpg,glaucoma,512,512,3,0a680e9aa6eb6c23294b2c28b472deb0,1229,train
1229_right.jpg,C:\projects\retina-ai-ocular-disease-classification\archive\dataset\glaucoma\1229_right.jpg,glaucoma/1229_right.jpg,glaucoma,512,512,3,54087d16810a914b4049fa6b4fa18892,1229,train
1230_left.jpg,C:\projects\retina-ai-ocular-disease-classification\archive\dataset\glaucoma\1230_left.jpg,glaucoma/1230_left.jpg,glaucoma,512,512,3,76479126b377f64aa0be07a3ec12da04,1230,train
1230_right.jpg,C:\projects\retina-ai-ocular-disease-classification\archive\dataset\glaucoma\1230_right.jpg,glaucoma/1230_right.jpg,glaucoma,512,512,3,2f6055d8fedf2e4f5a34f8d26de5a3e9,1230,train
1238_right.jpg,C:\projects\retina-ai-ocular-disease-classification\archive\dataset\glaucoma\1238_right.jpg,glaucoma/1238_right.jpg,glaucoma,512,512,3,c506179b124cd1b0ca5422a5fe3ed5af,1238,train
1243_right.jpg,C:\projects\retina-ai-ocular-disease-classification\archive\dataset\glaucoma\1243_right.jpg,glaucoma/1243_right.jpg,glaucoma,512,512,3,6b3137ff40ba2ec66c1a6ca85c47b343,1243,train
1247_left.jpg,C:\projects\retina-ai-ocular-disease-classification\archive\dataset\glaucoma\1247_left.jpg,glaucoma/1247_left.jpg,glaucoma,512,512,3,b8efa21fde5afc9aa727b5e44e87e3c5,1247,train
1247_right.jpg,C:\projects\retina-ai-ocular-disease-classification\archive\dataset\glaucoma\1247_right.jpg,glaucoma/1247_right.jpg,glaucoma,512,512,3,e25d169386e802565389931b2def758c,1247,train
1255_left.jpg,C:\projects\retina-ai-ocular-disease-classification\archive\dataset\glaucoma\1255_left.jpg,glaucoma/1255_left.jpg,glaucoma,512,512,3,d7dd37707593b398e4792dc70a4883ba,1255,train
1255_right.jpg,C:\projects\retina-ai-ocular-disease-classification\archive\dataset\glaucoma\1255_right.jpg,glaucoma/1255_right.jpg,glaucoma,512,512,3,bbebf269cea1bd501a105b6a9d21ca69,1255,train
1256_left.jpg,C:\projects\retina-ai-ocular-disease-classification\archive\dataset\glaucoma\1256_left.jpg,glaucoma/1256_left.jpg,glaucoma,512,512,3,1bf65b9887de6e18bf023f0f5edf5712,1256,train
1256_right.jpg,C:\projects\retina-ai-ocular-disease-classification\archive\dataset\glaucoma\1256_right.jpg,glaucoma/1256_right.jpg,glaucoma,512,512,3,2102cff1d9779674286ba44d83a39d2d,1256,train
1258_left.jpg,C:\projects\retina-ai-ocular-disease-classification\archive\dataset\glaucoma\1258_left.jpg,glaucoma/1258_left.jpg,glaucoma,512,512,3,8e5c4053a62a52a7412dfe08ec8a2f99,1258,train
1258_right.jpg,C:\projects\retina-ai-ocular-disease-classification\archive\dataset\glaucoma\1258_right.jpg,glaucoma/1258_right.jpg,glaucoma,512,512,3,a37b58ecc6a104f149665bbff19c25da,1258,train
1260_left.jpg,C:\projects\retina-ai-ocular-disease-classification\archive\dataset\glaucoma\1260_left.jpg,glaucoma/1260_left.jpg,glaucoma,512,512,3,5346aa58842e09311e7c2f4a306ef253,1260,train
1260_right.jpg,C:\projects\retina-ai-ocular-disease-classification\archive\dataset\glaucoma\1260_right.jpg,glaucoma/1260_right.jpg,glaucoma,512,512,3,425258085616fcd4713ca74378513179,1260,train
1261_left.jpg,C:\projects\retina-ai-ocular-disease-classification\archive\dataset\glaucoma\1261_left.jpg,glaucoma/1261_left.jpg,glaucoma,512,512,3,25f1f998e05f1bdf108649521a2b3520,1261,train
1261_right.jpg,C:\projects\retina-ai-ocular-disease-classification\archive\dataset\glaucoma\1261_right.jpg,glaucoma/1261_right.jpg,glaucoma,512,512,3,5d1a31d1531eae46012d99f9509f4f03,1261,train
1263_right.jpg,C:\projects\retina-ai-ocular-disease-classification\archive\dataset\glaucoma\1263_right.jpg,glaucoma/1263_right.jpg,glaucoma,512,512,3,a7e0b1c46f54da367ddcdda64fc282ae,1263,train
1266_left.jpg,C:\projects\retina-ai-ocular-disease-classification\archive\dataset\glaucoma\1266_left.jpg,glaucoma/1266_left.jpg,glaucoma,512,512,3,2dbe32994793f8a9c87beb404ea9b89e,1266,train
1266_right.jpg,C:\projects\retina-ai-ocular-disease-classification\archive\dataset\glaucoma\1266_right.jpg,glaucoma/1266_right.jpg,glaucoma,512,512,3,4669679be87067fbeb58c11dff2f2a9b,1266,train
1267_left.jpg,C:\projects\retina-ai-ocular-disease-classification\archive\dataset\glaucoma\1267_left.jpg,glaucoma/1267_left.jpg,glaucoma,512,512,3,7ba8fabd80b15fa24f408873418cc812,1267,train
1267_right.jpg,C:\projects\retina-ai-ocular-disease-classification\archive\dataset\glaucoma\1267_right.jpg,glaucoma/1267_right.jpg,glaucoma,512,512,3,944900a25b389c4bbd8af0227166693d,1267,train
1268_left.jpg,C:\projects\retina-ai-ocular-disease-classification\archive\dataset\glaucoma\1268_left.jpg,glaucoma/1268_left.jpg,glaucoma,512,512,3,a1b6af0af42dd8875a846359dfd832de,1268,train
1268_right.jpg,C:\projects\retina-ai-ocular-disease-classification\archive\dataset\glaucoma\1268_right.jpg,glaucoma/1268_right.jpg,glaucoma,512,512,3,bb3eceeba972959343307cc7316e9589,1268,train
1269_left.jpg,C:\projects\retina-ai-ocular-disease-classification\archive\dataset\glaucoma\1269_left.jpg,glaucoma/1269_left.jpg,glaucoma,512,512,3,8ab76811ec1c5c64ba5692b5c43992d6,1269,train
1269_right.jpg,C:\projects\retina-ai-ocular-disease-classification\archive\dataset\glaucoma\1269_right.jpg,glaucoma/1269_right.jpg,glaucoma,512,512,3,8818e89a4fe41cd399a9694eb1312728,1269,train
1270_left.jpg,C:\projects\retina-ai-ocular-disease-classification\archive\dataset\glaucoma\1270_left.jpg,glaucoma/1270_left.jpg,glaucoma,512,512,3,3f6beb44449817407ff470dbd6c095ee,1270,train
1270_right.jpg,C:\projects\retina-ai-ocular-disease-classification\archive\dataset\glaucoma\1270_right.jpg,glaucoma/1270_right.jpg,glaucoma,512,512,3,56babdbf537879467ad3c33ddbf83247,1270,train
1272_left.jpg,C:\projects\retina-ai-ocular-disease-classification\archive\dataset\glaucoma\1272_left.jpg,glaucoma/1272_left.jpg,glaucoma,512,512,3,57dd8b5ae1683faf0f01dcbacedf4e3d,1272,train
1272_right.jpg,C:\projects\retina-ai-ocular-disease-classification\archive\dataset\glaucoma\1272_right.jpg,glaucoma/1272_right.jpg,glaucoma,512,512,3,40c6e5382ab34cd688c0b4a4c487552d,1272,train
1273_right.jpg,C:\projects\retina-ai-ocular-disease-classification\archive\dataset\glaucoma\1273_right.jpg,glaucoma/1273_right.jpg,glaucoma,512,512,3,e43275ac829eb5f3360da838ead4f353,1273,train
1276_left.jpg,C:\projects\retina-ai-ocular-disease-classification\archive\dataset\glaucoma\1276_left.jpg,glaucoma/1276_left.jpg,glaucoma,512,512,3,77e22825d750fb5f3cbfdd3f981e9b5a,1276,train
1276_right.jpg,C:\projects\retina-ai-ocular-disease-classification\archive\dataset\glaucoma\1276_right.jpg,glaucoma/1276_right.jpg,glaucoma,512,512,3,b750ad80def08d3e1d842b50e3343c0d,1276,train
1277_left.jpg,C:\projects\retina-ai-ocular-disease-classification\archive\dataset\glaucoma\1277_left.jpg,glaucoma/1277_left.jpg,glaucoma,512,512,3,663866436062d2b9da2230561fe8f642,1277,train
1277_right.jpg,C:\projects\retina-ai-ocular-disease-classification\archive\dataset\glaucoma\1277_right.jpg,glaucoma/1277_right.jpg,glaucoma,512,512,3,27bcf6f2cc9c46936f009756f57622c1,1277,train
1279_left.jpg,C:\projects\retina-ai-ocular-disease-classification\archive\dataset\glaucoma\1279_left.jpg,glaucoma/1279_left.jpg,glaucoma,512,512,3,362235cabb94bda3a25bcc26ad1e5c04,1279,train
1279_right.jpg,C:\projects\retina-ai-ocular-disease-classification\archive\dataset\glaucoma\1279_right.jpg,glaucoma/1279_right.jpg,glaucoma,512,512,3,383d754aa28ddc15796853c817a5eaea,1279,train
1280_left.jpg,C:\projects\retina-ai-ocular-disease-classification\archive\dataset\glaucoma\1280_left.jpg,glaucoma/1280_left.jpg,glaucoma,512,512,3,2d763024c41d2fc371613edc9c859144,1280,train
1281_left.jpg,C:\projects\retina-ai-ocular-disease-classification\archive\dataset\glaucoma\1281_left.jpg,glaucoma/1281_left.jpg,glaucoma,512,512,3,1dd187670c7b97baa0accac1b85d34f0,1281,train
1281_right.jpg,C:\projects\retina-ai-ocular-disease-classification\archive\dataset\glaucoma\1281_right.jpg,glaucoma/1281_right.jpg,glaucoma,512,512,3,603a13de779c9e37e08245b1a9c0dd42,1281,train
1282_left.jpg,C:\projects\retina-ai-ocular-disease-classification\archive\dataset\glaucoma\1282_left.jpg,glaucoma/1282_left.jpg,glaucoma,512,512,3,6a955b630b3bcd3b6c0a11506ebd205c,1282,train
1282_right.jpg,C:\projects\retina-ai-ocular-disease-classification\archive\dataset\glaucoma\1282_right.jpg,glaucoma/1282_right.jpg,glaucoma,512,512,3,a7f3f2b65b7f9c6f6e5645338f948cc0,1282,train
1284_left.jpg,C:\projects\retina-ai-ocular-disease-classification\archive\dataset\glaucoma\1284_left.jpg,glaucoma/1284_left.jpg,glaucoma,512,512,3,4d15134599f120a88890edf421402271,1284,train
1284_right.jpg,C:\projects\retina-ai-ocular-disease-classification\archive\dataset\glaucoma\1284_right.jpg,glaucoma/1284_right.jpg,glaucoma,512,512,3,fe9a11fe1cfdd08066924b6c0b92d36e,1284,train
1286_left.jpg,C:\projects\retina-ai-ocular-disease-classification\archive\dataset\glaucoma\1286_left.jpg,glaucoma/1286_left.jpg,glaucoma,512,512,3,e5ecffff234a451f02fa3abe6f7dc248,1286,train
1286_right.jpg,C:\projects\retina-ai-ocular-disease-classification\archive\dataset\glaucoma\1286_right.jpg,glaucoma/1286_right.jpg,glaucoma,512,512,3,f42ae928aec440ed7ac4e466f548c3b2,1286,train
1287_left.jpg,C:\projects\retina-ai-ocular-disease-classification\archive\dataset\glaucoma\1287_left.jpg,glaucoma/1287_left.jpg,glaucoma,512,512,3,dc759dc1f882f8360569d6b52f194773,1287,train
1287_right.jpg,C:\projects\retina-ai-ocular-disease-classification\archive\dataset\glaucoma\1287_right.jpg,glaucoma/1287_right.jpg,glaucoma,512,512,3,0547b7d9f69d2fac8cc7a1d76d927461,1287,train
1289_left.jpg,C:\projects\retina-ai-ocular-disease-classification\archive\dataset\glaucoma\1289_left.jpg,glaucoma/1289_left.jpg,glaucoma,512,512,3,c7e729382c57ead722634ca3df570e95,1289,train
1289_right.jpg,C:\projects\retina-ai-ocular-disease-classification\archive\dataset\glaucoma\1289_right.jpg,glaucoma/1289_right.jpg,glaucoma,512,512,3,208f82f99de33da3add58356a14c7c0e,1289,train
1291_left.jpg,C:\projects\retina-ai-ocular-disease-classification\archive\dataset\glaucoma\1291_left.jpg,glaucoma/1291_left.jpg,glaucoma,512,512,3,9fa8d557c5be1600594071f09c0d149b,1291,train
1291_right.jpg,C:\projects\retina-ai-ocular-disease-classification\archive\dataset\glaucoma\1291_right.jpg,glaucoma/1291_right.jpg,glaucoma,512,512,3,95e35e5a2fdbc48c6c073171ad2b30e8,1291,train
1294_left.jpg,C:\projects\retina-ai-ocular-disease-classification\archive\dataset\glaucoma\1294_left.jpg,glaucoma/1294_left.jpg,glaucoma,512,512,3,b238766e22eda9fe6cc132e077215569,1294,train
1294_right.jpg,C:\projects\retina-ai-ocular-disease-classification\archive\dataset\glaucoma\1294_right.jpg,glaucoma/1294_right.jpg,glaucoma,512,512,3,00649f9484b10a71843f353bd8cf2ebd,1294,train
1297_left.jpg,C:\projects\retina-ai-ocular-disease-classification\archive\dataset\glaucoma\1297_left.jpg,glaucoma/1297_left.jpg,glaucoma,512,512,3,e5f3ec3ea9335349e36393034e4479d8,1297,train
1297_right.jpg,C:\projects\retina-ai-ocular-disease-classification\archive\dataset\glaucoma\1297_right.jpg,glaucoma/1297_right.jpg,glaucoma,512,512,3,f1b1ff78dc6fc15d38436048f51dec0c,1297,train
1303_left.jpg,C:\projects\retina-ai-ocular-disease-classification\archive\dataset\glaucoma\1303_left.jpg,glaucoma/1303_left.jpg,glaucoma,512,512,3,9d21517bed655d418445b8bbb141fc0b,1303,train
1306_left.jpg,C:\projects\retina-ai-ocular-disease-classification\archive\dataset\glaucoma\1306_left.jpg,glaucoma/1306_left.jpg,glaucoma,512,512,3,ce2c3ed8b257f7a7f70e69c6b7838d2a,1306,train
1306_right.jpg,C:\projects\retina-ai-ocular-disease-classification\archive\dataset\glaucoma\1306_right.jpg,glaucoma/1306_right.jpg,glaucoma,512,512,3,f4ced7b3bb58e28cb8b2e7a299abd3a2,1306,train
1307_left.jpg,C:\projects\retina-ai-ocular-disease-classification\archive\dataset\glaucoma\1307_left.jpg,glaucoma/1307_left.jpg,glaucoma,512,512,3,d4f157a0dbe731686812fca4f61e2472,1307,train
1307_right.jpg,C:\projects\retina-ai-ocular-disease-classification\archive\dataset\glaucoma\1307_right.jpg,glaucoma/1307_right.jpg,glaucoma,512,512,3,341df54b21079af4dc79f2c2bb99ddd6,1307,train
1314_left.jpg,C:\projects\retina-ai-ocular-disease-classification\archive\dataset\glaucoma\1314_left.jpg,glaucoma/1314_left.jpg,glaucoma,512,512,3,52d1550beb54bb44e379814c21975309,1314,train
1314_right.jpg,C:\projects\retina-ai-ocular-disease-classification\archive\dataset\glaucoma\1314_right.jpg,glaucoma/1314_right.jpg,glaucoma,512,512,3,ef89be169caba7b3f6100e9798bee666,1314,train
1318_left.jpg,C:\projects\retina-ai-ocular-disease-classification\archive\dataset\glaucoma\1318_left.jpg,glaucoma/1318_left.jpg,glaucoma,512,512,3,2aa3d88a27def9def65773c9dd391067,1318,train
1318_right.jpg,C:\projects\retina-ai-ocular-disease-classification\archive\dataset\glaucoma\1318_right.jpg,glaucoma/1318_right.jpg,glaucoma,512,512,3,481f64d6f37b21ebdf7cdd69aeaf104b,1318,train
1319_right.jpg,C:\projects\retina-ai-ocular-disease-classification\archive\dataset\glaucoma\1319_right.jpg,glaucoma/1319_right.jpg,glaucoma,512,512,3,67d7fbd0c95e23d5d77b714d72e4c2da,1319,train
1325_left.jpg,C:\projects\retina-ai-ocular-disease-classification\archive\dataset\glaucoma\1325_left.jpg,glaucoma/1325_left.jpg,glaucoma,512,512,3,22d5a3220ba025b84a5c630b0bc4cbb6,1325,train
1325_right.jpg,C:\projects\retina-ai-ocular-disease-classification\archive\dataset\glaucoma\1325_right.jpg,glaucoma/1325_right.jpg,glaucoma,512,512,3,382edc301409abc40fe7d2e35ec4b5d8,1325,train
1330_left.jpg,C:\projects\retina-ai-ocular-disease-classification\archive\dataset\glaucoma\1330_left.jpg,glaucoma/1330_left.jpg,glaucoma,512,512,3,9e190f9dddd25b4df039c925f69bf381,1330,train
1330_right.jpg,C:\projects\retina-ai-ocular-disease-classification\archive\dataset\glaucoma\1330_right.jpg,glaucoma/1330_right.jpg,glaucoma,512,512,3,d5ad3c82bc6a5f22520e4cd50c438d91,1330,train
1334_left.jpg,C:\projects\retina-ai-ocular-disease-classification\archive\dataset\glaucoma\1334_left.jpg,glaucoma/1334_left.jpg,glaucoma,512,512,3,ff5cb814f2b63013efa3e850e6207a83,1334,train
1334_right.jpg,C:\projects\retina-ai-ocular-disease-classification\archive\dataset\glaucoma\1334_right.jpg,glaucoma/1334_right.jpg,glaucoma,512,512,3,4919a04fc5d44e4d99d8b9704fac09b2,1334,train
1344_left.jpg,C:\projects\retina-ai-ocular-disease-classification\archive\dataset\glaucoma\1344_left.jpg,glaucoma/1344_left.jpg,glaucoma,512,512,3,77a6e841cdce35f5ebb53a1bf4ec0a6c,1344,train
1344_right.jpg,C:\projects\retina-ai-ocular-disease-classification\archive\dataset\glaucoma\1344_right.jpg,glaucoma/1344_right.jpg,glaucoma,512,512,3,b8c20fcc9513eb478acc49aee53ee370,1344,train
1351_left.jpg,C:\projects\retina-ai-ocular-disease-classification\archive\dataset\glaucoma\1351_left.jpg,glaucoma/1351_left.jpg,glaucoma,512,512,3,00628a05db9d9d11d64a95ec4b8a2929,1351,train
1351_right.jpg,C:\projects\retina-ai-ocular-disease-classification\archive\dataset\glaucoma\1351_right.jpg,glaucoma/1351_right.jpg,glaucoma,512,512,3,f0e83b20212752ff2a936d83f6099a4e,1351,train
1352_left.jpg,C:\projects\retina-ai-ocular-disease-classification\archive\dataset\glaucoma\1352_left.jpg,glaucoma/1352_left.jpg,glaucoma,512,512,3,ba1f1685bb7271484b6f55da5691c8a3,1352,train
1352_right.jpg,C:\projects\retina-ai-ocular-disease-classification\archive\dataset\glaucoma\1352_right.jpg,glaucoma/1352_right.jpg,glaucoma,512,512,3,cc5ed18f34a69b49fb9b0b269fb24ed9,1352,train
1353_left.jpg,C:\projects\retina-ai-ocular-disease-classification\archive\dataset\glaucoma\1353_left.jpg,glaucoma/1353_left.jpg,glaucoma,512,512,3,8db61d1b1296d3ffaef5fd8495d1aeae,1353,train
1353_right.jpg,C:\projects\retina-ai-ocular-disease-classification\archive\dataset\glaucoma\1353_right.jpg,glaucoma/1353_right.jpg,glaucoma,512,512,3,f33b0f29e9ccddc21485edf7ad42d1fc,1353,train
1369_left.jpg,C:\projects\retina-ai-ocular-disease-classification\archive\dataset\glaucoma\1369_left.jpg,glaucoma/1369_left.jpg,glaucoma,512,512,3,e2f14e5c656be5945447e061e653b44c,1369,train
1371_left.jpg,C:\projects\retina-ai-ocular-disease-classification\archive\dataset\glaucoma\1371_left.jpg,glaucoma/1371_left.jpg,glaucoma,512,512,3,5b64d79a7d9eb92bfea9ad8613d86e27,1371,train
1371_right.jpg,C:\projects\retina-ai-ocular-disease-classification\archive\dataset\glaucoma\1371_right.jpg,glaucoma/1371_right.jpg,glaucoma,512,512,3,03442a034f49e887c7939a324601dcb1,1371,train
1374_left.jpg,C:\projects\retina-ai-ocular-disease-classification\archive\dataset\glaucoma\1374_left.jpg,glaucoma/1374_left.jpg,glaucoma,512,512,3,09f2a4f5c3468b8ac9e34f16dee765cf,1374,train
1374_right.jpg,C:\projects\retina-ai-ocular-disease-classification\archive\dataset\glaucoma\1374_right.jpg,glaucoma/1374_right.jpg,glaucoma,512,512,3,fa0682bb059af27ce00a065da284fa21,1374,train
1377_right.jpg,C:\projects\retina-ai-ocular-disease-classification\archive\dataset\glaucoma\1377_right.jpg,glaucoma/1377_right.jpg,glaucoma,512,512,3,58f2bca2610f30f01c3536bb98dffbe6,1377,train
1378_right.jpg,C:\projects\retina-ai-ocular-disease-classification\archive\dataset\glaucoma\1378_right.jpg,glaucoma/1378_right.jpg,glaucoma,512,512,3,6f0a5c6f430cf231c60e3121f90c505d,1378,train
1386_left.jpg,C:\projects\retina-ai-ocular-disease-classification\archive\dataset\glaucoma\1386_left.jpg,glaucoma/1386_left.jpg,glaucoma,512,512,3,729ae26a43c67f1648fed6802ad3d637,1386,train
1386_right.jpg,C:\projects\retina-ai-ocular-disease-classification\archive\dataset\glaucoma\1386_right.jpg,glaucoma/1386_right.jpg,glaucoma,512,512,3,f929b801db1c12c077d671d53f8ebe27,1386,train
1389_left.jpg,C:\projects\retina-ai-ocular-disease-classification\archive\dataset\glaucoma\1389_left.jpg,glaucoma/1389_left.jpg,glaucoma,512,512,3,eab86f67566285bb713c09eaa415b6a3,1389,train
1389_right.jpg,C:\projects\retina-ai-ocular-disease-classification\archive\dataset\glaucoma\1389_right.jpg,glaucoma/1389_right.jpg,glaucoma,512,512,3,dc7afaf1ed6db0565d7c40fcdf1330af,1389,train
1396_left.jpg,C:\projects\retina-ai-ocular-disease-classification\archive\dataset\glaucoma\1396_left.jpg,glaucoma/1396_left.jpg,glaucoma,512,512,3,de352d5e695dc35e09ab34ab4850069e,1396,train
1397_left.jpg,C:\projects\retina-ai-ocular-disease-classification\archive\dataset\glaucoma\1397_left.jpg,glaucoma/1397_left.jpg,glaucoma,512,512,3,8620d5dd85dce7346b67fc9a8e280d29,1397,train
1402_left.jpg,C:\projects\retina-ai-ocular-disease-classification\archive\dataset\glaucoma\1402_left.jpg,glaucoma/1402_left.jpg,glaucoma,512,512,3,7c19095ed7a2e7feadeeb3518ddf2034,1402,train
1404_left.jpg,C:\projects\retina-ai-ocular-disease-classification\archive\dataset\glaucoma\1404_left.jpg,glaucoma/1404_left.jpg,glaucoma,512,512,3,c769a56e24b4017e4fc60dba0658beeb,1404,train
1406_left.jpg,C:\projects\retina-ai-ocular-disease-classification\archive\dataset\glaucoma\1406_left.jpg,glaucoma/1406_left.jpg,glaucoma,512,512,3,9e55b9226aab2cdab5cbb2f31cb05083,1406,train
1408_right.jpg,C:\projects\retina-ai-ocular-disease-classification\archive\dataset\glaucoma\1408_right.jpg,glaucoma/1408_right.jpg,glaucoma,512,512,3,9cd0b97adf4a3aa6a9e166998aad99fb,1408,train
1409_right.jpg,C:\projects\retina-ai-ocular-disease-classification\archive\dataset\glaucoma\1409_right.jpg,glaucoma/1409_right.jpg,glaucoma,512,512,3,babf82da1e7eb03489eb61e50c4ce4e7,1409,train
1410_left.jpg,C:\projects\retina-ai-ocular-disease-classification\archive\dataset\glaucoma\1410_left.jpg,glaucoma/1410_left.jpg,glaucoma,512,512,3,0270852a08bf9cba4a305e3366f5371c,1410,train
1416_right.jpg,C:\projects\retina-ai-ocular-disease-classification\archive\dataset\glaucoma\1416_right.jpg,glaucoma/1416_right.jpg,glaucoma,512,512,3,a29cd8471ee84e64aaf6b3c3cd19ce14,1416,train
1418_left.jpg,C:\projects\retina-ai-ocular-disease-classification\archive\dataset\glaucoma\1418_left.jpg,glaucoma/1418_left.jpg,glaucoma,512,512,3,fa0eee26fc6de2f82456867406db1116,1418,train
1419_left.jpg,C:\projects\retina-ai-ocular-disease-classification\archive\dataset\glaucoma\1419_left.jpg,glaucoma/1419_left.jpg,glaucoma,512,512,3,354a1d04c87c4097a1c4c607390fcd9f,1419,train
1424_left.jpg,C:\projects\retina-ai-ocular-disease-classification\archive\dataset\glaucoma\1424_left.jpg,glaucoma/1424_left.jpg,glaucoma,512,512,3,4e4d6e14355555b6eefd3939d865710c,1424,train
1426_left.jpg,C:\projects\retina-ai-ocular-disease-classification\archive\dataset\glaucoma\1426_left.jpg,glaucoma/1426_left.jpg,glaucoma,512,512,3,046e2738526dc04e47992dabdbff6df9,1426,train
1427_right.jpg,C:\projects\retina-ai-ocular-disease-classification\archive\dataset\glaucoma\1427_right.jpg,glaucoma/1427_right.jpg,glaucoma,512,512,3,fe02bf86a3bfd3f994a79a6b7c1ee548,1427,train
1428_left.jpg,C:\projects\retina-ai-ocular-disease-classification\archive\dataset\glaucoma\1428_left.jpg,glaucoma/1428_left.jpg,glaucoma,512,512,3,8a64fcc7b1c8fb97b015da25ae74d105,1428,train
1431_left.jpg,C:\projects\retina-ai-ocular-disease-classification\archive\dataset\glaucoma\1431_left.jpg,glaucoma/1431_left.jpg,glaucoma,512,512,3,625776d74ce37d8740b9f52b33c3faca,1431,train
1431_right.jpg,C:\projects\retina-ai-ocular-disease-classification\archive\dataset\glaucoma\1431_right.jpg,glaucoma/1431_right.jpg,glaucoma,512,512,3,ea1419f4b70b9aa70679cc6efea93fef,1431,train
1439_left.jpg,C:\projects\retina-ai-ocular-disease-classification\archive\dataset\glaucoma\1439_left.jpg,glaucoma/1439_left.jpg,glaucoma,512,512,3,d49708e37999b89c8aec76827a9128f0,1439,train
1440_left.jpg,C:\projects\retina-ai-ocular-disease-classification\archive\dataset\glaucoma\1440_left.jpg,glaucoma/1440_left.jpg,glaucoma,512,512,3,59a2e11bb61819881c4afdef2d8afb9f,1440,train
1440_right.jpg,C:\projects\retina-ai-ocular-disease-classification\archive\dataset\glaucoma\1440_right.jpg,glaucoma/1440_right.jpg,glaucoma,512,512,3,871d4654629c4dcd6638536d6d60fdda,1440,train
1441_left.jpg,C:\projects\retina-ai-ocular-disease-classification\archive\dataset\glaucoma\1441_left.jpg,glaucoma/1441_left.jpg,glaucoma,512,512,3,66a2857acf282daa235da3c31f502b39,1441,train
1442_left.jpg,C:\projects\retina-ai-ocular-disease-classification\archive\dataset\glaucoma\1442_left.jpg,glaucoma/1442_left.jpg,glaucoma,512,512,3,05ec6e65fb56f3687de3732fe2c8a546,1442,train
1443_left.jpg,C:\projects\retina-ai-ocular-disease-classification\archive\dataset\glaucoma\1443_left.jpg,glaucoma/1443_left.jpg,glaucoma,512,512,3,ba17479b6e18d7f44cf55252579d61a8,1443,train
1443_right.jpg,C:\projects\retina-ai-ocular-disease-classification\archive\dataset\glaucoma\1443_right.jpg,glaucoma/1443_right.jpg,glaucoma,512,512,3,983c3cb7ee1eb4ce2df00ac538729b23,1443,train
1450_left.jpg,C:\projects\retina-ai-ocular-disease-classification\archive\dataset\glaucoma\1450_left.jpg,glaucoma/1450_left.jpg,glaucoma,512,512,3,64860e810539dd2c72768388a0a5bfc3,1450,train
1453_right.jpg,C:\projects\retina-ai-ocular-disease-classification\archive\dataset\glaucoma\1453_right.jpg,glaucoma/1453_right.jpg,glaucoma,512,512,3,a3a33e6aeaf5f93968951854589525e8,1453,train
1458_left.jpg,C:\projects\retina-ai-ocular-disease-classification\archive\dataset\glaucoma\1458_left.jpg,glaucoma/1458_left.jpg,glaucoma,512,512,3,a83c44752a457e1b6aef096d39cfad36,1458,train
1458_right.jpg,C:\projects\retina-ai-ocular-disease-classification\archive\dataset\glaucoma\1458_right.jpg,glaucoma/1458_right.jpg,glaucoma,512,512,3,913fe054ace30ef0ed8d092378cb92ef,1458,train
1462_left.jpg,C:\projects\retina-ai-ocular-disease-classification\archive\dataset\glaucoma\1462_left.jpg,glaucoma/1462_left.jpg,glaucoma,512,512,3,86022641299c5d33a088add5a61235bc,1462,train
1465_right.jpg,C:\projects\retina-ai-ocular-disease-classification\archive\dataset\glaucoma\1465_right.jpg,glaucoma/1465_right.jpg,glaucoma,512,512,3,062b4a456e8b2425e4cc94593acd10bf,1465,train
1470_left.jpg,C:\projects\retina-ai-ocular-disease-classification\archive\dataset\glaucoma\1470_left.jpg,glaucoma/1470_left.jpg,glaucoma,512,512,3,dfd67b11919eb81405916a3320be60fe,1470,train
1470_right.jpg,C:\projects\retina-ai-ocular-disease-classification\archive\dataset\glaucoma\1470_right.jpg,glaucoma/1470_right.jpg,glaucoma,512,512,3,783091601822a296da0a210374d8c1ea,1470,train
1473_left.jpg,C:\projects\retina-ai-ocular-disease-classification\archive\dataset\glaucoma\1473_left.jpg,glaucoma/1473_left.jpg,glaucoma,512,512,3,39ab4f1e7789df0b7e0e85274a8a771f,1473,train
1473_right.jpg,C:\projects\retina-ai-ocular-disease-classification\archive\dataset\glaucoma\1473_right.jpg,glaucoma/1473_right.jpg,glaucoma,512,512,3,f68eb183795340d82aa3ffdebe3dd88d,1473,train
1474_left.jpg,C:\projects\retina-ai-ocular-disease-classification\archive\dataset\glaucoma\1474_left.jpg,glaucoma/1474_left.jpg,glaucoma,512,512,3,30fb33cd2de5a6a8c0271c378cf2937c,1474,train
1476_right.jpg,C:\projects\retina-ai-ocular-disease-classification\archive\dataset\glaucoma\1476_right.jpg,glaucoma/1476_right.jpg,glaucoma,512,512,3,9eaed7fd895d32906db4ecd179e63b6f,1476,train
1478_left.jpg,C:\projects\retina-ai-ocular-disease-classification\archive\dataset\glaucoma\1478_left.jpg,glaucoma/1478_left.jpg,glaucoma,512,512,3,b3c6b5aabd57a3e999eaf08a58a5c3d9,1478,train
1480_right.jpg,C:\projects\retina-ai-ocular-disease-classification\archive\dataset\glaucoma\1480_right.jpg,glaucoma/1480_right.jpg,glaucoma,512,512,3,bf806543ef1e10920ac58d470e83b822,1480,train
1485_right.jpg,C:\projects\retina-ai-ocular-disease-classification\archive\dataset\glaucoma\1485_right.jpg,glaucoma/1485_right.jpg,glaucoma,512,512,3,9a0c40480a74429dc480cc1a46ed4421,1485,train
1486_left.jpg,C:\projects\retina-ai-ocular-disease-classification\archive\dataset\glaucoma\1486_left.jpg,glaucoma/1486_left.jpg,glaucoma,512,512,3,c6a9db8054ab4e9cc8cf788e27f9b915,1486,train
1487_left.jpg,C:\projects\retina-ai-ocular-disease-classification\archive\dataset\glaucoma\1487_left.jpg,glaucoma/1487_left.jpg,glaucoma,512,512,3,cd20b3177701f6cdc70254f5f22e20d3,1487,train
1487_right.jpg,C:\projects\retina-ai-ocular-disease-classification\archive\dataset\glaucoma\1487_right.jpg,glaucoma/1487_right.jpg,glaucoma,512,512,3,aaf561152fa7b6b146025808198ceabb,1487,train
1489_left.jpg,C:\projects\retina-ai-ocular-disease-classification\archive\dataset\glaucoma\1489_left.jpg,glaucoma/1489_left.jpg,glaucoma,512,512,3,8a8dd8e79a384c076784c6ea17976a74,1489,train
1491_left.jpg,C:\projects\retina-ai-ocular-disease-classification\archive\dataset\glaucoma\1491_left.jpg,glaucoma/1491_left.jpg,glaucoma,512,512,3,3d5dbc4780553149bbebb78a0db15b01,1491,train
1492_left.jpg,C:\projects\retina-ai-ocular-disease-classification\archive\dataset\glaucoma\1492_left.jpg,glaucoma/1492_left.jpg,glaucoma,512,512,3,565579ea750988922fb73ed2cd782ca8,1492,train
1492_right.jpg,C:\projects\retina-ai-ocular-disease-classification\archive\dataset\glaucoma\1492_right.jpg,glaucoma/1492_right.jpg,glaucoma,512,512,3,b2cda4c58e9a071a864a5b69b4467cf2,1492,train
1493_left.jpg,C:\projects\retina-ai-ocular-disease-classification\archive\dataset\glaucoma\1493_left.jpg,glaucoma/1493_left.jpg,glaucoma,512,512,3,18bcdb9ea98c9ecbf4e3476aac948d40,1493,train
1494_left.jpg,C:\projects\retina-ai-ocular-disease-classification\archive\dataset\glaucoma\1494_left.jpg,glaucoma/1494_left.jpg,glaucoma,512,512,3,a08148076e1e5a37f1f94898bfdddcd0,1494,train
1495_left.jpg,C:\projects\retina-ai-ocular-disease-classification\archive\dataset\glaucoma\1495_left.jpg,glaucoma/1495_left.jpg,glaucoma,512,512,3,82acbd15514791b1490acc971d2c10c5,1495,train
1495_right.jpg,C:\projects\retina-ai-ocular-disease-classification\archive\dataset\glaucoma\1495_right.jpg,glaucoma/1495_right.jpg,glaucoma,512,512,3,48b239da9368e730c712d6641285b99d,1495,train
1496_right.jpg,C:\projects\retina-ai-ocular-disease-classification\archive\dataset\glaucoma\1496_right.jpg,glaucoma/1496_right.jpg,glaucoma,512,512,3,1c600065ff9e572c98447cf4e59b6984,1496,train
1497_left.jpg,C:\projects\retina-ai-ocular-disease-classification\archive\dataset\glaucoma\1497_left.jpg,glaucoma/1497_left.jpg,glaucoma,512,512,3,46f118c75c881a88042e4d078f93b8ea,1497,train
1497_right.jpg,C:\projects\retina-ai-ocular-disease-classification\archive\dataset\glaucoma\1497_right.jpg,glaucoma/1497_right.jpg,glaucoma,512,512,3,c653d295be7cf9923c36228eae5c78ab,1497,train
1507_right.jpg,C:\projects\retina-ai-ocular-disease-classification\archive\dataset\glaucoma\1507_right.jpg,glaucoma/1507_right.jpg,glaucoma,512,512,3,b620a8f15728330e84ebe82b10495baa,1507,train
1510_right.jpg,C:\projects\retina-ai-ocular-disease-classification\archive\dataset\glaucoma\1510_right.jpg,glaucoma/1510_right.jpg,glaucoma,512,512,3,3bee01a35560662f860e9bac27bf652a,1510,train
1515_left.jpg,C:\projects\retina-ai-ocular-disease-classification\archive\dataset\glaucoma\1515_left.jpg,glaucoma/1515_left.jpg,glaucoma,512,512,3,cfd9ee808f477c1ae78408cdcc9c0de4,1515,train
153_left.jpg,C:\projects\retina-ai-ocular-disease-classification\archive\dataset\glaucoma\153_left.jpg,glaucoma/153_left.jpg,glaucoma,512,512,3,4b8b96063e7f1b0616f6b93974b16e5e,153,train
167_left.jpg,C:\projects\retina-ai-ocular-disease-classification\archive\dataset\glaucoma\167_left.jpg,glaucoma/167_left.jpg,glaucoma,512,512,3,18e2feac2fd174ad7e1c686869679ab2,167,train
167_right.jpg,C:\projects\retina-ai-ocular-disease-classification\archive\dataset\glaucoma\167_right.jpg,glaucoma/167_right.jpg,glaucoma,512,512,3,5cc234df69afe48329b65fab96307a89,167,train
178_left.jpg,C:\projects\retina-ai-ocular-disease-classification\archive\dataset\glaucoma\178_left.jpg,glaucoma/178_left.jpg,glaucoma,512,512,3,9bd8431bec548eb3a042cee829a36bc0,178,train
1881_left.jpg,C:\projects\retina-ai-ocular-disease-classification\archive\dataset\glaucoma\1881_left.jpg,glaucoma/1881_left.jpg,glaucoma,512,512,3,1668df920818a280a78c97a6f767c5e2,1881,train
1881_right.jpg,C:\projects\retina-ai-ocular-disease-classification\archive\dataset\glaucoma\1881_right.jpg,glaucoma/1881_right.jpg,glaucoma,512,512,3,6bf966e3d63af0149335e21ed9a66291,1881,train
1959_left.jpg,C:\projects\retina-ai-ocular-disease-classification\archive\dataset\glaucoma\1959_left.jpg,glaucoma/1959_left.jpg,glaucoma,512,512,3,a682704715c03f12955622ed952f46ff,1959,train
1959_right.jpg,C:\projects\retina-ai-ocular-disease-classification\archive\dataset\glaucoma\1959_right.jpg,glaucoma/1959_right.jpg,glaucoma,512,512,3,a23df9f9e38d48181a8bf984d63c9055,1959,train
1963_right.jpg,C:\projects\retina-ai-ocular-disease-classification\archive\dataset\glaucoma\1963_right.jpg,glaucoma/1963_right.jpg,glaucoma,512,512,3,d2e10db36753704ffacd94f4490efadc,1963,train
1964_left.jpg,C:\projects\retina-ai-ocular-disease-classification\archive\dataset\glaucoma\1964_left.jpg,glaucoma/1964_left.jpg,glaucoma,512,512,3,c4ab25502a54ae96d36e926d0c4b0f03,1964,train
1965_left.jpg,C:\projects\retina-ai-ocular-disease-classification\archive\dataset\glaucoma\1965_left.jpg,glaucoma/1965_left.jpg,glaucoma,512,512,3,44538d1d8253016e91af69c407943f1d,1965,train
1971_left.jpg,C:\projects\retina-ai-ocular-disease-classification\archive\dataset\glaucoma\1971_left.jpg,glaucoma/1971_left.jpg,glaucoma,512,512,3,3062b5b9a166ac07fca203a20f43b5e5,1971,train
1985_left.jpg,C:\projects\retina-ai-ocular-disease-classification\archive\dataset\glaucoma\1985_left.jpg,glaucoma/1985_left.jpg,glaucoma,512,512,3,08c207944fed7f6ea4ce61b98b3116d0,1985,train
1986_left.jpg,C:\projects\retina-ai-ocular-disease-classification\archive\dataset\glaucoma\1986_left.jpg,glaucoma/1986_left.jpg,glaucoma,512,512,3,c5af2d0c0ccf2e362ac036503917bb2b,1986,train
1990_right.jpg,C:\projects\retina-ai-ocular-disease-classification\archive\dataset\glaucoma\1990_right.jpg,glaucoma/1990_right.jpg,glaucoma,512,512,3,dbf2bf25a97622b0b24160caf5cb8349,1990,train
1999_right.jpg,C:\projects\retina-ai-ocular-disease-classification\archive\dataset\glaucoma\1999_right.jpg,glaucoma/1999_right.jpg,glaucoma,512,512,3,522c72b7c4b3eade82326a86220752a8,1999,train
2006_left.jpg,C:\projects\retina-ai-ocular-disease-classification\archive\dataset\glaucoma\2006_left.jpg,glaucoma/2006_left.jpg,glaucoma,512,512,3,7f86929566efc621cf26ceffa5f856ea,2006,train
2010_left.jpg,C:\projects\retina-ai-ocular-disease-classification\archive\dataset\glaucoma\2010_left.jpg,glaucoma/2010_left.jpg,glaucoma,512,512,3,91cd3b6fd100d3ce60904346ea13de1b,2010,train
2020_left.jpg,C:\projects\retina-ai-ocular-disease-classification\archive\dataset\glaucoma\2020_left.jpg,glaucoma/2020_left.jpg,glaucoma,512,512,3,49411435fcfc6d13d35cc641dffae227,2020,train
2030_left.jpg,C:\projects\retina-ai-ocular-disease-classification\archive\dataset\glaucoma\2030_left.jpg,glaucoma/2030_left.jpg,glaucoma,512,512,3,6af7beb7a8145d35bb5e35e184dd6b7f,2030,train
2030_right.jpg,C:\projects\retina-ai-ocular-disease-classification\archive\dataset\glaucoma\2030_right.jpg,glaucoma/2030_right.jpg,glaucoma,512,512,3,019de1e1d8a030614fb2e65c35e8ff37,2030,train
2032_right.jpg,C:\projects\retina-ai-ocular-disease-classification\archive\dataset\glaucoma\2032_right.jpg,glaucoma/2032_right.jpg,glaucoma,512,512,3,f2e8d63995ca8fb9054e0d1e5d6d195b,2032,train
2041_left.jpg,C:\projects\retina-ai-ocular-disease-classification\archive\dataset\glaucoma\2041_left.jpg,glaucoma/2041_left.jpg,glaucoma,512,512,3,a2cc36548657a5dc47715797a02fcad5,2041,train
2048_right.jpg,C:\projects\retina-ai-ocular-disease-classification\archive\dataset\glaucoma\2048_right.jpg,glaucoma/2048_right.jpg,glaucoma,512,512,3,30247c8d71108e2ed4bd1cc37a551ea9,2048,train
2063_left.jpg,C:\projects\retina-ai-ocular-disease-classification\archive\dataset\glaucoma\2063_left.jpg,glaucoma/2063_left.jpg,glaucoma,512,512,3,efa40dfd141bad890049675f8633e763,2063,train
2063_right.jpg,C:\projects\retina-ai-ocular-disease-classification\archive\dataset\glaucoma\2063_right.jpg,glaucoma/2063_right.jpg,glaucoma,512,512,3,112371dd30d7ec96521eab7e82f1fb76,2063,train
2074_left.jpg,C:\projects\retina-ai-ocular-disease-classification\archive\dataset\glaucoma\2074_left.jpg,glaucoma/2074_left.jpg,glaucoma,512,512,3,c57db66784d3053acbc3b57cb8155c15,2074,train
247_left.jpg,C:\projects\retina-ai-ocular-disease-classification\archive\dataset\glaucoma\247_left.jpg,glaucoma/247_left.jpg,glaucoma,512,512,3,0ce1fe79152db201f274ef80371b1085,247,train
247_right.jpg,C:\projects\retina-ai-ocular-disease-classification\archive\dataset\glaucoma\247_right.jpg,glaucoma/247_right.jpg,glaucoma,512,512,3,647f4863100f87a7c8340af3629dea71,247,train
625_left.jpg,C:\projects\retina-ai-ocular-disease-classification\archive\dataset\glaucoma\625_left.jpg,glaucoma/625_left.jpg,glaucoma,512,512,3,06f4c9b0835adcdddc48252f45f6480e,625,train
746_left.jpg,C:\projects\retina-ai-ocular-disease-classification\archive\dataset\glaucoma\746_left.jpg,glaucoma/746_left.jpg,glaucoma,512,512,3,dd2d00245209bb76bcdaa8dbf2d98752,746,train
746_right.jpg,C:\projects\retina-ai-ocular-disease-classification\archive\dataset\glaucoma\746_right.jpg,glaucoma/746_right.jpg,glaucoma,512,512,3,b79d921a292c58ea4c16abedeee17751,746,train
931_left.jpg,C:\projects\retina-ai-ocular-disease-classification\archive\dataset\glaucoma\931_left.jpg,glaucoma/931_left.jpg,glaucoma,512,512,3,9a7e0c7aa6400a97f8502d2153ab432b,931,train
931_right.jpg,C:\projects\retina-ai-ocular-disease-classification\archive\dataset\glaucoma\931_right.jpg,glaucoma/931_right.jpg,glaucoma,512,512,3,3db2fd623469a5f8b5112914db7c5d81,931,train
Glaucoma_003.png,C:\projects\retina-ai-ocular-disease-classification\archive\dataset\glaucoma\Glaucoma_003.png,glaucoma/Glaucoma_003.png,glaucoma,2592,1728,3,19cdb492f1ab0c9011859d81a3c3228f,Glaucoma_003,train
Glaucoma_004.png,C:\projects\retina-ai-ocular-disease-classification\archive\dataset\glaucoma\Glaucoma_004.png,glaucoma/Glaucoma_004.png,glaucoma,2592,1728,3,9be31164a2cc0d8ab8cba83a520b1890,Glaucoma_004,train
Glaucoma_005.png,C:\projects\retina-ai-ocular-disease-classification\archive\dataset\glaucoma\Glaucoma_005.png,glaucoma/Glaucoma_005.png,glaucoma,2592,1728,3,d449054a357a81d0bb22ca20469e7e50,Glaucoma_005,train
Glaucoma_008.png,C:\projects\retina-ai-ocular-disease-classification\archive\dataset\glaucoma\Glaucoma_008.png,glaucoma/Glaucoma_008.png,glaucoma,2592,1728,3,1de17afa6b5a956b04df05622ef3a13c,Glaucoma_008,train
Glaucoma_009.png,C:\projects\retina-ai-ocular-disease-classification\archive\dataset\glaucoma\Glaucoma_009.png,glaucoma/Glaucoma_009.png,glaucoma,2592,1728,3,60c08a0dc80824c602fac7242b8484d4,Glaucoma_009,train
Glaucoma_010.png,C:\projects\retina-ai-ocular-disease-classification\archive\dataset\glaucoma\Glaucoma_010.png,glaucoma/Glaucoma_010.png,glaucoma,2592,1728,3,70568c7cffbca238ded3406d745adb4d,Glaucoma_010,train
Glaucoma_011.png,C:\projects\retina-ai-ocular-disease-classification\archive\dataset\glaucoma\Glaucoma_011.png,glaucoma/Glaucoma_011.png,glaucoma,2592,1728,3,74a41e72832985b0d9ce7f989c01947d,Glaucoma_011,train
Glaucoma_014.png,C:\projects\retina-ai-ocular-disease-classification\archive\dataset\glaucoma\Glaucoma_014.png,glaucoma/Glaucoma_014.png,glaucoma,2592,1728,3,2c9693d581ffd4fe24449a88592950de,Glaucoma_014,train
Glaucoma_015.png,C:\projects\retina-ai-ocular-disease-classification\archive\dataset\glaucoma\Glaucoma_015.png,glaucoma/Glaucoma_015.png,glaucoma,2592,1728,3,c369e87886bab4e2e4409a78587b28a1,Glaucoma_015,train
Glaucoma_017.png,C:\projects\retina-ai-ocular-disease-classification\archive\dataset\glaucoma\Glaucoma_017.png,glaucoma/Glaucoma_017.png,glaucoma,2464,1632,3,b22601f353710cff2032ee6c11612822,Glaucoma_017,train
Glaucoma_018.png,C:\projects\retina-ai-ocular-disease-classification\archive\dataset\glaucoma\Glaucoma_018.png,glaucoma/Glaucoma_018.png,glaucoma,2464,1632,3,6cf896e6affc0e37ace9b680c6c0e0f9,Glaucoma_018,train
Glaucoma_019.png,C:\projects\retina-ai-ocular-disease-classification\archive\dataset\glaucoma\Glaucoma_019.png,glaucoma/Glaucoma_019.png,glaucoma,1848,1224,3,27c327b5e962565230fb28b1788d3f50,Glaucoma_019,train
Glaucoma_020.png,C:\projects\retina-ai-ocular-disease-classification\archive\dataset\glaucoma\Glaucoma_020.png,glaucoma/Glaucoma_020.png,glaucoma,1848,1224,3,1df31c5a9b621ef9817162c6afc178aa,Glaucoma_020,train
Glaucoma_021.png,C:\projects\retina-ai-ocular-disease-classification\archive\dataset\glaucoma\Glaucoma_021.png,glaucoma/Glaucoma_021.png,glaucoma,2592,1728,3,d1231141554d24dc5e972a7627c82b71,Glaucoma_021,train
Glaucoma_022.png,C:\projects\retina-ai-ocular-disease-classification\archive\dataset\glaucoma\Glaucoma_022.png,glaucoma/Glaucoma_022.png,glaucoma,1848,1224,3,eae91f14dca083d3dc300215bbc9b8f2,Glaucoma_022,train
Glaucoma_023.png,C:\projects\retina-ai-ocular-disease-classification\archive\dataset\glaucoma\Glaucoma_023.png,glaucoma/Glaucoma_023.png,glaucoma,2592,1728,3,30a22c525e671e1f5c7235188a0efccc,Glaucoma_023,train
Glaucoma_024.png,C:\projects\retina-ai-ocular-disease-classification\archive\dataset\glaucoma\Glaucoma_024.png,glaucoma/Glaucoma_024.png,glaucoma,2464,1632,3,9fcac8ef2d55b10f03f4b880e2d52212,Glaucoma_024,train
Glaucoma_026.png,C:\projects\retina-ai-ocular-disease-classification\archive\dataset\glaucoma\Glaucoma_026.png,glaucoma/Glaucoma_026.png,glaucoma,2592,1728,3,ac799d071515b91719ebdabc2e257f5b,Glaucoma_026,train
Glaucoma_027.png,C:\projects\retina-ai-ocular-disease-classification\archive\dataset\glaucoma\Glaucoma_027.png,glaucoma/Glaucoma_027.png,glaucoma,2592,1728,3,c8773ff110a8215db307de5cb6799b98,Glaucoma_027,train
Glaucoma_028.png,C:\projects\retina-ai-ocular-disease-classification\archive\dataset\glaucoma\Glaucoma_028.png,glaucoma/Glaucoma_028.png,glaucoma,2464,1632,3,5723211d915bb826f7cb171c6e93ec1a,Glaucoma_028,train
Glaucoma_030.png,C:\projects\retina-ai-ocular-disease-classification\archive\dataset\glaucoma\Glaucoma_030.png,glaucoma/Glaucoma_030.png,glaucoma,2592,1728,3,5b9fafdcda5943ed52f3263304c08f3e,Glaucoma_030,train
Glaucoma_031.png,C:\projects\retina-ai-ocular-disease-classification\archive\dataset\glaucoma\Glaucoma_031.png,glaucoma/Glaucoma_031.png,glaucoma,2592,1728,3,7bf54ed73d2501f03ff362d0c799846f,Glaucoma_031,train
Glaucoma_033.png,C:\projects\retina-ai-ocular-disease-classification\archive\dataset\glaucoma\Glaucoma_033.png,glaucoma/Glaucoma_033.png,glaucoma,2592,1728,3,bcdce2a2c92acfb9ee99bfdb3d47c604,Glaucoma_033,train
Glaucoma_034.png,C:\projects\retina-ai-ocular-disease-classification\archive\dataset\glaucoma\Glaucoma_034.png,glaucoma/Glaucoma_034.png,glaucoma,2592,1728,3,b90ed67950d009bbc75fd27706ac5bcd,Glaucoma_034,train
Glaucoma_035.png,C:\projects\retina-ai-ocular-disease-classification\archive\dataset\glaucoma\Glaucoma_035.png,glaucoma/Glaucoma_035.png,glaucoma,2592,1728,3,5fd1c692f317733181d57b1eba62b701,Glaucoma_035,train
Glaucoma_036.png,C:\projects\retina-ai-ocular-disease-classification\archive\dataset\glaucoma\Glaucoma_036.png,glaucoma/Glaucoma_036.png,glaucoma,2592,1728,3,691d35fecdac70e41b314d3c9dcb2804,Glaucoma_036,train
Glaucoma_037.png,C:\projects\retina-ai-ocular-disease-classification\archive\dataset\glaucoma\Glaucoma_037.png,glaucoma/Glaucoma_037.png,glaucoma,2592,1728,3,0db412ca71a8e637977659732c13d5a7,Glaucoma_037,train
Glaucoma_038.png,C:\projects\retina-ai-ocular-disease-classification\archive\dataset\glaucoma\Glaucoma_038.png,glaucoma/Glaucoma_038.png,glaucoma,2592,1728,3,59fd2c574b713f26d960e0a95c82c3cc,Glaucoma_038,train
Glaucoma_039.png,C:\projects\retina-ai-ocular-disease-classification\archive\dataset\glaucoma\Glaucoma_039.png,glaucoma/Glaucoma_039.png,glaucoma,2592,1728,3,082733055c9a554fd6909510a74699b0,Glaucoma_039,train
Glaucoma_040.png,C:\projects\retina-ai-ocular-disease-classification\archive\dataset\glaucoma\Glaucoma_040.png,glaucoma/Glaucoma_040.png,glaucoma,2592,1728,3,d6168a0c563de1c03e37326c8e760f2f,Glaucoma_040,train
Glaucoma_041.png,C:\projects\retina-ai-ocular-disease-classification\archive\dataset\glaucoma\Glaucoma_041.png,glaucoma/Glaucoma_041.png,glaucoma,2592,1728,3,d91dee916212038bb5cc5fc14ace6b52,Glaucoma_041,train
Glaucoma_042.png,C:\projects\retina-ai-ocular-disease-classification\archive\dataset\glaucoma\Glaucoma_042.png,glaucoma/Glaucoma_042.png,glaucoma,2464,1632,3,4d3bd03311cce611396987321d4b9c98,Glaucoma_042,train
Glaucoma_043.png,C:\projects\retina-ai-ocular-disease-classification\archive\dataset\glaucoma\Glaucoma_043.png,glaucoma/Glaucoma_043.png,glaucoma,2464,1632,3,a8741f1d309968c48f405b5ceeade9fb,Glaucoma_043,train
Glaucoma_044.png,C:\projects\retina-ai-ocular-disease-classification\archive\dataset\glaucoma\Glaucoma_044.png,glaucoma/Glaucoma_044.png,glaucoma,2592,1728,3,81bc50011e03f31afab9f7bf719d99fb,Glaucoma_044,train
Glaucoma_045.png,C:\projects\retina-ai-ocular-disease-classification\archive\dataset\glaucoma\Glaucoma_045.png,glaucoma/Glaucoma_045.png,glaucoma,2464,1632,3,570e338049bb3bbb50c2cdb1eaa74a36,Glaucoma_045,train
Glaucoma_046.png,C:\projects\retina-ai-ocular-disease-classification\archive\dataset\glaucoma\Glaucoma_046.png,glaucoma/Glaucoma_046.png,glaucoma,2592,1728,3,5010bad8876d935df48401518b4222d5,Glaucoma_046,train
Glaucoma_048.png,C:\projects\retina-ai-ocular-disease-classification\archive\dataset\glaucoma\Glaucoma_048.png,glaucoma/Glaucoma_048.png,glaucoma,2464,1632,3,9367b2a1ee2ef55811a26e4db09d5a07,Glaucoma_048,train
Glaucoma_049.png,C:\projects\retina-ai-ocular-disease-classification\archive\dataset\glaucoma\Glaucoma_049.png,glaucoma/Glaucoma_049.png,glaucoma,2592,1728,3,9a266b54ffed1c3891d1af75bffa55dd,Glaucoma_049,train
Glaucoma_050.png,C:\projects\retina-ai-ocular-disease-classification\archive\dataset\glaucoma\Glaucoma_050.png,glaucoma/Glaucoma_050.png,glaucoma,2592,1728,3,22c91be105b9a8018f39b824fc4ead1b,Glaucoma_050,train
Glaucoma_052.png,C:\projects\retina-ai-ocular-disease-classification\archive\dataset\glaucoma\Glaucoma_052.png,glaucoma/Glaucoma_052.png,glaucoma,2592,1728,3,48e65e48ba51a85c25231b3bf969bce5,Glaucoma_052,train
Glaucoma_054.png,C:\projects\retina-ai-ocular-disease-classification\archive\dataset\glaucoma\Glaucoma_054.png,glaucoma/Glaucoma_054.png,glaucoma,2592,1728,3,31b3c32c24c5672f61297553ad9d9b23,Glaucoma_054,train
Glaucoma_055.png,C:\projects\retina-ai-ocular-disease-classification\archive\dataset\glaucoma\Glaucoma_055.png,glaucoma/Glaucoma_055.png,glaucoma,2592,1728,3,bb9115386d375fc01b2290cf49a0b238,Glaucoma_055,train
Glaucoma_057.png,C:\projects\retina-ai-ocular-disease-classification\archive\dataset\glaucoma\Glaucoma_057.png,glaucoma/Glaucoma_057.png,glaucoma,2592,1728,3,5ea11b04acec7ec96cf4f99bb3651695,Glaucoma_057,train
Glaucoma_058.png,C:\projects\retina-ai-ocular-disease-classification\archive\dataset\glaucoma\Glaucoma_058.png,glaucoma/Glaucoma_058.png,glaucoma,2592,1728,3,b1e3f417be41bc53585fd8c3c00caf74,Glaucoma_058,train
Glaucoma_060.png,C:\projects\retina-ai-ocular-disease-classification\archive\dataset\glaucoma\Glaucoma_060.png,glaucoma/Glaucoma_060.png,glaucoma,2464,1632,3,41471feb2923ee3cbb04b854e5e211da,Glaucoma_060,train
Glaucoma_061.png,C:\projects\retina-ai-ocular-disease-classification\archive\dataset\glaucoma\Glaucoma_061.png,glaucoma/Glaucoma_061.png,glaucoma,2464,1632,3,59d1a5f237fc98b50ed10404cfb2746a,Glaucoma_061,train
Glaucoma_062.png,C:\projects\retina-ai-ocular-disease-classification\archive\dataset\glaucoma\Glaucoma_062.png,glaucoma/Glaucoma_062.png,glaucoma,2592,1728,3,24e9ef7ece3e88316131fcc0844e1ff0,Glaucoma_062,train
Glaucoma_063.png,C:\projects\retina-ai-ocular-disease-classification\archive\dataset\glaucoma\Glaucoma_063.png,glaucoma/Glaucoma_063.png,glaucoma,2592,1728,3,714c2630a7f959ad25b2e7e9450ffca5,Glaucoma_063,train
Glaucoma_064.png,C:\projects\retina-ai-ocular-disease-classification\archive\dataset\glaucoma\Glaucoma_064.png,glaucoma/Glaucoma_064.png,glaucoma,2592,1728,3,150116872885ec08bfe2f0293066d0b3,Glaucoma_064,train
Glaucoma_065.png,C:\projects\retina-ai-ocular-disease-classification\archive\dataset\glaucoma\Glaucoma_065.png,glaucoma/Glaucoma_065.png,glaucoma,2592,1728,3,8f85c7fd83af43a1c104ade855fdb40e,Glaucoma_065,train
Glaucoma_067.png,C:\projects\retina-ai-ocular-disease-classification\archive\dataset\glaucoma\Glaucoma_067.png,glaucoma/Glaucoma_067.png,glaucoma,2592,1728,3,01c588e02862d0f560b78b403b43ea0c,Glaucoma_067,train
Glaucoma_068.png,C:\projects\retina-ai-ocular-disease-classification\archive\dataset\glaucoma\Glaucoma_068.png,glaucoma/Glaucoma_068.png,glaucoma,2592,1728,3,551a3e285d0cefb28776d08400b1d762,Glaucoma_068,train
Glaucoma_069.png,C:\projects\retina-ai-ocular-disease-classification\archive\dataset\glaucoma\Glaucoma_069.png,glaucoma/Glaucoma_069.png,glaucoma,1848,1224,3,a7532c38ef48171628d5eec248afb11c,Glaucoma_069,train
Glaucoma_070.png,C:\projects\retina-ai-ocular-disease-classification\archive\dataset\glaucoma\Glaucoma_070.png,glaucoma/Glaucoma_070.png,glaucoma,1848,1224,3,009e99b7704aa4ce438f604001966b77,Glaucoma_070,train
Glaucoma_071.png,C:\projects\retina-ai-ocular-disease-classification\archive\dataset\glaucoma\Glaucoma_071.png,glaucoma/Glaucoma_071.png,glaucoma,2464,1632,3,5679a14f462b2fa2e54c34141d1b0fcd,Glaucoma_071,train
Glaucoma_072.png,C:\projects\retina-ai-ocular-disease-classification\archive\dataset\glaucoma\Glaucoma_072.png,glaucoma/Glaucoma_072.png,glaucoma,2464,1632,3,fc83b906b29b744b697905e8c9fcb9c8,Glaucoma_072,train
Glaucoma_073.png,C:\projects\retina-ai-ocular-disease-classification\archive\dataset\glaucoma\Glaucoma_073.png,glaucoma/Glaucoma_073.png,glaucoma,2592,1728,3,c50782d3c8d1437dee085b301a251fd5,Glaucoma_073,train
Glaucoma_074.png,C:\projects\retina-ai-ocular-disease-classification\archive\dataset\glaucoma\Glaucoma_074.png,glaucoma/Glaucoma_074.png,glaucoma,2592,1728,3,61c483709fb15d392c5061e873503b7b,Glaucoma_074,train
Glaucoma_075.png,C:\projects\retina-ai-ocular-disease-classification\archive\dataset\glaucoma\Glaucoma_075.png,glaucoma/Glaucoma_075.png,glaucoma,2592,1728,3,f846d56a177996397abb6460334a4f08,Glaucoma_075,train
Glaucoma_076.png,C:\projects\retina-ai-ocular-disease-classification\archive\dataset\glaucoma\Glaucoma_076.png,glaucoma/Glaucoma_076.png,glaucoma,2592,1728,3,3e192a2698daf8e1b71d0ed2d4740873,Glaucoma_076,train
Glaucoma_080.png,C:\projects\retina-ai-ocular-disease-classification\archive\dataset\glaucoma\Glaucoma_080.png,glaucoma/Glaucoma_080.png,glaucoma,2592,1728,3,280279326cc7160bf5cb509e01f09cfe,Glaucoma_080,train
Glaucoma_081.png,C:\projects\retina-ai-ocular-disease-classification\archive\dataset\glaucoma\Glaucoma_081.png,glaucoma/Glaucoma_081.png,glaucoma,2464,1632,3,2b8d300a8a05209da82ac8247d9b2f81,Glaucoma_081,train
Glaucoma_082.png,C:\projects\retina-ai-ocular-disease-classification\archive\dataset\glaucoma\Glaucoma_082.png,glaucoma/Glaucoma_082.png,glaucoma,2464,1632,3,f4b883ce2bc58caa1e623dbf4caf5e94,Glaucoma_082,train
Glaucoma_083.png,C:\projects\retina-ai-ocular-disease-classification\archive\dataset\glaucoma\Glaucoma_083.png,glaucoma/Glaucoma_083.png,glaucoma,2592,1728,3,da8ab6a118f98c95637b5d9ab2ec48c8,Glaucoma_083,train
Glaucoma_084.png,C:\projects\retina-ai-ocular-disease-classification\archive\dataset\glaucoma\Glaucoma_084.png,glaucoma/Glaucoma_084.png,glaucoma,2464,1632,3,4a92bb64e5e4b163c2eb53c7094130e7,Glaucoma_084,train
Glaucoma_085.png,C:\projects\retina-ai-ocular-disease-classification\archive\dataset\glaucoma\Glaucoma_085.png,glaucoma/Glaucoma_085.png,glaucoma,2464,1632,3,8a1d95339e44d12980ce7777492458a9,Glaucoma_085,train
Glaucoma_087.png,C:\projects\retina-ai-ocular-disease-classification\archive\dataset\glaucoma\Glaucoma_087.png,glaucoma/Glaucoma_087.png,glaucoma,2592,1728,3,972f3bf6c2f9b51948b86afeb0a37baa,Glaucoma_087,train
Glaucoma_088.png,C:\projects\retina-ai-ocular-disease-classification\archive\dataset\glaucoma\Glaucoma_088.png,glaucoma/Glaucoma_088.png,glaucoma,2592,1728,3,c9bd02989b093756d53d1b53a04d20d0,Glaucoma_088,train
Glaucoma_089.png,C:\projects\retina-ai-ocular-disease-classification\archive\dataset\glaucoma\Glaucoma_089.png,glaucoma/Glaucoma_089.png,glaucoma,2592,1728,3,7f6a9d75af4209dea0ce0e88a3362a46,Glaucoma_089,train
Glaucoma_091.png,C:\projects\retina-ai-ocular-disease-classification\archive\dataset\glaucoma\Glaucoma_091.png,glaucoma/Glaucoma_091.png,glaucoma,2592,1728,3,c7839127f5fc93245e484e2b779541d8,Glaucoma_091,train
Glaucoma_092.png,C:\projects\retina-ai-ocular-disease-classification\archive\dataset\glaucoma\Glaucoma_092.png,glaucoma/Glaucoma_092.png,glaucoma,2592,1728,3,c69ae12b4bf6d55258ebcae2e45fc2ed,Glaucoma_092,train
Glaucoma_093.png,C:\projects\retina-ai-ocular-disease-classification\archive\dataset\glaucoma\Glaucoma_093.png,glaucoma/Glaucoma_093.png,glaucoma,2592,1728,3,de7f666eb0db6d3dabeb737be428d769,Glaucoma_093,train
Glaucoma_094.png,C:\projects\retina-ai-ocular-disease-classification\archive\dataset\glaucoma\Glaucoma_094.png,glaucoma/Glaucoma_094.png,glaucoma,2592,1728,3,c943fdbb82cd793ca981f5b668bb56d1,Glaucoma_094,train
Glaucoma_096.png,C:\projects\retina-ai-ocular-disease-classification\archive\dataset\glaucoma\Glaucoma_096.png,glaucoma/Glaucoma_096.png,glaucoma,2464,1632,3,528245467d84c770f3c0780c5cf1d5f8,Glaucoma_096,train
Glaucoma_097.png,C:\projects\retina-ai-ocular-disease-classification\archive\dataset\glaucoma\Glaucoma_097.png,glaucoma/Glaucoma_097.png,glaucoma,2592,1728,3,95afa4ba0de0fe0c056f00025842456f,Glaucoma_097,train
Glaucoma_099.png,C:\projects\retina-ai-ocular-disease-classification\archive\dataset\glaucoma\Glaucoma_099.png,glaucoma/Glaucoma_099.png,glaucoma,2592,1728,3,4e8104205512e3cff69af21c3a1ef19c,Glaucoma_099,train
Glaucoma_100.png,C:\projects\retina-ai-ocular-disease-classification\archive\dataset\glaucoma\Glaucoma_100.png,glaucoma/Glaucoma_100.png,glaucoma,2464,1632,3,c8426d91e904f4c410a3e19054632593,Glaucoma_100,train
Glaucoma_101.png,C:\projects\retina-ai-ocular-disease-classification\archive\dataset\glaucoma\Glaucoma_101.png,glaucoma/Glaucoma_101.png,glaucoma,2464,1632,3,3e4df84040ff6962acb494962f1a3fb3,Glaucoma_101,train
_0_4517448.jpg,C:\projects\retina-ai-ocular-disease-classification\archive\dataset\glaucoma\_0_4517448.jpg,glaucoma/_0_4517448.jpg,glaucoma,256,256,3,ac7a6efb511cb8df460aaadebaa4e250,_0_4517448,train
_100_3108233.jpg,C:\projects\retina-ai-ocular-disease-classification\archive\dataset\glaucoma\_100_3108233.jpg,glaucoma/_100_3108233.jpg,glaucoma,256,256,3,7f06edb54fa2d9775a88de908780c773,_100_3108233,train
_101_9321817.jpg,C:\projects\retina-ai-ocular-disease-classification\archive\dataset\glaucoma\_101_9321817.jpg,glaucoma/_101_9321817.jpg,glaucoma,256,256,3,4256b8efed7dddffdfaff424a5c21965,_101_9321817,train
_103_1487378.jpg,C:\projects\retina-ai-ocular-disease-classification\archive\dataset\glaucoma\_103_1487378.jpg,glaucoma/_103_1487378.jpg,glaucoma,256,256,3,65b270aa0e8b894d460620f9ec553ba0,_103_1487378,train
_104_4154423.jpg,C:\projects\retina-ai-ocular-disease-classification\archive\dataset\glaucoma\_104_4154423.jpg,glaucoma/_104_4154423.jpg,glaucoma,256,256,3,10f7893a486eb7dd800b70c0505b623d,_104_4154423,train
_104_9271975.jpg,C:\projects\retina-ai-ocular-disease-classification\archive\dataset\glaucoma\_104_9271975.jpg,glaucoma/_104_9271975.jpg,glaucoma,256,256,3,38407f05af38310df61413c15f48cd5e,_104_9271975,train
_105_3766522.jpg,C:\projects\retina-ai-ocular-disease-classification\archive\dataset\glaucoma\_105_3766522.jpg,glaucoma/_105_3766522.jpg,glaucoma,256,256,3,487a04c2692a97980754f0ab0c245e13,_105_3766522,train
_106_1940079.jpg,C:\projects\retina-ai-ocular-disease-classification\archive\dataset\glaucoma\_106_1940079.jpg,glaucoma/_106_1940079.jpg,glaucoma,256,256,3,0b91bdb7752aaba3cef5bb7d5f6f45d5,_106_1940079,train
_107_1720806.jpg,C:\projects\retina-ai-ocular-disease-classification\archive\dataset\glaucoma\_107_1720806.jpg,glaucoma/_107_1720806.jpg,glaucoma,256,256,3,a1f7bb45f01e03dc511a0b73d57c20fb,_107_1720806,train
_107_7535300.jpg,C:\projects\retina-ai-ocular-disease-classification\archive\dataset\glaucoma\_107_7535300.jpg,glaucoma/_107_7535300.jpg,glaucoma,256,256,3,2ba68da06f0b2a358bc91b26de6b3660,_107_7535300,train
_108_4678854.jpg,C:\projects\retina-ai-ocular-disease-classification\archive\dataset\glaucoma\_108_4678854.jpg,glaucoma/_108_4678854.jpg,glaucoma,256,256,3,ca9213eb6602e869d713227c8ef3fef1,_108_4678854,train
_108_9870998.jpg,C:\projects\retina-ai-ocular-disease-classification\archive\dataset\glaucoma\_108_9870998.jpg,glaucoma/_108_9870998.jpg,glaucoma,256,256,3,33d4a5c1fea7654efede54c619b4f316,_108_9870998,train
_109_6854077.jpg,C:\projects\retina-ai-ocular-disease-classification\archive\dataset\glaucoma\_109_6854077.jpg,glaucoma/_109_6854077.jpg,glaucoma,256,256,3,c5015ba7771a1bc0e7ebc08b9cf6f1ae,_109_6854077,train
_109_7080739.jpg,C:\projects\retina-ai-ocular-disease-classification\archive\dataset\glaucoma\_109_7080739.jpg,glaucoma/_109_7080739.jpg,glaucoma,256,256,3,61d168f962ce8ae0970ca7dfac594cbd,_109_7080739,train
_10_1472170.jpg,C:\projects\retina-ai-ocular-disease-classification\archive\dataset\glaucoma\_10_1472170.jpg,glaucoma/_10_1472170.jpg,glaucoma,256,256,3,87595472d5ccf0e48c578764eea0f159,_10_1472170,train
_10_2555943.jpg,C:\projects\retina-ai-ocular-disease-classification\archive\dataset\glaucoma\_10_2555943.jpg,glaucoma/_10_2555943.jpg,glaucoma,256,256,3,26222e9b0f3040d6a5c12b0ffcad6cc2,_10_2555943,train
_111_1685203.jpg,C:\projects\retina-ai-ocular-disease-classification\archive\dataset\glaucoma\_111_1685203.jpg,glaucoma/_111_1685203.jpg,glaucoma,256,256,3,9b9880e051a1bb68d5a03b40c3812acd,_111_1685203,train
_112_6810179.jpg,C:\projects\retina-ai-ocular-disease-classification\archive\dataset\glaucoma\_112_6810179.jpg,glaucoma/_112_6810179.jpg,glaucoma,256,256,3,30fc3910aaac20dd95729e02d9613ea0,_112_6810179,train
_113_3440509.jpg,C:\projects\retina-ai-ocular-disease-classification\archive\dataset\glaucoma\_113_3440509.jpg,glaucoma/_113_3440509.jpg,glaucoma,256,256,3,e5c81ef8c783beb199f55daf0d050cc7,_113_3440509,train
_114_4182799.jpg,C:\projects\retina-ai-ocular-disease-classification\archive\dataset\glaucoma\_114_4182799.jpg,glaucoma/_114_4182799.jpg,glaucoma,256,256,3,6e2c21f60179129fdeb0fad2209afc32,_114_4182799,train
_116_1943666.jpg,C:\projects\retina-ai-ocular-disease-classification\archive\dataset\glaucoma\_116_1943666.jpg,glaucoma/_116_1943666.jpg,glaucoma,256,256,3,980be649bebbaed32acbfb1be1233c34,_116_1943666,train
_116_5760701.jpg,C:\projects\retina-ai-ocular-disease-classification\archive\dataset\glaucoma\_116_5760701.jpg,glaucoma/_116_5760701.jpg,glaucoma,256,256,3,abcae136610fc77c4f297109525bc63c,_116_5760701,train
_117_8186757.jpg,C:\projects\retina-ai-ocular-disease-classification\archive\dataset\glaucoma\_117_8186757.jpg,glaucoma/_117_8186757.jpg,glaucoma,256,256,3,eb51938b6af0859c8f428c1e9a5df548,_117_8186757,train
_118_6838709.jpg,C:\projects\retina-ai-ocular-disease-classification\archive\dataset\glaucoma\_118_6838709.jpg,glaucoma/_118_6838709.jpg,glaucoma,256,256,3,f801ddb06916df9f608ab0336fd29657,_118_6838709,train
_119_16937.jpg,C:\projects\retina-ai-ocular-disease-classification\archive\dataset\glaucoma\_119_16937.jpg,glaucoma/_119_16937.jpg,glaucoma,256,256,3,3aff3a74a4a8836cb63ea88756c410cb,_119_16937,train
_11_6435526.jpg,C:\projects\retina-ai-ocular-disease-classification\archive\dataset\glaucoma\_11_6435526.jpg,glaucoma/_11_6435526.jpg,glaucoma,256,256,3,0b70f11e270150eb92f248944586c1e4,_11_6435526,train
_120_7137220.jpg,C:\projects\retina-ai-ocular-disease-classification\archive\dataset\glaucoma\_120_7137220.jpg,glaucoma/_120_7137220.jpg,glaucoma,256,256,3,bf46d5a55832273a300241a086b6c1f1,_120_7137220,train
_120_7704110.jpg,C:\projects\retina-ai-ocular-disease-classification\archive\dataset\glaucoma\_120_7704110.jpg,glaucoma/_120_7704110.jpg,glaucoma,256,256,3,a029a0fd247696ac4457e231378709a0,_120_7704110,train
_121_2837450.jpg,C:\projects\retina-ai-ocular-disease-classification\archive\dataset\glaucoma\_121_2837450.jpg,glaucoma/_121_2837450.jpg,glaucoma,256,256,3,3318e96c0f83a3b1c64db5fbd28205c0,_121_2837450,train
_123_2897373.jpg,C:\projects\retina-ai-ocular-disease-classification\archive\dataset\glaucoma\_123_2897373.jpg,glaucoma/_123_2897373.jpg,glaucoma,256,256,3,c18be96329063d0b4c3e20578e82a6c3,_123_2897373,train
_123_6574789.jpg,C:\projects\retina-ai-ocular-disease-classification\archive\dataset\glaucoma\_123_6574789.jpg,glaucoma/_123_6574789.jpg,glaucoma,256,256,3,0a1d7b288812d6a6f35689aee7e97ee4,_123_6574789,train
_124_11722.jpg,C:\projects\retina-ai-ocular-disease-classification\archive\dataset\glaucoma\_124_11722.jpg,glaucoma/_124_11722.jpg,glaucoma,256,256,3,2e72b5d4ed26a0ca8a17a2d2f26b6b5c,_124_11722,train
_124_7084348.jpg,C:\projects\retina-ai-ocular-disease-classification\archive\dataset\glaucoma\_124_7084348.jpg,glaucoma/_124_7084348.jpg,glaucoma,256,256,3,75c5e109a8ff61e09c33d6d9196741ea,_124_7084348,train
_125_8676573.jpg,C:\projects\retina-ai-ocular-disease-classification\archive\dataset\glaucoma\_125_8676573.jpg,glaucoma/_125_8676573.jpg,glaucoma,256,256,3,73e5c79869adf16d32e8578cbd21ce93,_125_8676573,train
_128_2241332.jpg,C:\projects\retina-ai-ocular-disease-classification\archive\dataset\glaucoma\_128_2241332.jpg,glaucoma/_128_2241332.jpg,glaucoma,256,256,3,12f30f124695855e0be8dffbfdc0b568,_128_2241332,train
_130_3806382.jpg,C:\projects\retina-ai-ocular-disease-classification\archive\dataset\glaucoma\_130_3806382.jpg,glaucoma/_130_3806382.jpg,glaucoma,256,256,3,7203443ef38907a6acb8a1af8ec7a12c,_130_3806382,train
_130_4811607.jpg,C:\projects\retina-ai-ocular-disease-classification\archive\dataset\glaucoma\_130_4811607.jpg,glaucoma/_130_4811607.jpg,glaucoma,256,256,3,a9f987ae61a3af32f9b02bf5709b16c8,_130_4811607,train
_131_7117664.jpg,C:\projects\retina-ai-ocular-disease-classification\archive\dataset\glaucoma\_131_7117664.jpg,glaucoma/_131_7117664.jpg,glaucoma,256,256,3,aee96cfd96c46ce6450340a05a5c64a2,_131_7117664,train
_132_989976.jpg,C:\projects\retina-ai-ocular-disease-classification\archive\dataset\glaucoma\_132_989976.jpg,glaucoma/_132_989976.jpg,glaucoma,256,256,3,069a1311281a5b73fa94e5fb39d4aae1,_132_989976,train
_133_3238309.jpg,C:\projects\retina-ai-ocular-disease-classification\archive\dataset\glaucoma\_133_3238309.jpg,glaucoma/_133_3238309.jpg,glaucoma,256,256,3,43d12e9f60886353a9a40e3707f1abb5,_133_3238309,train
_134_3244278.jpg,C:\projects\retina-ai-ocular-disease-classification\archive\dataset\glaucoma\_134_3244278.jpg,glaucoma/_134_3244278.jpg,glaucoma,256,256,3,15dd39e602c018b00ec7520abd9fbad6,_134_3244278,train
_134_8496063.jpg,C:\projects\retina-ai-ocular-disease-classification\archive\dataset\glaucoma\_134_8496063.jpg,glaucoma/_134_8496063.jpg,glaucoma,256,256,3,bf9ae42c0dd7ff5a30f5b622d48c44cc,_134_8496063,train
_135_2706541.jpg,C:\projects\retina-ai-ocular-disease-classification\archive\dataset\glaucoma\_135_2706541.jpg,glaucoma/_135_2706541.jpg,glaucoma,256,256,3,b85b261dc739e62466f0a69409aee6ab,_135_2706541,train
_136_9296374.jpg,C:\projects\retina-ai-ocular-disease-classification\archive\dataset\glaucoma\_136_9296374.jpg,glaucoma/_136_9296374.jpg,glaucoma,256,256,3,809ba31ba3bb6524e86e1b4480bdfb37,_136_9296374,train
_137_1824460.jpg,C:\projects\retina-ai-ocular-disease-classification\archive\dataset\glaucoma\_137_1824460.jpg,glaucoma/_137_1824460.jpg,glaucoma,256,256,3,e9367818dda3610e163d60173e9846b7,_137_1824460,train
_138_2633578.jpg,C:\projects\retina-ai-ocular-disease-classification\archive\dataset\glaucoma\_138_2633578.jpg,glaucoma/_138_2633578.jpg,glaucoma,256,256,3,074af4ef93cacbed8c8a5c7aeb210457,_138_2633578,train
_139_2849264.jpg,C:\projects\retina-ai-ocular-disease-classification\archive\dataset\glaucoma\_139_2849264.jpg,glaucoma/_139_2849264.jpg,glaucoma,256,256,3,abe8a9079f6d59e7c27591a613e52e45,_139_2849264,train
_13_697490.jpg,C:\projects\retina-ai-ocular-disease-classification\archive\dataset\glaucoma\_13_697490.jpg,glaucoma/_13_697490.jpg,glaucoma,256,256,3,bdbec08f18c06a06c2644e0320064fe2,_13_697490,train
_140_1036922.jpg,C:\projects\retina-ai-ocular-disease-classification\archive\dataset\glaucoma\_140_1036922.jpg,glaucoma/_140_1036922.jpg,glaucoma,256,256,3,122819090ee5784534dcf88a7ef8f32c,_140_1036922,train
_141_1074732.jpg,C:\projects\retina-ai-ocular-disease-classification\archive\dataset\glaucoma\_141_1074732.jpg,glaucoma/_141_1074732.jpg,glaucoma,256,256,3,d340c3eee821b091b4aeeeca8f78cff2,_141_1074732,train
_142_682945.jpg,C:\projects\retina-ai-ocular-disease-classification\archive\dataset\glaucoma\_142_682945.jpg,glaucoma/_142_682945.jpg,glaucoma,256,256,3,9f0d68839826ab0a0eb326e4c38b91b5,_142_682945,train
_143_7392909.jpg,C:\projects\retina-ai-ocular-disease-classification\archive\dataset\glaucoma\_143_7392909.jpg,glaucoma/_143_7392909.jpg,glaucoma,256,256,3,368b40045899333266b677230193302f,_143_7392909,train
_143_7549980.jpg,C:\projects\retina-ai-ocular-disease-classification\archive\dataset\glaucoma\_143_7549980.jpg,glaucoma/_143_7549980.jpg,glaucoma,256,256,3,496a4f8d300f667589229ad28acfe1be,_143_7549980,train
_144_611038.jpg,C:\projects\retina-ai-ocular-disease-classification\archive\dataset\glaucoma\_144_611038.jpg,glaucoma/_144_611038.jpg,glaucoma,256,256,3,4a2910ed58d8314a89ce12392d7e26ef,_144_611038,train
_145_9843041.jpg,C:\projects\retina-ai-ocular-disease-classification\archive\dataset\glaucoma\_145_9843041.jpg,glaucoma/_145_9843041.jpg,glaucoma,256,256,3,13092fc07091e968ac1456ce60f2f48f,_145_9843041,train
_146_6435949.jpg,C:\projects\retina-ai-ocular-disease-classification\archive\dataset\glaucoma\_146_6435949.jpg,glaucoma/_146_6435949.jpg,glaucoma,256,256,3,8f48a1d9548c9be41a58d0a084d4fea8,_146_6435949,train
_146_8129711.jpg,C:\projects\retina-ai-ocular-disease-classification\archive\dataset\glaucoma\_146_8129711.jpg,glaucoma/_146_8129711.jpg,glaucoma,256,256,3,ec252ba12ef462402a95e5d935c55bfb,_146_8129711,train
_147_9123662.jpg,C:\projects\retina-ai-ocular-disease-classification\archive\dataset\glaucoma\_147_9123662.jpg,glaucoma/_147_9123662.jpg,glaucoma,256,256,3,30c8719129fc290ee8a263f529138e94,_147_9123662,train
_147_9725919.jpg,C:\projects\retina-ai-ocular-disease-classification\archive\dataset\glaucoma\_147_9725919.jpg,glaucoma/_147_9725919.jpg,glaucoma,256,256,3,274264c16fdb22dfe88ae47130c8bb07,_147_9725919,train
_148_3847249.jpg,C:\projects\retina-ai-ocular-disease-classification\archive\dataset\glaucoma\_148_3847249.jpg,glaucoma/_148_3847249.jpg,glaucoma,256,256,3,181db2117aa10b1ee85753ef4fb38c00,_148_3847249,train
_148_9432356.jpg,C:\projects\retina-ai-ocular-disease-classification\archive\dataset\glaucoma\_148_9432356.jpg,glaucoma/_148_9432356.jpg,glaucoma,256,256,3,6a72a019748eea28342d10d16797fee6,_148_9432356,train
_149_7432879.jpg,C:\projects\retina-ai-ocular-disease-classification\archive\dataset\glaucoma\_149_7432879.jpg,glaucoma/_149_7432879.jpg,glaucoma,256,256,3,952d4ce44bef15a369b648f25a087af0,_149_7432879,train
_151_3685359.jpg,C:\projects\retina-ai-ocular-disease-classification\archive\dataset\glaucoma\_151_3685359.jpg,glaucoma/_151_3685359.jpg,glaucoma,256,256,3,b0a0460ef109706c3a75f98dab7dafc3,_151_3685359,train
_152_3014051.jpg,C:\projects\retina-ai-ocular-disease-classification\archive\dataset\glaucoma\_152_3014051.jpg,glaucoma/_152_3014051.jpg,glaucoma,256,256,3,26f691cef1db1a690b70e42c35350433,_152_3014051,train
_155_1218981.jpg,C:\projects\retina-ai-ocular-disease-classification\archive\dataset\glaucoma\_155_1218981.jpg,glaucoma/_155_1218981.jpg,glaucoma,256,256,3,acf4014ce9c31bb833018a42cda5647c,_155_1218981,train
_155_4972319.jpg,C:\projects\retina-ai-ocular-disease-classification\archive\dataset\glaucoma\_155_4972319.jpg,glaucoma/_155_4972319.jpg,glaucoma,256,256,3,7e8d68103767fc324aabd68fb2702b21,_155_4972319,train
_157_7971265.jpg,C:\projects\retina-ai-ocular-disease-classification\archive\dataset\glaucoma\_157_7971265.jpg,glaucoma/_157_7971265.jpg,glaucoma,256,256,3,efe9610d4612bcb567ebb9a9c79b6f27,_157_7971265,train
_158_2390292.jpg,C:\projects\retina-ai-ocular-disease-classification\archive\dataset\glaucoma\_158_2390292.jpg,glaucoma/_158_2390292.jpg,glaucoma,256,256,3,d2013f9cc5e4874f58cef0fec5fc10a9,_158_2390292,train
_158_8802624.jpg,C:\projects\retina-ai-ocular-disease-classification\archive\dataset\glaucoma\_158_8802624.jpg,glaucoma/_158_8802624.jpg,glaucoma,256,256,3,1af62199738048a9719d0d648c6c25cd,_158_8802624,train
_159_52965.jpg,C:\projects\retina-ai-ocular-disease-classification\archive\dataset\glaucoma\_159_52965.jpg,glaucoma/_159_52965.jpg,glaucoma,256,256,3,568582b5342c84378b4b40230165dd3a,_159_52965,train
_160_3285565.jpg,C:\projects\retina-ai-ocular-disease-classification\archive\dataset\glaucoma\_160_3285565.jpg,glaucoma/_160_3285565.jpg,glaucoma,256,256,3,b5044e20b210d9f838d6736f7e8a4526,_160_3285565,train
_161_1354200.jpg,C:\projects\retina-ai-ocular-disease-classification\archive\dataset\glaucoma\_161_1354200.jpg,glaucoma/_161_1354200.jpg,glaucoma,256,256,3,a18884c0ebad23ea669ff13418d029e8,_161_1354200,train
_161_5855059.jpg,C:\projects\retina-ai-ocular-disease-classification\archive\dataset\glaucoma\_161_5855059.jpg,glaucoma/_161_5855059.jpg,glaucoma,256,256,3,745021d0ceb80b6f3729f309a9f2a228,_161_5855059,train
_162_6327245.jpg,C:\projects\retina-ai-ocular-disease-classification\archive\dataset\glaucoma\_162_6327245.jpg,glaucoma/_162_6327245.jpg,glaucoma,256,256,3,b413ec437bc468a8bc5b2e6dc4920de6,_162_6327245,train
_163_4618487.jpg,C:\projects\retina-ai-ocular-disease-classification\archive\dataset\glaucoma\_163_4618487.jpg,glaucoma/_163_4618487.jpg,glaucoma,256,256,3,432a74595d2c1a25cd243d297281e741,_163_4618487,train
_163_6292807.jpg,C:\projects\retina-ai-ocular-disease-classification\archive\dataset\glaucoma\_163_6292807.jpg,glaucoma/_163_6292807.jpg,glaucoma,256,256,3,59bcc19d47ec9cf7e90905a9991fce29,_163_6292807,train
_164_2916527.jpg,C:\projects\retina-ai-ocular-disease-classification\archive\dataset\glaucoma\_164_2916527.jpg,glaucoma/_164_2916527.jpg,glaucoma,256,256,3,14085c5d4fa37188ce8b262cc4ac3ca8,_164_2916527,train
_164_5685997.jpg,C:\projects\retina-ai-ocular-disease-classification\archive\dataset\glaucoma\_164_5685997.jpg,glaucoma/_164_5685997.jpg,glaucoma,256,256,3,108f3941eba2c69712c177f40e8a31c6,_164_5685997,train
_165_3717126.jpg,C:\projects\retina-ai-ocular-disease-classification\archive\dataset\glaucoma\_165_3717126.jpg,glaucoma/_165_3717126.jpg,glaucoma,256,256,3,bb7ab247517d5d697efde99cf3f25cad,_165_3717126,train
_166_5592889.jpg,C:\projects\retina-ai-ocular-disease-classification\archive\dataset\glaucoma\_166_5592889.jpg,glaucoma/_166_5592889.jpg,glaucoma,256,256,3,4ffa672de48f947e98da5866d2cbe954,_166_5592889,train
_166_613935.jpg,C:\projects\retina-ai-ocular-disease-classification\archive\dataset\glaucoma\_166_613935.jpg,glaucoma/_166_613935.jpg,glaucoma,256,256,3,0974ab3001ada71e7df0b6d13a39bdbc,_166_613935,train
_168_211365.jpg,C:\projects\retina-ai-ocular-disease-classification\archive\dataset\glaucoma\_168_211365.jpg,glaucoma/_168_211365.jpg,glaucoma,256,256,3,e2bedf9127ce1a33cf692af8ec54add5,_168_211365,train
_169_5017005.jpg,C:\projects\retina-ai-ocular-disease-classification\archive\dataset\glaucoma\_169_5017005.jpg,glaucoma/_169_5017005.jpg,glaucoma,256,256,3,e94c457c2c12f03189c1982ef975f699,_169_5017005,train
_16_2996330.jpg,C:\projects\retina-ai-ocular-disease-classification\archive\dataset\glaucoma\_16_2996330.jpg,glaucoma/_16_2996330.jpg,glaucoma,256,256,3,6b0ac6bbf085ceac3670e06855972af7,_16_2996330,train
_170_2345909.jpg,C:\projects\retina-ai-ocular-disease-classification\archive\dataset\glaucoma\_170_2345909.jpg,glaucoma/_170_2345909.jpg,glaucoma,256,256,3,a6f9058c7856f6f43f7c18c10d1b7006,_170_2345909,train
_171_8366749.jpg,C:\projects\retina-ai-ocular-disease-classification\archive\dataset\glaucoma\_171_8366749.jpg,glaucoma/_171_8366749.jpg,glaucoma,256,256,3,3d8ec016c1aca8a50bc3c77f391d81dd,_171_8366749,train
_172_2814012.jpg,C:\projects\retina-ai-ocular-disease-classification\archive\dataset\glaucoma\_172_2814012.jpg,glaucoma/_172_2814012.jpg,glaucoma,256,256,3,83d618697fd9c01aee350dbc5b026d84,_172_2814012,train
_173_7165688.jpg,C:\projects\retina-ai-ocular-disease-classification\archive\dataset\glaucoma\_173_7165688.jpg,glaucoma/_173_7165688.jpg,glaucoma,256,256,3,e0096dc085b30d520fb8e46fa7122f7b,_173_7165688,train
_174_2440424.jpg,C:\projects\retina-ai-ocular-disease-classification\archive\dataset\glaucoma\_174_2440424.jpg,glaucoma/_174_2440424.jpg,glaucoma,256,256,3,479387b8013234cf8bdb9f37166d94f2,_174_2440424,train
_176_88942.jpg,C:\projects\retina-ai-ocular-disease-classification\archive\dataset\glaucoma\_176_88942.jpg,glaucoma/_176_88942.jpg,glaucoma,256,256,3,60abd5df6351928b665f8245b9eebca5,_176_88942,train
_177_4666662.jpg,C:\projects\retina-ai-ocular-disease-classification\archive\dataset\glaucoma\_177_4666662.jpg,glaucoma/_177_4666662.jpg,glaucoma,256,256,3,77beaaca2de42d223b215ad24166d010,_177_4666662,train
_177_7654905.jpg,C:\projects\retina-ai-ocular-disease-classification\archive\dataset\glaucoma\_177_7654905.jpg,glaucoma/_177_7654905.jpg,glaucoma,256,256,3,1c657f5f8345345436ba688178ab082e,_177_7654905,train
_178_2720223.jpg,C:\projects\retina-ai-ocular-disease-classification\archive\dataset\glaucoma\_178_2720223.jpg,glaucoma/_178_2720223.jpg,glaucoma,256,256,3,0429c77d9799ad2722a47a5ac336d495,_178_2720223,train
_179_5369827.jpg,C:\projects\retina-ai-ocular-disease-classification\archive\dataset\glaucoma\_179_5369827.jpg,glaucoma/_179_5369827.jpg,glaucoma,256,256,3,2feb15e0f0aa84d7887ca7e06ac9f302,_179_5369827,train
_17_7347013.jpg,C:\projects\retina-ai-ocular-disease-classification\archive\dataset\glaucoma\_17_7347013.jpg,glaucoma/_17_7347013.jpg,glaucoma,256,256,3,a13e8743a0448316add60d5b42c7f810,_17_7347013,train
_180_6449017.jpg,C:\projects\retina-ai-ocular-disease-classification\archive\dataset\glaucoma\_180_6449017.jpg,glaucoma/_180_6449017.jpg,glaucoma,256,256,3,0f9ae4ed6a6e64287d7f701f8060a467,_180_6449017,train
_182_6536787.jpg,C:\projects\retina-ai-ocular-disease-classification\archive\dataset\glaucoma\_182_6536787.jpg,glaucoma/_182_6536787.jpg,glaucoma,256,256,3,1aec7d13d08baa95eedda32cbd378832,_182_6536787,train
_182_8751077.jpg,C:\projects\retina-ai-ocular-disease-classification\archive\dataset\glaucoma\_182_8751077.jpg,glaucoma/_182_8751077.jpg,glaucoma,256,256,3,3531d43ec2e3bec76db190a5dd3bf3c8,_182_8751077,train
_184_4892495.jpg,C:\projects\retina-ai-ocular-disease-classification\archive\dataset\glaucoma\_184_4892495.jpg,glaucoma/_184_4892495.jpg,glaucoma,256,256,3,6ce5715eb921eaef5dfebf253ed98566,_184_4892495,train
_184_7806010.jpg,C:\projects\retina-ai-ocular-disease-classification\archive\dataset\glaucoma\_184_7806010.jpg,glaucoma/_184_7806010.jpg,glaucoma,256,256,3,7611698b92b59a1ff2d3e6ce76d5b7f2,_184_7806010,train
_185_1242583.jpg,C:\projects\retina-ai-ocular-disease-classification\archive\dataset\glaucoma\_185_1242583.jpg,glaucoma/_185_1242583.jpg,glaucoma,256,256,3,11957d5dd94d124ea4f5694703f3bdd9,_185_1242583,train
_186_2505679.jpg,C:\projects\retina-ai-ocular-disease-classification\archive\dataset\glaucoma\_186_2505679.jpg,glaucoma/_186_2505679.jpg,glaucoma,256,256,3,cbb73d880732332df693a7d2a696c1b7,_186_2505679,train
_187_6167645.jpg,C:\projects\retina-ai-ocular-disease-classification\archive\dataset\glaucoma\_187_6167645.jpg,glaucoma/_187_6167645.jpg,glaucoma,256,256,3,c01371ef2386044c928c950fe524a929,_187_6167645,train
_187_9314717.jpg,C:\projects\retina-ai-ocular-disease-classification\archive\dataset\glaucoma\_187_9314717.jpg,glaucoma/_187_9314717.jpg,glaucoma,256,256,3,3b06200743373466004aa76cce2fe922,_187_9314717,train
_188_1477185.jpg,C:\projects\retina-ai-ocular-disease-classification\archive\dataset\glaucoma\_188_1477185.jpg,glaucoma/_188_1477185.jpg,glaucoma,256,256,3,4fb6251055d31a56e1ffe50a7fffc2e8,_188_1477185,train
_189_1240865.jpg,C:\projects\retina-ai-ocular-disease-classification\archive\dataset\glaucoma\_189_1240865.jpg,glaucoma/_189_1240865.jpg,glaucoma,256,256,3,234b64c45fa75038c56a460f94c4f7a1,_189_1240865,train
_189_3602727.jpg,C:\projects\retina-ai-ocular-disease-classification\archive\dataset\glaucoma\_189_3602727.jpg,glaucoma/_189_3602727.jpg,glaucoma,256,256,3,a864a7204fc31e2a3870a47d37b6bef8,_189_3602727,train
_18_2435759.jpg,C:\projects\retina-ai-ocular-disease-classification\archive\dataset\glaucoma\_18_2435759.jpg,glaucoma/_18_2435759.jpg,glaucoma,256,256,3,3d81fed901d08789ce841896274de097,_18_2435759,train
_191_6264437.jpg,C:\projects\retina-ai-ocular-disease-classification\archive\dataset\glaucoma\_191_6264437.jpg,glaucoma/_191_6264437.jpg,glaucoma,256,256,3,53ceb0f07a498df40f1aa0b3716d5a8c,_191_6264437,train
_192_8262976.jpg,C:\projects\retina-ai-ocular-disease-classification\archive\dataset\glaucoma\_192_8262976.jpg,glaucoma/_192_8262976.jpg,glaucoma,256,256,3,0145bcb33e6786bcc65ac9b1256d43a5,_192_8262976,train
_193_7700887.jpg,C:\projects\retina-ai-ocular-disease-classification\archive\dataset\glaucoma\_193_7700887.jpg,glaucoma/_193_7700887.jpg,glaucoma,256,256,3,fe9e86205af4b00c6377f21797082fcf,_193_7700887,train
_193_8669043.jpg,C:\projects\retina-ai-ocular-disease-classification\archive\dataset\glaucoma\_193_8669043.jpg,glaucoma/_193_8669043.jpg,glaucoma,256,256,3,71cb70b98975ab0cc018df73a980fc18,_193_8669043,train
_195_1040294.jpg,C:\projects\retina-ai-ocular-disease-classification\archive\dataset\glaucoma\_195_1040294.jpg,glaucoma/_195_1040294.jpg,glaucoma,256,256,3,8b3bd9b96d0852e43899a918dc2edbb2,_195_1040294,train
_195_8472436.jpg,C:\projects\retina-ai-ocular-disease-classification\archive\dataset\glaucoma\_195_8472436.jpg,glaucoma/_195_8472436.jpg,glaucoma,256,256,3,d4eb0f431acbd712ebc02b8076d7bd63,_195_8472436,train
_196_3505519.jpg,C:\projects\retina-ai-ocular-disease-classification\archive\dataset\glaucoma\_196_3505519.jpg,glaucoma/_196_3505519.jpg,glaucoma,256,256,3,fb7eec0b2009c3791671189fa3bd1467,_196_3505519,train
_196_9338682.jpg,C:\projects\retina-ai-ocular-disease-classification\archive\dataset\glaucoma\_196_9338682.jpg,glaucoma/_196_9338682.jpg,glaucoma,256,256,3,c4f2b05fc1cdba6a1a5c3f9bcb7f562d,_196_9338682,train
_197_5727246.jpg,C:\projects\retina-ai-ocular-disease-classification\archive\dataset\glaucoma\_197_5727246.jpg,glaucoma/_197_5727246.jpg,glaucoma,256,256,3,efc9b6dafedb89c2e6db3fbbc04668c9,_197_5727246,train
_197_9225516.jpg,C:\projects\retina-ai-ocular-disease-classification\archive\dataset\glaucoma\_197_9225516.jpg,glaucoma/_197_9225516.jpg,glaucoma,256,256,3,c817605abf517ea39e45ff88a44a056b,_197_9225516,train
_198_8291898.jpg,C:\projects\retina-ai-ocular-disease-classification\archive\dataset\glaucoma\_198_8291898.jpg,glaucoma/_198_8291898.jpg,glaucoma,256,256,3,1e77420966b4d2d111032baaaf9931a3,_198_8291898,train
_199_1326301.jpg,C:\projects\retina-ai-ocular-disease-classification\archive\dataset\glaucoma\_199_1326301.jpg,glaucoma/_199_1326301.jpg,glaucoma,256,256,3,0265b40c45f6b0476bc20006f9b50563,_199_1326301,train
_199_7083786.jpg,C:\projects\retina-ai-ocular-disease-classification\archive\dataset\glaucoma\_199_7083786.jpg,glaucoma/_199_7083786.jpg,glaucoma,256,256,3,3d0414155060e8e55020c775980851b4,_199_7083786,train
_19_6182574.jpg,C:\projects\retina-ai-ocular-disease-classification\archive\dataset\glaucoma\_19_6182574.jpg,glaucoma/_19_6182574.jpg,glaucoma,256,256,3,bdb73803ba3be3b6e33b52a2d300d2c7,_19_6182574,train
_19_7932720.jpg,C:\projects\retina-ai-ocular-disease-classification\archive\dataset\glaucoma\_19_7932720.jpg,glaucoma/_19_7932720.jpg,glaucoma,256,256,3,fdff9863c67acbf6de631f7a03fcd3a6,_19_7932720,train
_1_4540560.jpg,C:\projects\retina-ai-ocular-disease-classification\archive\dataset\glaucoma\_1_4540560.jpg,glaucoma/_1_4540560.jpg,glaucoma,256,256,3,2f5c2f76f1d0bdffa1599e8e59225d38,_1_4540560,train
_200_8005975.jpg,C:\projects\retina-ai-ocular-disease-classification\archive\dataset\glaucoma\_200_8005975.jpg,glaucoma/_200_8005975.jpg,glaucoma,256,256,3,4a89d739af6704b126f3a531a4015069,_200_8005975,train
_201_9193232.jpg,C:\projects\retina-ai-ocular-disease-classification\archive\dataset\glaucoma\_201_9193232.jpg,glaucoma/_201_9193232.jpg,glaucoma,256,256,3,ad9d0f7a150d6d733fed45a3f8626d4f,_201_9193232,train
_202_7508135.jpg,C:\projects\retina-ai-ocular-disease-classification\archive\dataset\glaucoma\_202_7508135.jpg,glaucoma/_202_7508135.jpg,glaucoma,256,256,3,0f14f89dd106bab91a6e2e9662b03797,_202_7508135,train
_203_5093586.jpg,C:\projects\retina-ai-ocular-disease-classification\archive\dataset\glaucoma\_203_5093586.jpg,glaucoma/_203_5093586.jpg,glaucoma,256,256,3,e9943ad3cce2f78f720af0d928bdd782,_203_5093586,train
_203_5167688.jpg,C:\projects\retina-ai-ocular-disease-classification\archive\dataset\glaucoma\_203_5167688.jpg,glaucoma/_203_5167688.jpg,glaucoma,256,256,3,857db7061e48e905d83dca139d751c03,_203_5167688,train
_204_6942835.jpg,C:\projects\retina-ai-ocular-disease-classification\archive\dataset\glaucoma\_204_6942835.jpg,glaucoma/_204_6942835.jpg,glaucoma,256,256,3,2301745e1e2f5b389922547f2b84f168,_204_6942835,train
_204_7650115.jpg,C:\projects\retina-ai-ocular-disease-classification\archive\dataset\glaucoma\_204_7650115.jpg,glaucoma/_204_7650115.jpg,glaucoma,256,256,3,80a57e984b1a90032b9443865204ea61,_204_7650115,train
_205_310538.jpg,C:\projects\retina-ai-ocular-disease-classification\archive\dataset\glaucoma\_205_310538.jpg,glaucoma/_205_310538.jpg,glaucoma,256,256,3,083bbc01f673657218f07346961fe58b,_205_310538,train
_206_5637335.jpg,C:\projects\retina-ai-ocular-disease-classification\archive\dataset\glaucoma\_206_5637335.jpg,glaucoma/_206_5637335.jpg,glaucoma,256,256,3,7b457b1f719930104875e5e6f3060d2f,_206_5637335,train
_20_7421444.jpg,C:\projects\retina-ai-ocular-disease-classification\archive\dataset\glaucoma\_20_7421444.jpg,glaucoma/_20_7421444.jpg,glaucoma,256,256,3,aea779a5de06d3edb7c6127d837b5bac,_20_7421444,train
_210_840898.jpg,C:\projects\retina-ai-ocular-disease-classification\archive\dataset\glaucoma\_210_840898.jpg,glaucoma/_210_840898.jpg,glaucoma,256,256,3,94ee7c11371d967eafe728a198c492df,_210_840898,train
_211_3554467.jpg,C:\projects\retina-ai-ocular-disease-classification\archive\dataset\glaucoma\_211_3554467.jpg,glaucoma/_211_3554467.jpg,glaucoma,256,256,3,29b8c950719325ac155cc6df8b69dd8e,_211_3554467,train
_212_5947972.jpg,C:\projects\retina-ai-ocular-disease-classification\archive\dataset\glaucoma\_212_5947972.jpg,glaucoma/_212_5947972.jpg,glaucoma,256,256,3,3e62d61e3ead7ed3ea5b724e8c4428fb,_212_5947972,train
_213_2572866.jpg,C:\projects\retina-ai-ocular-disease-classification\archive\dataset\glaucoma\_213_2572866.jpg,glaucoma/_213_2572866.jpg,glaucoma,256,256,3,7a6e6b5fc169428b9028837ac5180ad0,_213_2572866,train
_214_6540926.jpg,C:\projects\retina-ai-ocular-disease-classification\archive\dataset\glaucoma\_214_6540926.jpg,glaucoma/_214_6540926.jpg,glaucoma,256,256,3,eafb0fef099d8e457523db8da3845dcd,_214_6540926,train
_215_6808791.jpg,C:\projects\retina-ai-ocular-disease-classification\archive\dataset\glaucoma\_215_6808791.jpg,glaucoma/_215_6808791.jpg,glaucoma,256,256,3,caeff965dfe6862490061f7111438248,_215_6808791,train
_216_1547406.jpg,C:\projects\retina-ai-ocular-disease-classification\archive\dataset\glaucoma\_216_1547406.jpg,glaucoma/_216_1547406.jpg,glaucoma,256,256,3,ccb99b8a56ce073b02c84ede13cfc030,_216_1547406,train
_217_6214632.jpg,C:\projects\retina-ai-ocular-disease-classification\archive\dataset\glaucoma\_217_6214632.jpg,glaucoma/_217_6214632.jpg,glaucoma,256,256,3,54856e1747491f2ca40119d9e62a9259,_217_6214632,train
_218_8917311.jpg,C:\projects\retina-ai-ocular-disease-classification\archive\dataset\glaucoma\_218_8917311.jpg,glaucoma/_218_8917311.jpg,glaucoma,256,256,3,3e89c869d9fba3322588fe03f007d559,_218_8917311,train
_219_4035148.jpg,C:\projects\retina-ai-ocular-disease-classification\archive\dataset\glaucoma\_219_4035148.jpg,glaucoma/_219_4035148.jpg,glaucoma,256,256,3,8d217bef0a0a2421b67a53d890be5fff,_219_4035148,train
_220_1375140.jpg,C:\projects\retina-ai-ocular-disease-classification\archive\dataset\glaucoma\_220_1375140.jpg,glaucoma/_220_1375140.jpg,glaucoma,256,256,3,91f3d49d2db63719dcc61f9773c53bd5,_220_1375140,train
_220_7711405.jpg,C:\projects\retina-ai-ocular-disease-classification\archive\dataset\glaucoma\_220_7711405.jpg,glaucoma/_220_7711405.jpg,glaucoma,256,256,3,eca5d669d538a100a3ad4c74bf2c542c,_220_7711405,train
_221_3079640.jpg,C:\projects\retina-ai-ocular-disease-classification\archive\dataset\glaucoma\_221_3079640.jpg,glaucoma/_221_3079640.jpg,glaucoma,256,256,3,7927a9c28ee10825188f94a1aa9916e2,_221_3079640,train
_223_2293487.jpg,C:\projects\retina-ai-ocular-disease-classification\archive\dataset\glaucoma\_223_2293487.jpg,glaucoma/_223_2293487.jpg,glaucoma,256,256,3,c3cd6ec1ea5ad58ae5dec337806fabcf,_223_2293487,train
_223_380742.jpg,C:\projects\retina-ai-ocular-disease-classification\archive\dataset\glaucoma\_223_380742.jpg,glaucoma/_223_380742.jpg,glaucoma,256,256,3,8b18485283f2a56c1392562363dddc49,_223_380742,train
_224_5329904.jpg,C:\projects\retina-ai-ocular-disease-classification\archive\dataset\glaucoma\_224_5329904.jpg,glaucoma/_224_5329904.jpg,glaucoma,256,256,3,0611fa16e8c3fe63881ec0d64d6773dc,_224_5329904,train
_227_1784248.jpg,C:\projects\retina-ai-ocular-disease-classification\archive\dataset\glaucoma\_227_1784248.jpg,glaucoma/_227_1784248.jpg,glaucoma,256,256,3,87375f3752bc857d574c3116fa080b12,_227_1784248,train
_227_2716085.jpg,C:\projects\retina-ai-ocular-disease-classification\archive\dataset\glaucoma\_227_2716085.jpg,glaucoma/_227_2716085.jpg,glaucoma,256,256,3,1f7235feb1974551910a365996f41de2,_227_2716085,train
_228_775182.jpg,C:\projects\retina-ai-ocular-disease-classification\archive\dataset\glaucoma\_228_775182.jpg,glaucoma/_228_775182.jpg,glaucoma,256,256,3,f56523097a444c6976ebfa5c20e385d4,_228_775182,train
_229_5944044.jpg,C:\projects\retina-ai-ocular-disease-classification\archive\dataset\glaucoma\_229_5944044.jpg,glaucoma/_229_5944044.jpg,glaucoma,256,256,3,5a2e62038bf36b28871c4d64b8507c8c,_229_5944044,train
_230_7804467.jpg,C:\projects\retina-ai-ocular-disease-classification\archive\dataset\glaucoma\_230_7804467.jpg,glaucoma/_230_7804467.jpg,glaucoma,256,256,3,e3a9582927c4914a8f3377e0709b6d96,_230_7804467,train
_231_4877279.jpg,C:\projects\retina-ai-ocular-disease-classification\archive\dataset\glaucoma\_231_4877279.jpg,glaucoma/_231_4877279.jpg,glaucoma,256,256,3,4a9e53447dda680b74c16880ee8e3c97,_231_4877279,train
_231_7452050.jpg,C:\projects\retina-ai-ocular-disease-classification\archive\dataset\glaucoma\_231_7452050.jpg,glaucoma/_231_7452050.jpg,glaucoma,256,256,3,e3545654ac1b511bff47cf5b40d8b450,_231_7452050,train
_232_9030219.jpg,C:\projects\retina-ai-ocular-disease-classification\archive\dataset\glaucoma\_232_9030219.jpg,glaucoma/_232_9030219.jpg,glaucoma,256,256,3,6f0c94b39306e48c1e57f97e4cb93377,_232_9030219,train
_233_3404764.jpg,C:\projects\retina-ai-ocular-disease-classification\archive\dataset\glaucoma\_233_3404764.jpg,glaucoma/_233_3404764.jpg,glaucoma,256,256,3,9897bfe417918bf10490cd4edc1949d8,_233_3404764,train
_234_5883794.jpg,C:\projects\retina-ai-ocular-disease-classification\archive\dataset\glaucoma\_234_5883794.jpg,glaucoma/_234_5883794.jpg,glaucoma,256,256,3,6f5fb91e00ae8905cb3468c2c33ad5f6,_234_5883794,train
_235_1365390.jpg,C:\projects\retina-ai-ocular-disease-classification\archive\dataset\glaucoma\_235_1365390.jpg,glaucoma/_235_1365390.jpg,glaucoma,256,256,3,a2d3e380bcb380b0b57a9e505a0409c9,_235_1365390,train
_236_6447023.jpg,C:\projects\retina-ai-ocular-disease-classification\archive\dataset\glaucoma\_236_6447023.jpg,glaucoma/_236_6447023.jpg,glaucoma,256,256,3,7dfe21f598446e8fe98e26d4dff8eba0,_236_6447023,train
_236_8014695.jpg,C:\projects\retina-ai-ocular-disease-classification\archive\dataset\glaucoma\_236_8014695.jpg,glaucoma/_236_8014695.jpg,glaucoma,256,256,3,5e30cdd5c90f4c0982b117b28c6cabf1,_236_8014695,train
_238_9493538.jpg,C:\projects\retina-ai-ocular-disease-classification\archive\dataset\glaucoma\_238_9493538.jpg,glaucoma/_238_9493538.jpg,glaucoma,256,256,3,4b4f8f28886293d3054c1dea86b9a41e,_238_9493538,train
_23_8081299.jpg,C:\projects\retina-ai-ocular-disease-classification\archive\dataset\glaucoma\_23_8081299.jpg,glaucoma/_23_8081299.jpg,glaucoma,256,256,3,2229d0860fc769af48ac1418810344f7,_23_8081299,train
_240_968094.jpg,C:\projects\retina-ai-ocular-disease-classification\archive\dataset\glaucoma\_240_968094.jpg,glaucoma/_240_968094.jpg,glaucoma,256,256,3,27cbcf6221cb18f68d3b3a1078455c0a,_240_968094,train
_241_1530591.jpg,C:\projects\retina-ai-ocular-disease-classification\archive\dataset\glaucoma\_241_1530591.jpg,glaucoma/_241_1530591.jpg,glaucoma,256,256,3,64494440a369674d60c054f73e3cefec,_241_1530591,train
_242_5062809.jpg,C:\projects\retina-ai-ocular-disease-classification\archive\dataset\glaucoma\_242_5062809.jpg,glaucoma/_242_5062809.jpg,glaucoma,256,256,3,bffb901eace2aa090f8af66577c6ba71,_242_5062809,train
_243_95702.jpg,C:\projects\retina-ai-ocular-disease-classification\archive\dataset\glaucoma\_243_95702.jpg,glaucoma/_243_95702.jpg,glaucoma,256,256,3,7e32cd104d7c08114a31466efcd68ddf,_243_95702,train
_244_2165755.jpg,C:\projects\retina-ai-ocular-disease-classification\archive\dataset\glaucoma\_244_2165755.jpg,glaucoma/_244_2165755.jpg,glaucoma,256,256,3,6bff4d9f9b0cceb4eb1380a6935a89ea,_244_2165755,train
_245_5517087.jpg,C:\projects\retina-ai-ocular-disease-classification\archive\dataset\glaucoma\_245_5517087.jpg,glaucoma/_245_5517087.jpg,glaucoma,256,256,3,f327cfb91cf2cc70aae4abaf0b3f1920,_245_5517087,train
_246_1688391.jpg,C:\projects\retina-ai-ocular-disease-classification\archive\dataset\glaucoma\_246_1688391.jpg,glaucoma/_246_1688391.jpg,glaucoma,256,256,3,660bf1730e72c46985365ebcdb5d5c9c,_246_1688391,train
_248_1971812.jpg,C:\projects\retina-ai-ocular-disease-classification\archive\dataset\glaucoma\_248_1971812.jpg,glaucoma/_248_1971812.jpg,glaucoma,256,256,3,5704b5efe46f0245682f228dd7c659bf,_248_1971812,train
_249_5342875.jpg,C:\projects\retina-ai-ocular-disease-classification\archive\dataset\glaucoma\_249_5342875.jpg,glaucoma/_249_5342875.jpg,glaucoma,256,256,3,d882ba3ae1f111f662dbee110cfa7e00,_249_5342875,train
_249_6890690.jpg,C:\projects\retina-ai-ocular-disease-classification\archive\dataset\glaucoma\_249_6890690.jpg,glaucoma/_249_6890690.jpg,glaucoma,256,256,3,8d3f0f11ddb688e8d9f806430ac1ba1f,_249_6890690,train
_24_3870780.jpg,C:\projects\retina-ai-ocular-disease-classification\archive\dataset\glaucoma\_24_3870780.jpg,glaucoma/_24_3870780.jpg,glaucoma,256,256,3,b70a859c48c03882194135de8159bf91,_24_3870780,train
_24_5854972.jpg,C:\projects\retina-ai-ocular-disease-classification\archive\dataset\glaucoma\_24_5854972.jpg,glaucoma/_24_5854972.jpg,glaucoma,256,256,3,b2bec0a144095aa18c8e60a2f6947f52,_24_5854972,train
_250_1327645.jpg,C:\projects\retina-ai-ocular-disease-classification\archive\dataset\glaucoma\_250_1327645.jpg,glaucoma/_250_1327645.jpg,glaucoma,256,256,3,6b9cc7f42f89867904761d16f84da799,_250_1327645,train
_251_8769594.jpg,C:\projects\retina-ai-ocular-disease-classification\archive\dataset\glaucoma\_251_8769594.jpg,glaucoma/_251_8769594.jpg,glaucoma,256,256,3,8d98346714870860353d843d00ed23d5,_251_8769594,train
_253_8425650.jpg,C:\projects\retina-ai-ocular-disease-classification\archive\dataset\glaucoma\_253_8425650.jpg,glaucoma/_253_8425650.jpg,glaucoma,256,256,3,54072943f6233e03d03c5b1a9a42dcee,_253_8425650,train
_254_8727190.jpg,C:\projects\retina-ai-ocular-disease-classification\archive\dataset\glaucoma\_254_8727190.jpg,glaucoma/_254_8727190.jpg,glaucoma,256,256,3,38bfe4234cf1c12fd3018a1e3cbf78eb,_254_8727190,train
_255_4450651.jpg,C:\projects\retina-ai-ocular-disease-classification\archive\dataset\glaucoma\_255_4450651.jpg,glaucoma/_255_4450651.jpg,glaucoma,256,256,3,cc779ebf91dce715ac2bf4d546db6004,_255_4450651,train
_255_7511159.jpg,C:\projects\retina-ai-ocular-disease-classification\archive\dataset\glaucoma\_255_7511159.jpg,glaucoma/_255_7511159.jpg,glaucoma,256,256,3,06cd80f7b80be1c9b0966ba4ecd59954,_255_7511159,train
_256_1230567.jpg,C:\projects\retina-ai-ocular-disease-classification\archive\dataset\glaucoma\_256_1230567.jpg,glaucoma/_256_1230567.jpg,glaucoma,256,256,3,5940aa21f051181c0e64c7fcdc3c4d03,_256_1230567,train
_258_6391320.jpg,C:\projects\retina-ai-ocular-disease-classification\archive\dataset\glaucoma\_258_6391320.jpg,glaucoma/_258_6391320.jpg,glaucoma,256,256,3,6fe0203e5908963946e57fce928bf038,_258_6391320,train
_25_9900235.jpg,C:\projects\retina-ai-ocular-disease-classification\archive\dataset\glaucoma\_25_9900235.jpg,glaucoma/_25_9900235.jpg,glaucoma,256,256,3,5e07d0c5709705eff7886f3516d06cb0,_25_9900235,train
_260_4814230.jpg,C:\projects\retina-ai-ocular-disease-classification\archive\dataset\glaucoma\_260_4814230.jpg,glaucoma/_260_4814230.jpg,glaucoma,256,256,3,9549bd90e1581072961de9252b10adcc,_260_4814230,train
_261_1504984.jpg,C:\projects\retina-ai-ocular-disease-classification\archive\dataset\glaucoma\_261_1504984.jpg,glaucoma/_261_1504984.jpg,glaucoma,256,256,3,3534c885238402b787d8f4b38ccd7bc8,_261_1504984,train
_262_3994169.jpg,C:\projects\retina-ai-ocular-disease-classification\archive\dataset\glaucoma\_262_3994169.jpg,glaucoma/_262_3994169.jpg,glaucoma,256,256,3,982b17aa644ac12163358e5dc49bb290,_262_3994169,train
_263_9132183.jpg,C:\projects\retina-ai-ocular-disease-classification\archive\dataset\glaucoma\_263_9132183.jpg,glaucoma/_263_9132183.jpg,glaucoma,256,256,3,c02d3fdfa18b8c27f38337ed7a2f78ac,_263_9132183,train
_263_9514192.jpg,C:\projects\retina-ai-ocular-disease-classification\archive\dataset\glaucoma\_263_9514192.jpg,glaucoma/_263_9514192.jpg,glaucoma,256,256,3,9f9ddae1d6584adbbd66f7729c5936d1,_263_9514192,train
_264_8423794.jpg,C:\projects\retina-ai-ocular-disease-classification\archive\dataset\glaucoma\_264_8423794.jpg,glaucoma/_264_8423794.jpg,glaucoma,256,256,3,b60796b4b80966013ff8a50ff6bccb14,_264_8423794,train
_265_1562215.jpg,C:\projects\retina-ai-ocular-disease-classification\archive\dataset\glaucoma\_265_1562215.jpg,glaucoma/_265_1562215.jpg,glaucoma,256,256,3,4771325f527c9dab51df87cc4376a8e1,_265_1562215,train
_266_8920656.jpg,C:\projects\retina-ai-ocular-disease-classification\archive\dataset\glaucoma\_266_8920656.jpg,glaucoma/_266_8920656.jpg,glaucoma,256,256,3,681bbef32899a47f99c645d00a0e8b55,_266_8920656,train
_267_2376228.jpg,C:\projects\retina-ai-ocular-disease-classification\archive\dataset\glaucoma\_267_2376228.jpg,glaucoma/_267_2376228.jpg,glaucoma,256,256,3,c356ffe165e625bb794fdc472ff63ee1,_267_2376228,train
_269_7481383.jpg,C:\projects\retina-ai-ocular-disease-classification\archive\dataset\glaucoma\_269_7481383.jpg,glaucoma/_269_7481383.jpg,glaucoma,256,256,3,5a6eb57b87dfcd8f3c4c82197b4062c2,_269_7481383,train
_270_6223143.jpg,C:\projects\retina-ai-ocular-disease-classification\archive\dataset\glaucoma\_270_6223143.jpg,glaucoma/_270_6223143.jpg,glaucoma,256,256,3,0b2610181a90efc78ef0945c294d77a6,_270_6223143,train
_271_3328342.jpg,C:\projects\retina-ai-ocular-disease-classification\archive\dataset\glaucoma\_271_3328342.jpg,glaucoma/_271_3328342.jpg,glaucoma,256,256,3,d0139eff2440acf31467e1d00a24eb33,_271_3328342,train
_272_1072395.jpg,C:\projects\retina-ai-ocular-disease-classification\archive\dataset\glaucoma\_272_1072395.jpg,glaucoma/_272_1072395.jpg,glaucoma,256,256,3,02a226f043cb898232d877b41f61707f,_272_1072395,train
_272_9782017.jpg,C:\projects\retina-ai-ocular-disease-classification\archive\dataset\glaucoma\_272_9782017.jpg,glaucoma/_272_9782017.jpg,glaucoma,256,256,3,0bef949aa4825cd58c7ffba9672340f9,_272_9782017,train
_274_7999199.jpg,C:\projects\retina-ai-ocular-disease-classification\archive\dataset\glaucoma\_274_7999199.jpg,glaucoma/_274_7999199.jpg,glaucoma,256,256,3,6487305fc7ac546d4460dcddaf1543dd,_274_7999199,train
_277_6049716.jpg,C:\projects\retina-ai-ocular-disease-classification\archive\dataset\glaucoma\_277_6049716.jpg,glaucoma/_277_6049716.jpg,glaucoma,256,256,3,5d54909a789cd5802d8bfbc42a094a73,_277_6049716,train
_278_2942123.jpg,C:\projects\retina-ai-ocular-disease-classification\archive\dataset\glaucoma\_278_2942123.jpg,glaucoma/_278_2942123.jpg,glaucoma,256,256,3,5b8f5edebd3b41b6b35c18136878e6e3,_278_2942123,train
_278_5245975.jpg,C:\projects\retina-ai-ocular-disease-classification\archive\dataset\glaucoma\_278_5245975.jpg,glaucoma/_278_5245975.jpg,glaucoma,256,256,3,67296fe25ba0389db8e7f1a71dcd45b3,_278_5245975,train
_279_2768381.jpg,C:\projects\retina-ai-ocular-disease-classification\archive\dataset\glaucoma\_279_2768381.jpg,glaucoma/_279_2768381.jpg,glaucoma,256,256,3,9e626d0824462ba027f62341a8d7bbf3,_279_2768381,train
_27_4220822.jpg,C:\projects\retina-ai-ocular-disease-classification\archive\dataset\glaucoma\_27_4220822.jpg,glaucoma/_27_4220822.jpg,glaucoma,256,256,3,6ca3933478bae7af0e18aefc64443c28,_27_4220822,train
_280_7239687.jpg,C:\projects\retina-ai-ocular-disease-classification\archive\dataset\glaucoma\_280_7239687.jpg,glaucoma/_280_7239687.jpg,glaucoma,256,256,3,3cecfd544c1425a441284c8c650d9420,_280_7239687,train
_281_5653321.jpg,C:\projects\retina-ai-ocular-disease-classification\archive\dataset\glaucoma\_281_5653321.jpg,glaucoma/_281_5653321.jpg,glaucoma,256,256,3,79bbc686dced06997b187c272e21b03f,_281_5653321,train
_282_487789.jpg,C:\projects\retina-ai-ocular-disease-classification\archive\dataset\glaucoma\_282_487789.jpg,glaucoma/_282_487789.jpg,glaucoma,256,256,3,918aa006c404fe6c084e7c7ba9d357b4,_282_487789,train
_282_8545700.jpg,C:\projects\retina-ai-ocular-disease-classification\archive\dataset\glaucoma\_282_8545700.jpg,glaucoma/_282_8545700.jpg,glaucoma,256,256,3,b28deb302fea22c7e483ae71e887fb7b,_282_8545700,train
_284_1723608.jpg,C:\projects\retina-ai-ocular-disease-classification\archive\dataset\glaucoma\_284_1723608.jpg,glaucoma/_284_1723608.jpg,glaucoma,256,256,3,024a3275e9cd9ebbf8d8488889b9ecab,_284_1723608,train
_285_2727990.jpg,C:\projects\retina-ai-ocular-disease-classification\archive\dataset\glaucoma\_285_2727990.jpg,glaucoma/_285_2727990.jpg,glaucoma,256,256,3,271dd869aad860c70e7465abac8268ca,_285_2727990,train
_286_579920.jpg,C:\projects\retina-ai-ocular-disease-classification\archive\dataset\glaucoma\_286_579920.jpg,glaucoma/_286_579920.jpg,glaucoma,256,256,3,b0440cdc2c6eae957efb7771f6f5590e,_286_579920,train
_287_8369950.jpg,C:\projects\retina-ai-ocular-disease-classification\archive\dataset\glaucoma\_287_8369950.jpg,glaucoma/_287_8369950.jpg,glaucoma,256,256,3,a9010266cbdb06cfba47c61646fbfa67,_287_8369950,train
_288_5661981.jpg,C:\projects\retina-ai-ocular-disease-classification\archive\dataset\glaucoma\_288_5661981.jpg,glaucoma/_288_5661981.jpg,glaucoma,256,256,3,8e52c55c9b12ac87de3d8575bd31a51a,_288_5661981,train
_289_8793154.jpg,C:\projects\retina-ai-ocular-disease-classification\archive\dataset\glaucoma\_289_8793154.jpg,glaucoma/_289_8793154.jpg,glaucoma,256,256,3,8f2ba7e1c4f5b35d6951ebd52abc292b,_289_8793154,train
_289_9163087.jpg,C:\projects\retina-ai-ocular-disease-classification\archive\dataset\glaucoma\_289_9163087.jpg,glaucoma/_289_9163087.jpg,glaucoma,256,256,3,d5ecd9111e1f11d83f380c9b84903321,_289_9163087,train
_28_7296137.jpg,C:\projects\retina-ai-ocular-disease-classification\archive\dataset\glaucoma\_28_7296137.jpg,glaucoma/_28_7296137.jpg,glaucoma,256,256,3,bedb3a262c2e5456160c9b5d0bff093a,_28_7296137,train
_28_7928893.jpg,C:\projects\retina-ai-ocular-disease-classification\archive\dataset\glaucoma\_28_7928893.jpg,glaucoma/_28_7928893.jpg,glaucoma,256,256,3,4d5415293e3bcc57977049db7d3a2bea,_28_7928893,train
_290_306861.jpg,C:\projects\retina-ai-ocular-disease-classification\archive\dataset\glaucoma\_290_306861.jpg,glaucoma/_290_306861.jpg,glaucoma,256,256,3,a2822d5b4ead61e6aebf885e6014653f,_290_306861,train
_290_5672201.jpg,C:\projects\retina-ai-ocular-disease-classification\archive\dataset\glaucoma\_290_5672201.jpg,glaucoma/_290_5672201.jpg,glaucoma,256,256,3,d6544f4208e5c7e0e69f05362faa837c,_290_5672201,train
_291_1967456.jpg,C:\projects\retina-ai-ocular-disease-classification\archive\dataset\glaucoma\_291_1967456.jpg,glaucoma/_291_1967456.jpg,glaucoma,256,256,3,f52bfe3a4ee2299eb56fb537b8525ff4,_291_1967456,train
_292_3590459.jpg,C:\projects\retina-ai-ocular-disease-classification\archive\dataset\glaucoma\_292_3590459.jpg,glaucoma/_292_3590459.jpg,glaucoma,256,256,3,7f43712c28ebf56238bbce9a47d83ac5,_292_3590459,train
_292_3819069.jpg,C:\projects\retina-ai-ocular-disease-classification\archive\dataset\glaucoma\_292_3819069.jpg,glaucoma/_292_3819069.jpg,glaucoma,256,256,3,f18e76bbc81b07bb27c4380f5bf87389,_292_3819069,train
_293_1537842.jpg,C:\projects\retina-ai-ocular-disease-classification\archive\dataset\glaucoma\_293_1537842.jpg,glaucoma/_293_1537842.jpg,glaucoma,256,256,3,ea7bf31bd346181d65431332525ddfcc,_293_1537842,train
_293_8683971.jpg,C:\projects\retina-ai-ocular-disease-classification\archive\dataset\glaucoma\_293_8683971.jpg,glaucoma/_293_8683971.jpg,glaucoma,256,256,3,b92ecda915b2dc809665d53c4ea307b9,_293_8683971,train
_295_3084570.jpg,C:\projects\retina-ai-ocular-disease-classification\archive\dataset\glaucoma\_295_3084570.jpg,glaucoma/_295_3084570.jpg,glaucoma,256,256,3,cfd4c75bf64cc2e7bbc4abd5e548a931,_295_3084570,train
_296_3140840.jpg,C:\projects\retina-ai-ocular-disease-classification\archive\dataset\glaucoma\_296_3140840.jpg,glaucoma/_296_3140840.jpg,glaucoma,256,256,3,d4d94f96fc1c22e08bf14e86f633c286,_296_3140840,train
_297_2792482.jpg,C:\projects\retina-ai-ocular-disease-classification\archive\dataset\glaucoma\_297_2792482.jpg,glaucoma/_297_2792482.jpg,glaucoma,256,256,3,0cdaf2530b6df51d9cef20194792e1a5,_297_2792482,train
_298_4611384.jpg,C:\projects\retina-ai-ocular-disease-classification\archive\dataset\glaucoma\_298_4611384.jpg,glaucoma/_298_4611384.jpg,glaucoma,256,256,3,b7fe95451aca239c4f01c115187ee97e,_298_4611384,train
_29_2615629.jpg,C:\projects\retina-ai-ocular-disease-classification\archive\dataset\glaucoma\_29_2615629.jpg,glaucoma/_29_2615629.jpg,glaucoma,256,256,3,2dfdf296689d73067ee6f06dfbe04e11,_29_2615629,train
_2_5194189.jpg,C:\projects\retina-ai-ocular-disease-classification\archive\dataset\glaucoma\_2_5194189.jpg,glaucoma/_2_5194189.jpg,glaucoma,256,256,3,7813d24dca82410753ee298c088905c3,_2_5194189,train
_2_8820241.jpg,C:\projects\retina-ai-ocular-disease-classification\archive\dataset\glaucoma\_2_8820241.jpg,glaucoma/_2_8820241.jpg,glaucoma,256,256,3,72e6202c62bc35546cf20a0a84382cb9,_2_8820241,train
_300_7639707.jpg,C:\projects\retina-ai-ocular-disease-classification\archive\dataset\glaucoma\_300_7639707.jpg,glaucoma/_300_7639707.jpg,glaucoma,256,256,3,a30a5821eaf8a91761edb633084f4557,_300_7639707,train
_301_8474971.jpg,C:\projects\retina-ai-ocular-disease-classification\archive\dataset\glaucoma\_301_8474971.jpg,glaucoma/_301_8474971.jpg,glaucoma,256,256,3,ef7186a79df146f562e52c29b7d86d79,_301_8474971,train
_303_8778566.jpg,C:\projects\retina-ai-ocular-disease-classification\archive\dataset\glaucoma\_303_8778566.jpg,glaucoma/_303_8778566.jpg,glaucoma,256,256,3,8eda272406dfeb9fee87dfcc516d04da,_303_8778566,train
_304_2971672.jpg,C:\projects\retina-ai-ocular-disease-classification\archive\dataset\glaucoma\_304_2971672.jpg,glaucoma/_304_2971672.jpg,glaucoma,256,256,3,c8e30eca71995a7a2f5499db4f5e5be9,_304_2971672,train
_304_434670.jpg,C:\projects\retina-ai-ocular-disease-classification\archive\dataset\glaucoma\_304_434670.jpg,glaucoma/_304_434670.jpg,glaucoma,256,256,3,202c1c3d18aa19951b116b9f9bfc06dc,_304_434670,train
_305_3318957.jpg,C:\projects\retina-ai-ocular-disease-classification\archive\dataset\glaucoma\_305_3318957.jpg,glaucoma/_305_3318957.jpg,glaucoma,256,256,3,e1bc343ce04630d06f350d1cb029c96e,_305_3318957,train
_305_769962.jpg,C:\projects\retina-ai-ocular-disease-classification\archive\dataset\glaucoma\_305_769962.jpg,glaucoma/_305_769962.jpg,glaucoma,256,256,3,749bcb46734c8e71f48c2a83946bbfd6,_305_769962,train
_307_4576620.jpg,C:\projects\retina-ai-ocular-disease-classification\archive\dataset\glaucoma\_307_4576620.jpg,glaucoma/_307_4576620.jpg,glaucoma,256,256,3,ea375465e4aa3263db7e885bc2afb4ed,_307_4576620,train
_307_9597397.jpg,C:\projects\retina-ai-ocular-disease-classification\archive\dataset\glaucoma\_307_9597397.jpg,glaucoma/_307_9597397.jpg,glaucoma,256,256,3,5ec65fa2f209870c6b14f81adf269179,_307_9597397,train
_309_4110303.jpg,C:\projects\retina-ai-ocular-disease-classification\archive\dataset\glaucoma\_309_4110303.jpg,glaucoma/_309_4110303.jpg,glaucoma,256,256,3,2cc9fc1aa2c98dd5102c3fedf760e2e6,_309_4110303,train
_30_5516177.jpg,C:\projects\retina-ai-ocular-disease-classification\archive\dataset\glaucoma\_30_5516177.jpg,glaucoma/_30_5516177.jpg,glaucoma,256,256,3,bb2079036826689be2801b8e8be59515,_30_5516177,train
_310_4668441.jpg,C:\projects\retina-ai-ocular-disease-classification\archive\dataset\glaucoma\_310_4668441.jpg,glaucoma/_310_4668441.jpg,glaucoma,256,256,3,574b1a7fec618b5abb523adb165f66c9,_310_4668441,train
_310_6988275.jpg,C:\projects\retina-ai-ocular-disease-classification\archive\dataset\glaucoma\_310_6988275.jpg,glaucoma/_310_6988275.jpg,glaucoma,256,256,3,06da1a2a8b2cece48a0bf681707d1b02,_310_6988275,train
_311_6101039.jpg,C:\projects\retina-ai-ocular-disease-classification\archive\dataset\glaucoma\_311_6101039.jpg,glaucoma/_311_6101039.jpg,glaucoma,256,256,3,bed0f37fe4ff687f840d4e6b041a43fa,_311_6101039,train
_311_7054330.jpg,C:\projects\retina-ai-ocular-disease-classification\archive\dataset\glaucoma\_311_7054330.jpg,glaucoma/_311_7054330.jpg,glaucoma,256,256,3,c15402efb64fff360a1a81111ef312a8,_311_7054330,train
_312_2571477.jpg,C:\projects\retina-ai-ocular-disease-classification\archive\dataset\glaucoma\_312_2571477.jpg,glaucoma/_312_2571477.jpg,glaucoma,256,256,3,9e62619313bc20e4e4e37ad96667048e,_312_2571477,train
_314_8127541.jpg,C:\projects\retina-ai-ocular-disease-classification\archive\dataset\glaucoma\_314_8127541.jpg,glaucoma/_314_8127541.jpg,glaucoma,256,256,3,ea7cde0283dc7f125d749136b1302b30,_314_8127541,train
_315_1059988.jpg,C:\projects\retina-ai-ocular-disease-classification\archive\dataset\glaucoma\_315_1059988.jpg,glaucoma/_315_1059988.jpg,glaucoma,256,256,3,1d95a4936b9e2217dd6c5cc1f8cc4c81,_315_1059988,train
_315_4482636.jpg,C:\projects\retina-ai-ocular-disease-classification\archive\dataset\glaucoma\_315_4482636.jpg,glaucoma/_315_4482636.jpg,glaucoma,256,256,3,ca222f161667dc39f4014cfe53f9e9cb,_315_4482636,train
_316_6373643.jpg,C:\projects\retina-ai-ocular-disease-classification\archive\dataset\glaucoma\_316_6373643.jpg,glaucoma/_316_6373643.jpg,glaucoma,256,256,3,a166f68d7919227db3b498c2d4b5d8c9,_316_6373643,train
_317_2537690.jpg,C:\projects\retina-ai-ocular-disease-classification\archive\dataset\glaucoma\_317_2537690.jpg,glaucoma/_317_2537690.jpg,glaucoma,256,256,3,281bb4803a80a6273e7f6f2f9bfd95ef,_317_2537690,train
_318_5873639.jpg,C:\projects\retina-ai-ocular-disease-classification\archive\dataset\glaucoma\_318_5873639.jpg,glaucoma/_318_5873639.jpg,glaucoma,256,256,3,fd7c683ddff09d77a74b2ab8c985a321,_318_5873639,train
_318_9413163.jpg,C:\projects\retina-ai-ocular-disease-classification\archive\dataset\glaucoma\_318_9413163.jpg,glaucoma/_318_9413163.jpg,glaucoma,256,256,3,f85aeacf1d52b93fa4c28cd252010e86,_318_9413163,train
_319_532632.jpg,C:\projects\retina-ai-ocular-disease-classification\archive\dataset\glaucoma\_319_532632.jpg,glaucoma/_319_532632.jpg,glaucoma,256,256,3,d28639212142813fea8da548671043d6,_319_532632,train
_31_1950556.jpg,C:\projects\retina-ai-ocular-disease-classification\archive\dataset\glaucoma\_31_1950556.jpg,glaucoma/_31_1950556.jpg,glaucoma,256,256,3,c79040bd1b2a96dfb6dd3a6deccb6634,_31_1950556,train
_320_4614619.jpg,C:\projects\retina-ai-ocular-disease-classification\archive\dataset\glaucoma\_320_4614619.jpg,glaucoma/_320_4614619.jpg,glaucoma,256,256,3,25242cf60f6c1d6ce77ed733a07e066b,_320_4614619,train
_320_5280427.jpg,C:\projects\retina-ai-ocular-disease-classification\archive\dataset\glaucoma\_320_5280427.jpg,glaucoma/_320_5280427.jpg,glaucoma,256,256,3,0cec67915e31b1c8b010972ed73dfe56,_320_5280427,train
_321_9678485.jpg,C:\projects\retina-ai-ocular-disease-classification\archive\dataset\glaucoma\_321_9678485.jpg,glaucoma/_321_9678485.jpg,glaucoma,256,256,3,45e6de6044361e99c1010f0a99d2c02d,_321_9678485,train
_322_2070844.jpg,C:\projects\retina-ai-ocular-disease-classification\archive\dataset\glaucoma\_322_2070844.jpg,glaucoma/_322_2070844.jpg,glaucoma,256,256,3,cfb0643e1dca40561f73e12d71193ffe,_322_2070844,train
_322_4870398.jpg,C:\projects\retina-ai-ocular-disease-classification\archive\dataset\glaucoma\_322_4870398.jpg,glaucoma/_322_4870398.jpg,glaucoma,256,256,3,7e7cd6e6b99bd8adeec6a9ba29dace8e,_322_4870398,train
_323_8497084.jpg,C:\projects\retina-ai-ocular-disease-classification\archive\dataset\glaucoma\_323_8497084.jpg,glaucoma/_323_8497084.jpg,glaucoma,256,256,3,136313ca55fe89adaf03e770891237b8,_323_8497084,train
_324_1040139.jpg,C:\projects\retina-ai-ocular-disease-classification\archive\dataset\glaucoma\_324_1040139.jpg,glaucoma/_324_1040139.jpg,glaucoma,256,256,3,8279deed1862d048aafbe76137830ff5,_324_1040139,train
_324_9547288.jpg,C:\projects\retina-ai-ocular-disease-classification\archive\dataset\glaucoma\_324_9547288.jpg,glaucoma/_324_9547288.jpg,glaucoma,256,256,3,fc3df35bac29d2ab78a44f7f0d5a8cc0,_324_9547288,train
_325_4867292.jpg,C:\projects\retina-ai-ocular-disease-classification\archive\dataset\glaucoma\_325_4867292.jpg,glaucoma/_325_4867292.jpg,glaucoma,256,256,3,0944b3b6f50b01e844fbfcbda2fb0004,_325_4867292,train
_325_5401809.jpg,C:\projects\retina-ai-ocular-disease-classification\archive\dataset\glaucoma\_325_5401809.jpg,glaucoma/_325_5401809.jpg,glaucoma,256,256,3,fe69a2bb934080f8605cbc298292d935,_325_5401809,train
_327_1055218.jpg,C:\projects\retina-ai-ocular-disease-classification\archive\dataset\glaucoma\_327_1055218.jpg,glaucoma/_327_1055218.jpg,glaucoma,256,256,3,886c7fa6209faab75f222f25d4bb4ccd,_327_1055218,train
_328_7261567.jpg,C:\projects\retina-ai-ocular-disease-classification\archive\dataset\glaucoma\_328_7261567.jpg,glaucoma/_328_7261567.jpg,glaucoma,256,256,3,18e46a15d75fc823cad9ec90d20dd92f,_328_7261567,train
_329_1138512.jpg,C:\projects\retina-ai-ocular-disease-classification\archive\dataset\glaucoma\_329_1138512.jpg,glaucoma/_329_1138512.jpg,glaucoma,256,256,3,b59b7ad0e1bc10590d15be899c0de1f9,_329_1138512,train
_329_3845498.jpg,C:\projects\retina-ai-ocular-disease-classification\archive\dataset\glaucoma\_329_3845498.jpg,glaucoma/_329_3845498.jpg,glaucoma,256,256,3,ee23f401adad37911c20f2b8a0fe0b74,_329_3845498,train
_32_6299808.jpg,C:\projects\retina-ai-ocular-disease-classification\archive\dataset\glaucoma\_32_6299808.jpg,glaucoma/_32_6299808.jpg,glaucoma,256,256,3,de49702849b9339d069fdfd6b136f864,_32_6299808,train
_330_6332138.jpg,C:\projects\retina-ai-ocular-disease-classification\archive\dataset\glaucoma\_330_6332138.jpg,glaucoma/_330_6332138.jpg,glaucoma,256,256,3,94debeee59e3227a83617189559b39de,_330_6332138,train
_331_8594715.jpg,C:\projects\retina-ai-ocular-disease-classification\archive\dataset\glaucoma\_331_8594715.jpg,glaucoma/_331_8594715.jpg,glaucoma,256,256,3,ba74a922aba5b33e7f40fecd492b713f,_331_8594715,train
_332_7068969.jpg,C:\projects\retina-ai-ocular-disease-classification\archive\dataset\glaucoma\_332_7068969.jpg,glaucoma/_332_7068969.jpg,glaucoma,256,256,3,d99bc80cdd5436afb4cdf4d4c28a72b1,_332_7068969,train
_333_5771277.jpg,C:\projects\retina-ai-ocular-disease-classification\archive\dataset\glaucoma\_333_5771277.jpg,glaucoma/_333_5771277.jpg,glaucoma,256,256,3,da588fddd7bd088e2444e10e9d75c807,_333_5771277,train
_333_8764431.jpg,C:\projects\retina-ai-ocular-disease-classification\archive\dataset\glaucoma\_333_8764431.jpg,glaucoma/_333_8764431.jpg,glaucoma,256,256,3,b4561ba57cc63bceea60ca00709b4289,_333_8764431,train
_334_2912159.jpg,C:\projects\retina-ai-ocular-disease-classification\archive\dataset\glaucoma\_334_2912159.jpg,glaucoma/_334_2912159.jpg,glaucoma,256,256,3,9b1e91fd91a95bb16e593736b88f43ec,_334_2912159,train
_335_5326545.jpg,C:\projects\retina-ai-ocular-disease-classification\archive\dataset\glaucoma\_335_5326545.jpg,glaucoma/_335_5326545.jpg,glaucoma,256,256,3,4a99267186d98032811623a4703c2218,_335_5326545,train
_338_7660594.jpg,C:\projects\retina-ai-ocular-disease-classification\archive\dataset\glaucoma\_338_7660594.jpg,glaucoma/_338_7660594.jpg,glaucoma,256,256,3,61352584edc036ec2b8be754ebacd05f,_338_7660594,train
_33_7463078.jpg,C:\projects\retina-ai-ocular-disease-classification\archive\dataset\glaucoma\_33_7463078.jpg,glaucoma/_33_7463078.jpg,glaucoma,256,256,3,10f2362d3a3d6c1d44afadc588423c1f,_33_7463078,train
_340_1400434.jpg,C:\projects\retina-ai-ocular-disease-classification\archive\dataset\glaucoma\_340_1400434.jpg,glaucoma/_340_1400434.jpg,glaucoma,256,256,3,cc676241195d0076bb95294e01dbeeb5,_340_1400434,train
_341_3030606.jpg,C:\projects\retina-ai-ocular-disease-classification\archive\dataset\glaucoma\_341_3030606.jpg,glaucoma/_341_3030606.jpg,glaucoma,256,256,3,9768d465256ca8619532ddd67b559e0a,_341_3030606,train
_341_3343251.jpg,C:\projects\retina-ai-ocular-disease-classification\archive\dataset\glaucoma\_341_3343251.jpg,glaucoma/_341_3343251.jpg,glaucoma,256,256,3,1e91977e24bc27dfe8c89b83817afee7,_341_3343251,train
_343_3651262.jpg,C:\projects\retina-ai-ocular-disease-classification\archive\dataset\glaucoma\_343_3651262.jpg,glaucoma/_343_3651262.jpg,glaucoma,256,256,3,1becc7e4cff0c86ec0a04d81e16815f5,_343_3651262,train
_344_6025727.jpg,C:\projects\retina-ai-ocular-disease-classification\archive\dataset\glaucoma\_344_6025727.jpg,glaucoma/_344_6025727.jpg,glaucoma,256,256,3,7409ee213600e9f1de0c8a31e63385b1,_344_6025727,train
_345_7680672.jpg,C:\projects\retina-ai-ocular-disease-classification\archive\dataset\glaucoma\_345_7680672.jpg,glaucoma/_345_7680672.jpg,glaucoma,256,256,3,5a93f2626d072e991328959feabb6125,_345_7680672,train
_346_7643111.jpg,C:\projects\retina-ai-ocular-disease-classification\archive\dataset\glaucoma\_346_7643111.jpg,glaucoma/_346_7643111.jpg,glaucoma,256,256,3,c0980f3890c4ba391239c9ecbfb0af14,_346_7643111,train
_347_1718283.jpg,C:\projects\retina-ai-ocular-disease-classification\archive\dataset\glaucoma\_347_1718283.jpg,glaucoma/_347_1718283.jpg,glaucoma,256,256,3,2989e3e110645646399cfbcacca0d2d8,_347_1718283,train
_348_2941106.jpg,C:\projects\retina-ai-ocular-disease-classification\archive\dataset\glaucoma\_348_2941106.jpg,glaucoma/_348_2941106.jpg,glaucoma,256,256,3,8a6728c754c64c0802be8196b2628e06,_348_2941106,train
_34_2817660.jpg,C:\projects\retina-ai-ocular-disease-classification\archive\dataset\glaucoma\_34_2817660.jpg,glaucoma/_34_2817660.jpg,glaucoma,256,256,3,0f53c720c566f647dfe2af0d1c6ba97a,_34_2817660,train
_350_3536071.jpg,C:\projects\retina-ai-ocular-disease-classification\archive\dataset\glaucoma\_350_3536071.jpg,glaucoma/_350_3536071.jpg,glaucoma,256,256,3,0c08a8390b3ca264163dadc0fce359b6,_350_3536071,train
_353_6531128.jpg,C:\projects\retina-ai-ocular-disease-classification\archive\dataset\glaucoma\_353_6531128.jpg,glaucoma/_353_6531128.jpg,glaucoma,256,256,3,4f6f359558f81ad9e0710fb5b6cb9cf8,_353_6531128,train
_354_1214126.jpg,C:\projects\retina-ai-ocular-disease-classification\archive\dataset\glaucoma\_354_1214126.jpg,glaucoma/_354_1214126.jpg,glaucoma,256,256,3,dff1ffa896585f11d7f5e6348e36b896,_354_1214126,train
_354_7736360.jpg,C:\projects\retina-ai-ocular-disease-classification\archive\dataset\glaucoma\_354_7736360.jpg,glaucoma/_354_7736360.jpg,glaucoma,256,256,3,032eb64f926e5d8bba519de4d5461f49,_354_7736360,train
_356_2280553.jpg,C:\projects\retina-ai-ocular-disease-classification\archive\dataset\glaucoma\_356_2280553.jpg,glaucoma/_356_2280553.jpg,glaucoma,256,256,3,2f9b0940fe2656fe3e9b266fb66e725a,_356_2280553,train
_356_7024951.jpg,C:\projects\retina-ai-ocular-disease-classification\archive\dataset\glaucoma\_356_7024951.jpg,glaucoma/_356_7024951.jpg,glaucoma,256,256,3,dafb2d4498866a2e72a3a87a878fdb6a,_356_7024951,train
_357_2893291.jpg,C:\projects\retina-ai-ocular-disease-classification\archive\dataset\glaucoma\_357_2893291.jpg,glaucoma/_357_2893291.jpg,glaucoma,256,256,3,5a8b382da3fe7c705d80db714696d106,_357_2893291,train
_357_7848484.jpg,C:\projects\retina-ai-ocular-disease-classification\archive\dataset\glaucoma\_357_7848484.jpg,glaucoma/_357_7848484.jpg,glaucoma,256,256,3,ccc6750cfdd012c3d71dd57806d23184,_357_7848484,train
_358_2954052.jpg,C:\projects\retina-ai-ocular-disease-classification\archive\dataset\glaucoma\_358_2954052.jpg,glaucoma/_358_2954052.jpg,glaucoma,256,256,3,966a9cb1c87fdd727a8c1223bee53ec7,_358_2954052,train
_359_2481818.jpg,C:\projects\retina-ai-ocular-disease-classification\archive\dataset\glaucoma\_359_2481818.jpg,glaucoma/_359_2481818.jpg,glaucoma,256,256,3,313e131d7e0442c67ce01a782643880e,_359_2481818,train
_359_8939038.jpg,C:\projects\retina-ai-ocular-disease-classification\archive\dataset\glaucoma\_359_8939038.jpg,glaucoma/_359_8939038.jpg,glaucoma,256,256,3,adb451031d69adb5fe1d1673464fac78,_359_8939038,train
_35_2680315.jpg,C:\projects\retina-ai-ocular-disease-classification\archive\dataset\glaucoma\_35_2680315.jpg,glaucoma/_35_2680315.jpg,glaucoma,256,256,3,8bbf9bf462237ea514a60e36f555acfc,_35_2680315,train
_35_369215.jpg,C:\projects\retina-ai-ocular-disease-classification\archive\dataset\glaucoma\_35_369215.jpg,glaucoma/_35_369215.jpg,glaucoma,256,256,3,0b9374d41cc92885e8c92367c90702e5,_35_369215,train
_361_5450086.jpg,C:\projects\retina-ai-ocular-disease-classification\archive\dataset\glaucoma\_361_5450086.jpg,glaucoma/_361_5450086.jpg,glaucoma,256,256,3,9d1cf1ba0c9e2081ca4c253ce702aa9e,_361_5450086,train
_361_9282542.jpg,C:\projects\retina-ai-ocular-disease-classification\archive\dataset\glaucoma\_361_9282542.jpg,glaucoma/_361_9282542.jpg,glaucoma,256,256,3,49ddbf91fae51a22d741f790424876d2,_361_9282542,train
_362_9619377.jpg,C:\projects\retina-ai-ocular-disease-classification\archive\dataset\glaucoma\_362_9619377.jpg,glaucoma/_362_9619377.jpg,glaucoma,256,256,3,b22f96c969200643a6db05715e4b54d4,_362_9619377,train
_363_2466087.jpg,C:\projects\retina-ai-ocular-disease-classification\archive\dataset\glaucoma\_363_2466087.jpg,glaucoma/_363_2466087.jpg,glaucoma,256,256,3,932307e3a5d279c8df857d327ded07b8,_363_2466087,train
_364_7596223.jpg,C:\projects\retina-ai-ocular-disease-classification\archive\dataset\glaucoma\_364_7596223.jpg,glaucoma/_364_7596223.jpg,glaucoma,256,256,3,dc8d53128a18a58fc95266cfb58567a0,_364_7596223,train
_366_5412727.jpg,C:\projects\retina-ai-ocular-disease-classification\archive\dataset\glaucoma\_366_5412727.jpg,glaucoma/_366_5412727.jpg,glaucoma,256,256,3,6ded5b3119482e9609d5c9984bfad154,_366_5412727,train
_367_403099.jpg,C:\projects\retina-ai-ocular-disease-classification\archive\dataset\glaucoma\_367_403099.jpg,glaucoma/_367_403099.jpg,glaucoma,256,256,3,a3f03754853a166885e1b98c00f55e16,_367_403099,train
_367_7784563.jpg,C:\projects\retina-ai-ocular-disease-classification\archive\dataset\glaucoma\_367_7784563.jpg,glaucoma/_367_7784563.jpg,glaucoma,256,256,3,b7db343358fb2dddb367056c1eb457ff,_367_7784563,train
_368_4106148.jpg,C:\projects\retina-ai-ocular-disease-classification\archive\dataset\glaucoma\_368_4106148.jpg,glaucoma/_368_4106148.jpg,glaucoma,256,256,3,831db5fb62ddbb0239fe6fb01bc44bfe,_368_4106148,train
_369_4797724.jpg,C:\projects\retina-ai-ocular-disease-classification\archive\dataset\glaucoma\_369_4797724.jpg,glaucoma/_369_4797724.jpg,glaucoma,256,256,3,68deb30968f3dbce9db9230ecc485b72,_369_4797724,train
_369_874276.jpg,C:\projects\retina-ai-ocular-disease-classification\archive\dataset\glaucoma\_369_874276.jpg,glaucoma/_369_874276.jpg,glaucoma,256,256,3,02b86b69c7b64bdbb76b5588146bceee,_369_874276,train
_36_9662569.jpg,C:\projects\retina-ai-ocular-disease-classification\archive\dataset\glaucoma\_36_9662569.jpg,glaucoma/_36_9662569.jpg,glaucoma,256,256,3,482e9d83249cfc0fe052e74997c2ab4f,_36_9662569,train
_371_5633932.jpg,C:\projects\retina-ai-ocular-disease-classification\archive\dataset\glaucoma\_371_5633932.jpg,glaucoma/_371_5633932.jpg,glaucoma,256,256,3,de63f1528e387bfe3d3cda0e43f64bd7,_371_5633932,train
_371_9609603.jpg,C:\projects\retina-ai-ocular-disease-classification\archive\dataset\glaucoma\_371_9609603.jpg,glaucoma/_371_9609603.jpg,glaucoma,256,256,3,9aa82b7dae6d40102637adc2773b233c,_371_9609603,train
_373_2349363.jpg,C:\projects\retina-ai-ocular-disease-classification\archive\dataset\glaucoma\_373_2349363.jpg,glaucoma/_373_2349363.jpg,glaucoma,256,256,3,fe633fd6772e763687781a56327a8a30,_373_2349363,train
_374_8172135.jpg,C:\projects\retina-ai-ocular-disease-classification\archive\dataset\glaucoma\_374_8172135.jpg,glaucoma/_374_8172135.jpg,glaucoma,256,256,3,9be157e3d8866f787d5fe15ad5ea60f6,_374_8172135,train
_375_1575212.jpg,C:\projects\retina-ai-ocular-disease-classification\archive\dataset\glaucoma\_375_1575212.jpg,glaucoma/_375_1575212.jpg,glaucoma,256,256,3,fc8f1361b7e8c93d5b9be9a20df95db7,_375_1575212,train
_375_3812551.jpg,C:\projects\retina-ai-ocular-disease-classification\archive\dataset\glaucoma\_375_3812551.jpg,glaucoma/_375_3812551.jpg,glaucoma,256,256,3,78ea7160b1f873fb2bab17771a09ddf1,_375_3812551,train
_376_7730949.jpg,C:\projects\retina-ai-ocular-disease-classification\archive\dataset\glaucoma\_376_7730949.jpg,glaucoma/_376_7730949.jpg,glaucoma,256,256,3,0442434296fff3ff5c10ef025a3e1841,_376_7730949,train
_377_8059232.jpg,C:\projects\retina-ai-ocular-disease-classification\archive\dataset\glaucoma\_377_8059232.jpg,glaucoma/_377_8059232.jpg,glaucoma,256,256,3,16d33681a7d5df94b3ae88e6deb7a1e0,_377_8059232,train
_378_1725232.jpg,C:\projects\retina-ai-ocular-disease-classification\archive\dataset\glaucoma\_378_1725232.jpg,glaucoma/_378_1725232.jpg,glaucoma,256,256,3,643631e8cfb3fe435741a230923945ae,_378_1725232,train
_379_852244.jpg,C:\projects\retina-ai-ocular-disease-classification\archive\dataset\glaucoma\_379_852244.jpg,glaucoma/_379_852244.jpg,glaucoma,256,256,3,3e5a7a0b7b69b8977342080a95e1d801,_379_852244,train
_37_8813329.jpg,C:\projects\retina-ai-ocular-disease-classification\archive\dataset\glaucoma\_37_8813329.jpg,glaucoma/_37_8813329.jpg,glaucoma,256,256,3,44bb2fd661a7d0cad15aa692817c2bc5,_37_8813329,train
_380_3524868.jpg,C:\projects\retina-ai-ocular-disease-classification\archive\dataset\glaucoma\_380_3524868.jpg,glaucoma/_380_3524868.jpg,glaucoma,256,256,3,ba56d3159293419c435f2b994e4c6d09,_380_3524868,train
_380_4081438.jpg,C:\projects\retina-ai-ocular-disease-classification\archive\dataset\glaucoma\_380_4081438.jpg,glaucoma/_380_4081438.jpg,glaucoma,256,256,3,be445f18c10cdfa64f76da9242f8c5cc,_380_4081438,train
_381_6602928.jpg,C:\projects\retina-ai-ocular-disease-classification\archive\dataset\glaucoma\_381_6602928.jpg,glaucoma/_381_6602928.jpg,glaucoma,256,256,3,dca7adea9709c95b406c7a1f5f6c3601,_381_6602928,train
_382_9740496.jpg,C:\projects\retina-ai-ocular-disease-classification\archive\dataset\glaucoma\_382_9740496.jpg,glaucoma/_382_9740496.jpg,glaucoma,256,256,3,0c183101b6a35b7bfd0d633a3bbe12d5,_382_9740496,train
_383_1676788.jpg,C:\projects\retina-ai-ocular-disease-classification\archive\dataset\glaucoma\_383_1676788.jpg,glaucoma/_383_1676788.jpg,glaucoma,256,256,3,00e582f7dd225cba4c87b90c4a963cb4,_383_1676788,train
_384_1145376.jpg,C:\projects\retina-ai-ocular-disease-classification\archive\dataset\glaucoma\_384_1145376.jpg,glaucoma/_384_1145376.jpg,glaucoma,256,256,3,ea9ae641e6ad9dcab66073fe832b7935,_384_1145376,train
_385_2935625.jpg,C:\projects\retina-ai-ocular-disease-classification\archive\dataset\glaucoma\_385_2935625.jpg,glaucoma/_385_2935625.jpg,glaucoma,256,256,3,ea8470ccb4152d47ed31c7360bc20b56,_385_2935625,train
_386_7977995.jpg,C:\projects\retina-ai-ocular-disease-classification\archive\dataset\glaucoma\_386_7977995.jpg,glaucoma/_386_7977995.jpg,glaucoma,256,256,3,06eb3705062141442c9b2dfcf874fdea,_386_7977995,train
_386_8829500.jpg,C:\projects\retina-ai-ocular-disease-classification\archive\dataset\glaucoma\_386_8829500.jpg,glaucoma/_386_8829500.jpg,glaucoma,256,256,3,692da0f31cdb48928afcf5fd43d4a5ca,_386_8829500,train
_387_8614768.jpg,C:\projects\retina-ai-ocular-disease-classification\archive\dataset\glaucoma\_387_8614768.jpg,glaucoma/_387_8614768.jpg,glaucoma,256,256,3,5942c1376524355f46cedc30a77758a3,_387_8614768,train
_389_1548771.jpg,C:\projects\retina-ai-ocular-disease-classification\archive\dataset\glaucoma\_389_1548771.jpg,glaucoma/_389_1548771.jpg,glaucoma,256,256,3,d63ac53c08fb88f642ed2f2b1f34293d,_389_1548771,train
_389_5976725.jpg,C:\projects\retina-ai-ocular-disease-classification\archive\dataset\glaucoma\_389_5976725.jpg,glaucoma/_389_5976725.jpg,glaucoma,256,256,3,7e61cbe2c094d664e99ce93983af93e8,_389_5976725,train
_38_3483571.jpg,C:\projects\retina-ai-ocular-disease-classification\archive\dataset\glaucoma\_38_3483571.jpg,glaucoma/_38_3483571.jpg,glaucoma,256,256,3,9433dccb6f9266e51858c3ab7e901588,_38_3483571,train
_390_458377.jpg,C:\projects\retina-ai-ocular-disease-classification\archive\dataset\glaucoma\_390_458377.jpg,glaucoma/_390_458377.jpg,glaucoma,256,256,3,b5d6956b43156b4daee7c3b69f54a1f0,_390_458377,train
_391_1332495.jpg,C:\projects\retina-ai-ocular-disease-classification\archive\dataset\glaucoma\_391_1332495.jpg,glaucoma/_391_1332495.jpg,glaucoma,256,256,3,6a5941b1e78114ba4a80a8c8f7c8511c,_391_1332495,train
_393_2129148.jpg,C:\projects\retina-ai-ocular-disease-classification\archive\dataset\glaucoma\_393_2129148.jpg,glaucoma/_393_2129148.jpg,glaucoma,256,256,3,220dc48c2facff59837ee5d29870b528,_393_2129148,train
_393_7224423.jpg,C:\projects\retina-ai-ocular-disease-classification\archive\dataset\glaucoma\_393_7224423.jpg,glaucoma/_393_7224423.jpg,glaucoma,256,256,3,5fa78937a43ae4c00ce6c9a571b20144,_393_7224423,train
_394_81313.jpg,C:\projects\retina-ai-ocular-disease-classification\archive\dataset\glaucoma\_394_81313.jpg,glaucoma/_394_81313.jpg,glaucoma,256,256,3,364e3e8f66ffad7c61719146e9cad19c,_394_81313,train
_396_2615481.jpg,C:\projects\retina-ai-ocular-disease-classification\archive\dataset\glaucoma\_396_2615481.jpg,glaucoma/_396_2615481.jpg,glaucoma,256,256,3,863711fb20337bfc4788a87de7d9c05a,_396_2615481,train
_397_9607497.jpg,C:\projects\retina-ai-ocular-disease-classification\archive\dataset\glaucoma\_397_9607497.jpg,glaucoma/_397_9607497.jpg,glaucoma,256,256,3,9af053f8e0d9b20b65f3773a86f73614,_397_9607497,train
_398_8823411.jpg,C:\projects\retina-ai-ocular-disease-classification\archive\dataset\glaucoma\_398_8823411.jpg,glaucoma/_398_8823411.jpg,glaucoma,256,256,3,d761315b6e7bdffaee35a9c29d159517,_398_8823411,train
_399_7128170.jpg,C:\projects\retina-ai-ocular-disease-classification\archive\dataset\glaucoma\_399_7128170.jpg,glaucoma/_399_7128170.jpg,glaucoma,256,256,3,f9082661197192c554f0fe4c9045621a,_399_7128170,train
_39_2691222.jpg,C:\projects\retina-ai-ocular-disease-classification\archive\dataset\glaucoma\_39_2691222.jpg,glaucoma/_39_2691222.jpg,glaucoma,256,256,3,02898612fc10a8a47328cc39cdd25c37,_39_2691222,train
_39_2936171.jpg,C:\projects\retina-ai-ocular-disease-classification\archive\dataset\glaucoma\_39_2936171.jpg,glaucoma/_39_2936171.jpg,glaucoma,256,256,3,6fc18c6bfb6c4942921e19b1951733bd,_39_2936171,train
_3_6499308.jpg,C:\projects\retina-ai-ocular-disease-classification\archive\dataset\glaucoma\_3_6499308.jpg,glaucoma/_3_6499308.jpg,glaucoma,256,256,3,1a516dfd7e3074a18e42f080549113d8,_3_6499308,train
_400_1780834.jpg,C:\projects\retina-ai-ocular-disease-classification\archive\dataset\glaucoma\_400_1780834.jpg,glaucoma/_400_1780834.jpg,glaucoma,256,256,3,b333cee5d7c4ebff9803da521781b627,_400_1780834,train
_401_6044320.jpg,C:\projects\retina-ai-ocular-disease-classification\archive\dataset\glaucoma\_401_6044320.jpg,glaucoma/_401_6044320.jpg,glaucoma,256,256,3,09c7a240a3091e565f6192eca4813a08,_401_6044320,train
_404_5918559.jpg,C:\projects\retina-ai-ocular-disease-classification\archive\dataset\glaucoma\_404_5918559.jpg,glaucoma/_404_5918559.jpg,glaucoma,256,256,3,0ec8cbcfa66d75a76e61332956369957,_404_5918559,train
_406_3482388.jpg,C:\projects\retina-ai-ocular-disease-classification\archive\dataset\glaucoma\_406_3482388.jpg,glaucoma/_406_3482388.jpg,glaucoma,256,256,3,9e3d47e5d8a0569583cef18a65b17193,_406_3482388,train
_40_4972458.jpg,C:\projects\retina-ai-ocular-disease-classification\archive\dataset\glaucoma\_40_4972458.jpg,glaucoma/_40_4972458.jpg,glaucoma,256,256,3,3979b84f810eccd04b2967630468e5a0,_40_4972458,train
_41_7018471.jpg,C:\projects\retina-ai-ocular-disease-classification\archive\dataset\glaucoma\_41_7018471.jpg,glaucoma/_41_7018471.jpg,glaucoma,256,256,3,74a7c245b9a7e8708397fcde9861b854,_41_7018471,train
_42_6738302.jpg,C:\projects\retina-ai-ocular-disease-classification\archive\dataset\glaucoma\_42_6738302.jpg,glaucoma/_42_6738302.jpg,glaucoma,256,256,3,2112739a491e210064705252b2a22b5b,_42_6738302,train
_43_5688154.jpg,C:\projects\retina-ai-ocular-disease-classification\archive\dataset\glaucoma\_43_5688154.jpg,glaucoma/_43_5688154.jpg,glaucoma,256,256,3,e21f8e924416fdd0b9f923c47c70de7e,_43_5688154,train
_44_8455804.jpg,C:\projects\retina-ai-ocular-disease-classification\archive\dataset\glaucoma\_44_8455804.jpg,glaucoma/_44_8455804.jpg,glaucoma,256,256,3,530e553447b140f9f3692ec68cc4ef47,_44_8455804,train
_45_3473696.jpg,C:\projects\retina-ai-ocular-disease-classification\archive\dataset\glaucoma\_45_3473696.jpg,glaucoma/_45_3473696.jpg,glaucoma,256,256,3,44b244dae6c779820649d00b018d035d,_45_3473696,train
_45_7744209.jpg,C:\projects\retina-ai-ocular-disease-classification\archive\dataset\glaucoma\_45_7744209.jpg,glaucoma/_45_7744209.jpg,glaucoma,256,256,3,50664cdf3554602eda61dabd452e6d36,_45_7744209,train
_47_6549840.jpg,C:\projects\retina-ai-ocular-disease-classification\archive\dataset\glaucoma\_47_6549840.jpg,glaucoma/_47_6549840.jpg,glaucoma,256,256,3,ea88bda3cc6bc7f37d0f5c51bc0e991d,_47_6549840,train
_49_249201.jpg,C:\projects\retina-ai-ocular-disease-classification\archive\dataset\glaucoma\_49_249201.jpg,glaucoma/_49_249201.jpg,glaucoma,256,256,3,ab085840ecc46b156c7bb53913d940a3,_49_249201,train
_4_1717111.jpg,C:\projects\retina-ai-ocular-disease-classification\archive\dataset\glaucoma\_4_1717111.jpg,glaucoma/_4_1717111.jpg,glaucoma,256,256,3,8c7b9ee775a153862b6254a185e4713c,_4_1717111,train
_4_5317326.jpg,C:\projects\retina-ai-ocular-disease-classification\archive\dataset\glaucoma\_4_5317326.jpg,glaucoma/_4_5317326.jpg,glaucoma,256,256,3,0d16c76b2ef130c9cc78217528b9c63c,_4_5317326,train
_50_8908104.jpg,C:\projects\retina-ai-ocular-disease-classification\archive\dataset\glaucoma\_50_8908104.jpg,glaucoma/_50_8908104.jpg,glaucoma,256,256,3,82e595c6df9e24e285a38e9830773e81,_50_8908104,train
_51_5395739.jpg,C:\projects\retina-ai-ocular-disease-classification\archive\dataset\glaucoma\_51_5395739.jpg,glaucoma/_51_5395739.jpg,glaucoma,256,256,3,efe965a014c7007e6c8b5b9191b47646,_51_5395739,train
_52_3379279.jpg,C:\projects\retina-ai-ocular-disease-classification\archive\dataset\glaucoma\_52_3379279.jpg,glaucoma/_52_3379279.jpg,glaucoma,256,256,3,89376e6d0c30e7c2c755e3fbe99f57fd,_52_3379279,train
_52_3659415.jpg,C:\projects\retina-ai-ocular-disease-classification\archive\dataset\glaucoma\_52_3659415.jpg,glaucoma/_52_3659415.jpg,glaucoma,256,256,3,2f7b92cec7b679a53de6c6fa73e669c8,_52_3659415,train
_54_1709440.jpg,C:\projects\retina-ai-ocular-disease-classification\archive\dataset\glaucoma\_54_1709440.jpg,glaucoma/_54_1709440.jpg,glaucoma,256,256,3,edcf45a20aa2a7e36046932dedba086e,_54_1709440,train
_54_4840369.jpg,C:\projects\retina-ai-ocular-disease-classification\archive\dataset\glaucoma\_54_4840369.jpg,glaucoma/_54_4840369.jpg,glaucoma,256,256,3,0eaedff6a8a813a570aaca710f2d5e87,_54_4840369,train
_55_1027321.jpg,C:\projects\retina-ai-ocular-disease-classification\archive\dataset\glaucoma\_55_1027321.jpg,glaucoma/_55_1027321.jpg,glaucoma,256,256,3,6d5b208304d113fc50b3a3b49dc3e661,_55_1027321,train
_56_7014018.jpg,C:\projects\retina-ai-ocular-disease-classification\archive\dataset\glaucoma\_56_7014018.jpg,glaucoma/_56_7014018.jpg,glaucoma,256,256,3,40445fdef9fb48da7e53290ce3ce7715,_56_7014018,train
_57_1814825.jpg,C:\projects\retina-ai-ocular-disease-classification\archive\dataset\glaucoma\_57_1814825.jpg,glaucoma/_57_1814825.jpg,glaucoma,256,256,3,c32915946966ab7b3d64491463543954,_57_1814825,train
_58_8721967.jpg,C:\projects\retina-ai-ocular-disease-classification\archive\dataset\glaucoma\_58_8721967.jpg,glaucoma/_58_8721967.jpg,glaucoma,256,256,3,bb8d2b036e3da11222e73abf8d84f01b,_58_8721967,train
_59_1911492.jpg,C:\projects\retina-ai-ocular-disease-classification\archive\dataset\glaucoma\_59_1911492.jpg,glaucoma/_59_1911492.jpg,glaucoma,256,256,3,ac13cebd582654d77f2c2bc8504a0fc7,_59_1911492,train
_59_9153525.jpg,C:\projects\retina-ai-ocular-disease-classification\archive\dataset\glaucoma\_59_9153525.jpg,glaucoma/_59_9153525.jpg,glaucoma,256,256,3,b679001589f800b87201ac337e729838,_59_9153525,train
_60_3287251.jpg,C:\projects\retina-ai-ocular-disease-classification\archive\dataset\glaucoma\_60_3287251.jpg,glaucoma/_60_3287251.jpg,glaucoma,256,256,3,d2dbe1b83f6cc0b308d72f2e227c2ee1,_60_3287251,train
_60_6481590.jpg,C:\projects\retina-ai-ocular-disease-classification\archive\dataset\glaucoma\_60_6481590.jpg,glaucoma/_60_6481590.jpg,glaucoma,256,256,3,0de613e0388f9744889adb4feb2b7a74,_60_6481590,train
_61_1340813.jpg,C:\projects\retina-ai-ocular-disease-classification\archive\dataset\glaucoma\_61_1340813.jpg,glaucoma/_61_1340813.jpg,glaucoma,256,256,3,a0125c74ef4db9629b1403491490877f,_61_1340813,train
_62_3878139.jpg,C:\projects\retina-ai-ocular-disease-classification\archive\dataset\glaucoma\_62_3878139.jpg,glaucoma/_62_3878139.jpg,glaucoma,256,256,3,f8b235cfb770224df50c868414a75e02,_62_3878139,train
_62_731940.jpg,C:\projects\retina-ai-ocular-disease-classification\archive\dataset\glaucoma\_62_731940.jpg,glaucoma/_62_731940.jpg,glaucoma,256,256,3,7a9ace530c4ceb8034fb8d883bb26e2f,_62_731940,train
_63_5036155.jpg,C:\projects\retina-ai-ocular-disease-classification\archive\dataset\glaucoma\_63_5036155.jpg,glaucoma/_63_5036155.jpg,glaucoma,256,256,3,005affbea8b4c6ea214b80ea739924d6,_63_5036155,train
_64_4692255.jpg,C:\projects\retina-ai-ocular-disease-classification\archive\dataset\glaucoma\_64_4692255.jpg,glaucoma/_64_4692255.jpg,glaucoma,256,256,3,c64698bf59cfe878ece6f09f3e99d5bd,_64_4692255,train
_66_8732996.jpg,C:\projects\retina-ai-ocular-disease-classification\archive\dataset\glaucoma\_66_8732996.jpg,glaucoma/_66_8732996.jpg,glaucoma,256,256,3,6092e511d5b374436de36b958c29d36c,_66_8732996,train
_67_4921455.jpg,C:\projects\retina-ai-ocular-disease-classification\archive\dataset\glaucoma\_67_4921455.jpg,glaucoma/_67_4921455.jpg,glaucoma,256,256,3,da48189abd6c5c099c268d9c11b3cbf9,_67_4921455,train
_67_5997765.jpg,C:\projects\retina-ai-ocular-disease-classification\archive\dataset\glaucoma\_67_5997765.jpg,glaucoma/_67_5997765.jpg,glaucoma,256,256,3,aceba9eb299216f00262e018794d5239,_67_5997765,train
_68_7591745.jpg,C:\projects\retina-ai-ocular-disease-classification\archive\dataset\glaucoma\_68_7591745.jpg,glaucoma/_68_7591745.jpg,glaucoma,256,256,3,7b432fd4cb37254e2cbccf7e8828ff6e,_68_7591745,train
_69_5362173.jpg,C:\projects\retina-ai-ocular-disease-classification\archive\dataset\glaucoma\_69_5362173.jpg,glaucoma/_69_5362173.jpg,glaucoma,256,256,3,6127b91dfb683dde5c4fcb06fc4c5af7,_69_5362173,train
_70_4843073.jpg,C:\projects\retina-ai-ocular-disease-classification\archive\dataset\glaucoma\_70_4843073.jpg,glaucoma/_70_4843073.jpg,glaucoma,256,256,3,ea2d2cd816eaf018fc68d847eaa9a345,_70_4843073,train
_71_5256438.jpg,C:\projects\retina-ai-ocular-disease-classification\archive\dataset\glaucoma\_71_5256438.jpg,glaucoma/_71_5256438.jpg,glaucoma,256,256,3,5197ac7fcb5976c2681b74c56905868f,_71_5256438,train
_71_9012457.jpg,C:\projects\retina-ai-ocular-disease-classification\archive\dataset\glaucoma\_71_9012457.jpg,glaucoma/_71_9012457.jpg,glaucoma,256,256,3,ae3fe3a10b4c033c70b00c5c68413d59,_71_9012457,train
_73_2704407.jpg,C:\projects\retina-ai-ocular-disease-classification\archive\dataset\glaucoma\_73_2704407.jpg,glaucoma/_73_2704407.jpg,glaucoma,256,256,3,606c4c185b6bd376761549301108ffce,_73_2704407,train
_74_2774709.jpg,C:\projects\retina-ai-ocular-disease-classification\archive\dataset\glaucoma\_74_2774709.jpg,glaucoma/_74_2774709.jpg,glaucoma,256,256,3,b94e4662874eb4ab6d2a5eaf108f6f74,_74_2774709,train
_75_5691617.jpg,C:\projects\retina-ai-ocular-disease-classification\archive\dataset\glaucoma\_75_5691617.jpg,glaucoma/_75_5691617.jpg,glaucoma,256,256,3,42427d7f58a78b492510e3fb500efb6e,_75_5691617,train
_75_820784.jpg,C:\projects\retina-ai-ocular-disease-classification\archive\dataset\glaucoma\_75_820784.jpg,glaucoma/_75_820784.jpg,glaucoma,256,256,3,2035331241abbcbd774050fb535319d0,_75_820784,train
_76_8587652.jpg,C:\projects\retina-ai-ocular-disease-classification\archive\dataset\glaucoma\_76_8587652.jpg,glaucoma/_76_8587652.jpg,glaucoma,256,256,3,f6c8177d41feafbcaf576d8aa7e4f661,_76_8587652,train
_77_3641818.jpg,C:\projects\retina-ai-ocular-disease-classification\archive\dataset\glaucoma\_77_3641818.jpg,glaucoma/_77_3641818.jpg,glaucoma,256,256,3,bb23c21fd694d934d862f1039cd7c827,_77_3641818,train
_78_1065003.jpg,C:\projects\retina-ai-ocular-disease-classification\archive\dataset\glaucoma\_78_1065003.jpg,glaucoma/_78_1065003.jpg,glaucoma,256,256,3,56951d343a23d1d27bfe4079dc5d6f28,_78_1065003,train
_79_7226209.jpg,C:\projects\retina-ai-ocular-disease-classification\archive\dataset\glaucoma\_79_7226209.jpg,glaucoma/_79_7226209.jpg,glaucoma,256,256,3,01e2bfc1dba8189572350a3098a8d0a7,_79_7226209,train
_80_1430822.jpg,C:\projects\retina-ai-ocular-disease-classification\archive\dataset\glaucoma\_80_1430822.jpg,glaucoma/_80_1430822.jpg,glaucoma,256,256,3,370a734137d0d6f6faf2a6052e629938,_80_1430822,train
_82_3719382.jpg,C:\projects\retina-ai-ocular-disease-classification\archive\dataset\glaucoma\_82_3719382.jpg,glaucoma/_82_3719382.jpg,glaucoma,256,256,3,2bf096cabc6b322fc428387ab3a6b1d9,_82_3719382,train
_83_9155730.jpg,C:\projects\retina-ai-ocular-disease-classification\archive\dataset\glaucoma\_83_9155730.jpg,glaucoma/_83_9155730.jpg,glaucoma,256,256,3,f005e41fcef028a19ec80651d22c18fc,_83_9155730,train
_86_1386374.jpg,C:\projects\retina-ai-ocular-disease-classification\archive\dataset\glaucoma\_86_1386374.jpg,glaucoma/_86_1386374.jpg,glaucoma,256,256,3,eb3e5a5122b807bb6d4c0d1999471720,_86_1386374,train
_87_9110812.jpg,C:\projects\retina-ai-ocular-disease-classification\archive\dataset\glaucoma\_87_9110812.jpg,glaucoma/_87_9110812.jpg,glaucoma,256,256,3,92d65279997728927c960acaa58a274b,_87_9110812,train
_88_3424776.jpg,C:\projects\retina-ai-ocular-disease-classification\archive\dataset\glaucoma\_88_3424776.jpg,glaucoma/_88_3424776.jpg,glaucoma,256,256,3,0ffe05ba0ec1bf31577adafe0cd6d282,_88_3424776,train
_89_751322.jpg,C:\projects\retina-ai-ocular-disease-classification\archive\dataset\glaucoma\_89_751322.jpg,glaucoma/_89_751322.jpg,glaucoma,256,256,3,ec6f94c3a61cf4f927dbc1390f583082,_89_751322,train
_8_4875579.jpg,C:\projects\retina-ai-ocular-disease-classification\archive\dataset\glaucoma\_8_4875579.jpg,glaucoma/_8_4875579.jpg,glaucoma,256,256,3,b69aa3d1011560bb3c7497512c4f14f1,_8_4875579,train
_90_4845886.jpg,C:\projects\retina-ai-ocular-disease-classification\archive\dataset\glaucoma\_90_4845886.jpg,glaucoma/_90_4845886.jpg,glaucoma,256,256,3,d4724315fe23f22b129042b5e8d8e988,_90_4845886,train
_91_4030510.jpg,C:\projects\retina-ai-ocular-disease-classification\archive\dataset\glaucoma\_91_4030510.jpg,glaucoma/_91_4030510.jpg,glaucoma,256,256,3,1feaac0eec9d0449603357e8eca31668,_91_4030510,train
_91_8145296.jpg,C:\projects\retina-ai-ocular-disease-classification\archive\dataset\glaucoma\_91_8145296.jpg,glaucoma/_91_8145296.jpg,glaucoma,256,256,3,e1f80dede58e2002256b5ebfe951027c,_91_8145296,train
_92_2709771.jpg,C:\projects\retina-ai-ocular-disease-classification\archive\dataset\glaucoma\_92_2709771.jpg,glaucoma/_92_2709771.jpg,glaucoma,256,256,3,5948bc9a00736cbc6955a30df803a71d,_92_2709771,train
_93_8742749.jpg,C:\projects\retina-ai-ocular-disease-classification\archive\dataset\glaucoma\_93_8742749.jpg,glaucoma/_93_8742749.jpg,glaucoma,256,256,3,2938111f14a834dca7ed5d323971f631,_93_8742749,train
_95_6242980.jpg,C:\projects\retina-ai-ocular-disease-classification\archive\dataset\glaucoma\_95_6242980.jpg,glaucoma/_95_6242980.jpg,glaucoma,256,256,3,267caf2a8661fe6862bdcb4d616070e3,_95_6242980,train
_96_982046.jpg,C:\projects\retina-ai-ocular-disease-classification\archive\dataset\glaucoma\_96_982046.jpg,glaucoma/_96_982046.jpg,glaucoma,256,256,3,3cbae47525ac115ba2f39f1763cb0b60,_96_982046,train
_97_139770.jpg,C:\projects\retina-ai-ocular-disease-classification\archive\dataset\glaucoma\_97_139770.jpg,glaucoma/_97_139770.jpg,glaucoma,256,256,3,b8bfe9974e537ee9ef0a243d42f31c3f,_97_139770,train
_98_4213035.jpg,C:\projects\retina-ai-ocular-disease-classification\archive\dataset\glaucoma\_98_4213035.jpg,glaucoma/_98_4213035.jpg,glaucoma,256,256,3,f55591b8f4983c0a927ad68a718e762d,_98_4213035,train
_99_5348098.jpg,C:\projects\retina-ai-ocular-disease-classification\archive\dataset\glaucoma\_99_5348098.jpg,glaucoma/_99_5348098.jpg,glaucoma,256,256,3,b6758a62444751c48ea043934088d1ec,_99_5348098,train
_99_9780664.jpg,C:\projects\retina-ai-ocular-disease-classification\archive\dataset\glaucoma\_99_9780664.jpg,glaucoma/_99_9780664.jpg,glaucoma,256,256,3,b0d8b71881a47e7355c7af73174c5649,_99_9780664,train
_9_9966988.jpg,C:\projects\retina-ai-ocular-disease-classification\archive\dataset\glaucoma\_9_9966988.jpg,glaucoma/_9_9966988.jpg,glaucoma,256,256,3,17f556588dddb8a126fb32899e2cec6c,_9_9966988,train
1216_left.jpg,C:\projects\retina-ai-ocular-disease-classification\archive\dataset\glaucoma\1216_left.jpg,glaucoma/1216_left.jpg,glaucoma,512,512,3,7d8bde77aa66d8a94e01510aeeda45c8,1216,val
1216_right.jpg,C:\projects\retina-ai-ocular-disease-classification\archive\dataset\glaucoma\1216_right.jpg,glaucoma/1216_right.jpg,glaucoma,512,512,3,feac613d6de056a2a72a239549585ea0,1216,val
1234_left.jpg,C:\projects\retina-ai-ocular-disease-classification\archive\dataset\glaucoma\1234_left.jpg,glaucoma/1234_left.jpg,glaucoma,512,512,3,1b77701e4fff8c5874976a4a3773d3e6,1234,val
1234_right.jpg,C:\projects\retina-ai-ocular-disease-classification\archive\dataset\glaucoma\1234_right.jpg,glaucoma/1234_right.jpg,glaucoma,512,512,3,b7b34d58425fd7966521a6818449b8d9,1234,val
1239_left.jpg,C:\projects\retina-ai-ocular-disease-classification\archive\dataset\glaucoma\1239_left.jpg,glaucoma/1239_left.jpg,glaucoma,512,512,3,5a92db816510d18966a0a93531fc3eb1,1239,val
1239_right.jpg,C:\projects\retina-ai-ocular-disease-classification\archive\dataset\glaucoma\1239_right.jpg,glaucoma/1239_right.jpg,glaucoma,512,512,3,bd383dc4ff79a8d4255a0d790fd8da40,1239,val
1241_left.jpg,C:\projects\retina-ai-ocular-disease-classification\archive\dataset\glaucoma\1241_left.jpg,glaucoma/1241_left.jpg,glaucoma,512,512,3,ed4c77697641d689d8aba8bbf20002ce,1241,val
1241_right.jpg,C:\projects\retina-ai-ocular-disease-classification\archive\dataset\glaucoma\1241_right.jpg,glaucoma/1241_right.jpg,glaucoma,512,512,3,36a9a00466cde9b6f5a6ab3266a90c00,1241,val
1246_left.jpg,C:\projects\retina-ai-ocular-disease-classification\archive\dataset\glaucoma\1246_left.jpg,glaucoma/1246_left.jpg,glaucoma,512,512,3,0cf0a65fe0c67ffba955fab4e28b1079,1246,val
1246_right.jpg,C:\projects\retina-ai-ocular-disease-classification\archive\dataset\glaucoma\1246_right.jpg,glaucoma/1246_right.jpg,glaucoma,512,512,3,094d164a80849f039f5e7ea42577a098,1246,val
1248_left.jpg,C:\projects\retina-ai-ocular-disease-classification\archive\dataset\glaucoma\1248_left.jpg,glaucoma/1248_left.jpg,glaucoma,512,512,3,9708a55d1a8641e1bd894be62b59fd9f,1248,val
1248_right.jpg,C:\projects\retina-ai-ocular-disease-classification\archive\dataset\glaucoma\1248_right.jpg,glaucoma/1248_right.jpg,glaucoma,512,512,3,ecb969104568efe6455e4f23d7b0f5b5,1248,val
1251_left.jpg,C:\projects\retina-ai-ocular-disease-classification\archive\dataset\glaucoma\1251_left.jpg,glaucoma/1251_left.jpg,glaucoma,512,512,3,6b5428909eb45fc9b5382bef077b8d8e,1251,val
1254_right.jpg,C:\projects\retina-ai-ocular-disease-classification\archive\dataset\glaucoma\1254_right.jpg,glaucoma/1254_right.jpg,glaucoma,512,512,3,f3b052cadb94f2a7103ad3fd79dbb448,1254,val
1302_left.jpg,C:\projects\retina-ai-ocular-disease-classification\archive\dataset\glaucoma\1302_left.jpg,glaucoma/1302_left.jpg,glaucoma,512,512,3,d04af58f203f42303b800bf9c59ad0d4,1302,val
1302_right.jpg,C:\projects\retina-ai-ocular-disease-classification\archive\dataset\glaucoma\1302_right.jpg,glaucoma/1302_right.jpg,glaucoma,512,512,3,4192f2c215b31393ab97015be143e37c,1302,val
1327_left.jpg,C:\projects\retina-ai-ocular-disease-classification\archive\dataset\glaucoma\1327_left.jpg,glaucoma/1327_left.jpg,glaucoma,512,512,3,e5417f2596658b17f96f5e4c9c169fc7,1327,val
1327_right.jpg,C:\projects\retina-ai-ocular-disease-classification\archive\dataset\glaucoma\1327_right.jpg,glaucoma/1327_right.jpg,glaucoma,512,512,3,0494fe36eae9aa97b63e55d2aec0a38c,1327,val
1365_left.jpg,C:\projects\retina-ai-ocular-disease-classification\archive\dataset\glaucoma\1365_left.jpg,glaucoma/1365_left.jpg,glaucoma,512,512,3,9689838f0b3d49dae2fac4ef42f4afd8,1365,val
1365_right.jpg,C:\projects\retina-ai-ocular-disease-classification\archive\dataset\glaucoma\1365_right.jpg,glaucoma/1365_right.jpg,glaucoma,512,512,3,d488794417c14d5d3d186265f6a1abce,1365,val
1388_right.jpg,C:\projects\retina-ai-ocular-disease-classification\archive\dataset\glaucoma\1388_right.jpg,glaucoma/1388_right.jpg,glaucoma,512,512,3,8eeddf5cf358da89bde26e255a55ad59,1388,val
1392_left.jpg,C:\projects\retina-ai-ocular-disease-classification\archive\dataset\glaucoma\1392_left.jpg,glaucoma/1392_left.jpg,glaucoma,512,512,3,f3649c422e365c4424bc61c54d03fb8a,1392,val
1392_right.jpg,C:\projects\retina-ai-ocular-disease-classification\archive\dataset\glaucoma\1392_right.jpg,glaucoma/1392_right.jpg,glaucoma,512,512,3,b9fc150551f0138ef38f6ba5b1a3dd88,1392,val
1393_right.jpg,C:\projects\retina-ai-ocular-disease-classification\archive\dataset\glaucoma\1393_right.jpg,glaucoma/1393_right.jpg,glaucoma,512,512,3,2df420b9384a442e72ade4320477218b,1393,val
1411_left.jpg,C:\projects\retina-ai-ocular-disease-classification\archive\dataset\glaucoma\1411_left.jpg,glaucoma/1411_left.jpg,glaucoma,512,512,3,bd5a5bb247633ca9492ce3c554d335c0,1411,val
1411_right.jpg,C:\projects\retina-ai-ocular-disease-classification\archive\dataset\glaucoma\1411_right.jpg,glaucoma/1411_right.jpg,glaucoma,512,512,3,533e86fe9fb47cb767d48e2f27a13f71,1411,val
1412_right.jpg,C:\projects\retina-ai-ocular-disease-classification\archive\dataset\glaucoma\1412_right.jpg,glaucoma/1412_right.jpg,glaucoma,512,512,3,5880eb75237ef425ec8cae377bb9556c,1412,val
1414_left.jpg,C:\projects\retina-ai-ocular-disease-classification\archive\dataset\glaucoma\1414_left.jpg,glaucoma/1414_left.jpg,glaucoma,512,512,3,0924ffc2ec74f672192c603913680396,1414,val
1415_right.jpg,C:\projects\retina-ai-ocular-disease-classification\archive\dataset\glaucoma\1415_right.jpg,glaucoma/1415_right.jpg,glaucoma,512,512,3,e2d70a8954bcdd55ef63989a9a5b84c3,1415,val
1417_right.jpg,C:\projects\retina-ai-ocular-disease-classification\archive\dataset\glaucoma\1417_right.jpg,glaucoma/1417_right.jpg,glaucoma,512,512,3,0dcf8be6e820518e9828fef3749a67a1,1417,val
1420_right.jpg,C:\projects\retina-ai-ocular-disease-classification\archive\dataset\glaucoma\1420_right.jpg,glaucoma/1420_right.jpg,glaucoma,512,512,3,06a21719c83754d899605a45be62c744,1420,val
1421_left.jpg,C:\projects\retina-ai-ocular-disease-classification\archive\dataset\glaucoma\1421_left.jpg,glaucoma/1421_left.jpg,glaucoma,512,512,3,eca112f0fb57806f9d77c69120e718bf,1421,val
1423_left.jpg,C:\projects\retina-ai-ocular-disease-classification\archive\dataset\glaucoma\1423_left.jpg,glaucoma/1423_left.jpg,glaucoma,512,512,3,2a65b4a8a42a6e8da53157c54aebbcb1,1423,val
1429_left.jpg,C:\projects\retina-ai-ocular-disease-classification\archive\dataset\glaucoma\1429_left.jpg,glaucoma/1429_left.jpg,glaucoma,512,512,3,9a03fad5db45f1c2944f154746dfd478,1429,val
1433_left.jpg,C:\projects\retina-ai-ocular-disease-classification\archive\dataset\glaucoma\1433_left.jpg,glaucoma/1433_left.jpg,glaucoma,512,512,3,69d5f03d78cd7ede956bcd1de7243df9,1433,val
1433_right.jpg,C:\projects\retina-ai-ocular-disease-classification\archive\dataset\glaucoma\1433_right.jpg,glaucoma/1433_right.jpg,glaucoma,512,512,3,65352581f9a5d54dae0b6de2da29ef08,1433,val
1436_left.jpg,C:\projects\retina-ai-ocular-disease-classification\archive\dataset\glaucoma\1436_left.jpg,glaucoma/1436_left.jpg,glaucoma,512,512,3,b44fe9dbe8aff821c7b3b74904e59504,1436,val
1436_right.jpg,C:\projects\retina-ai-ocular-disease-classification\archive\dataset\glaucoma\1436_right.jpg,glaucoma/1436_right.jpg,glaucoma,512,512,3,31be7e79bd88d563f6dcbdf44bb1c438,1436,val
1469_left.jpg,C:\projects\retina-ai-ocular-disease-classification\archive\dataset\glaucoma\1469_left.jpg,glaucoma/1469_left.jpg,glaucoma,512,512,3,4655fa694bbd5bb31f6441b4db3a1d19,1469,val
1469_right.jpg,C:\projects\retina-ai-ocular-disease-classification\archive\dataset\glaucoma\1469_right.jpg,glaucoma/1469_right.jpg,glaucoma,512,512,3,32a44a7d91412b07c7786c4de89284b9,1469,val
1482_left.jpg,C:\projects\retina-ai-ocular-disease-classification\archive\dataset\glaucoma\1482_left.jpg,glaucoma/1482_left.jpg,glaucoma,512,512,3,565220a03cbab5250d618170df0cc6f1,1482,val
1488_left.jpg,C:\projects\retina-ai-ocular-disease-classification\archive\dataset\glaucoma\1488_left.jpg,glaucoma/1488_left.jpg,glaucoma,512,512,3,fb924cec67b001adb153232692fdcac2,1488,val
1488_right.jpg,C:\projects\retina-ai-ocular-disease-classification\archive\dataset\glaucoma\1488_right.jpg,glaucoma/1488_right.jpg,glaucoma,512,512,3,cb350dc3b2578e75df2bda7c68f2d2ae,1488,val
1503_right.jpg,C:\projects\retina-ai-ocular-disease-classification\archive\dataset\glaucoma\1503_right.jpg,glaucoma/1503_right.jpg,glaucoma,512,512,3,9a38b818c47c784da34f7a21e25df396,1503,val
1514_left.jpg,C:\projects\retina-ai-ocular-disease-classification\archive\dataset\glaucoma\1514_left.jpg,glaucoma/1514_left.jpg,glaucoma,512,512,3,7136554224513b877c8bfe6b65c947a5,1514,val
1970_left.jpg,C:\projects\retina-ai-ocular-disease-classification\archive\dataset\glaucoma\1970_left.jpg,glaucoma/1970_left.jpg,glaucoma,512,512,3,e6740380ab70315f9184f1fbb593b2e8,1970,val
1975_left.jpg,C:\projects\retina-ai-ocular-disease-classification\archive\dataset\glaucoma\1975_left.jpg,glaucoma/1975_left.jpg,glaucoma,512,512,3,ec620f9500275626fc820c205ed24b9f,1975,val
1977_left.jpg,C:\projects\retina-ai-ocular-disease-classification\archive\dataset\glaucoma\1977_left.jpg,glaucoma/1977_left.jpg,glaucoma,512,512,3,32a369dee1cdc3e77165b0273924efa6,1977,val
1977_right.jpg,C:\projects\retina-ai-ocular-disease-classification\archive\dataset\glaucoma\1977_right.jpg,glaucoma/1977_right.jpg,glaucoma,512,512,3,db165eafad00ec913fa210ca0720001e,1977,val
365_left.jpg,C:\projects\retina-ai-ocular-disease-classification\archive\dataset\glaucoma\365_left.jpg,glaucoma/365_left.jpg,glaucoma,512,512,3,3268fbe2fc3ff9b11027bd7811465e78,365,val
365_right.jpg,C:\projects\retina-ai-ocular-disease-classification\archive\dataset\glaucoma\365_right.jpg,glaucoma/365_right.jpg,glaucoma,512,512,3,0a81f2afc44fe520a1ef3548bfd8b152,365,val
43_right.jpg,C:\projects\retina-ai-ocular-disease-classification\archive\dataset\glaucoma\43_right.jpg,glaucoma/43_right.jpg,glaucoma,512,512,3,3e57ca47346429dbd8948a85dc68d647,43,val
Glaucoma_006.png,C:\projects\retina-ai-ocular-disease-classification\archive\dataset\glaucoma\Glaucoma_006.png,glaucoma/Glaucoma_006.png,glaucoma,2592,1728,3,b030d01aaffa2134c737425fb63cae5f,Glaucoma_006,val
Glaucoma_025.png,C:\projects\retina-ai-ocular-disease-classification\archive\dataset\glaucoma\Glaucoma_025.png,glaucoma/Glaucoma_025.png,glaucoma,2464,1632,3,48fb9a2e76f2809f643c65da9680086a,Glaucoma_025,val
Glaucoma_029.png,C:\projects\retina-ai-ocular-disease-classification\archive\dataset\glaucoma\Glaucoma_029.png,glaucoma/Glaucoma_029.png,glaucoma,2592,1728,3,0d3b459429a473f27c45aa09bbabe4ba,Glaucoma_029,val
Glaucoma_032.png,C:\projects\retina-ai-ocular-disease-classification\archive\dataset\glaucoma\Glaucoma_032.png,glaucoma/Glaucoma_032.png,glaucoma,2592,1728,3,d89e729457e89686e61fb3d980d5aa74,Glaucoma_032,val
Glaucoma_047.png,C:\projects\retina-ai-ocular-disease-classification\archive\dataset\glaucoma\Glaucoma_047.png,glaucoma/Glaucoma_047.png,glaucoma,2592,1728,3,997664519e1d8bbe864c7ecbb57c6033,Glaucoma_047,val
Glaucoma_056.png,C:\projects\retina-ai-ocular-disease-classification\archive\dataset\glaucoma\Glaucoma_056.png,glaucoma/Glaucoma_056.png,glaucoma,2592,1728,3,080e7d2c6cf4038d61efbf2a3a432b00,Glaucoma_056,val
Glaucoma_078.png,C:\projects\retina-ai-ocular-disease-classification\archive\dataset\glaucoma\Glaucoma_078.png,glaucoma/Glaucoma_078.png,glaucoma,2592,1728,3,158d550507191181c0e629f7866fb8e9,Glaucoma_078,val
Glaucoma_079.png,C:\projects\retina-ai-ocular-disease-classification\archive\dataset\glaucoma\Glaucoma_079.png,glaucoma/Glaucoma_079.png,glaucoma,2592,1728,3,bc78faf132beae5efee1114a8eb6f7a7,Glaucoma_079,val
Glaucoma_086.png,C:\projects\retina-ai-ocular-disease-classification\archive\dataset\glaucoma\Glaucoma_086.png,glaucoma/Glaucoma_086.png,glaucoma,2464,1632,3,8bdf219921f5a1b6ec947351a34eb57f,Glaucoma_086,val
Glaucoma_090.png,C:\projects\retina-ai-ocular-disease-classification\archive\dataset\glaucoma\Glaucoma_090.png,glaucoma/Glaucoma_090.png,glaucoma,2592,1728,3,1530e5b49de756ebbfe3c3b2f927e3ad,Glaucoma_090,val
_100_965860.jpg,C:\projects\retina-ai-ocular-disease-classification\archive\dataset\glaucoma\_100_965860.jpg,glaucoma/_100_965860.jpg,glaucoma,256,256,3,b4a03d82dee5b46aca20b2048300066a,_100_965860,val
_106_4788402.jpg,C:\projects\retina-ai-ocular-disease-classification\archive\dataset\glaucoma\_106_4788402.jpg,glaucoma/_106_4788402.jpg,glaucoma,256,256,3,bf5e2aed9774fed8a0c2baa63cb82fd4,_106_4788402,val
_110_299285.jpg,C:\projects\retina-ai-ocular-disease-classification\archive\dataset\glaucoma\_110_299285.jpg,glaucoma/_110_299285.jpg,glaucoma,256,256,3,9c542338727885608704806c3b4d8a6d,_110_299285,val
_113_8738972.jpg,C:\projects\retina-ai-ocular-disease-classification\archive\dataset\glaucoma\_113_8738972.jpg,glaucoma/_113_8738972.jpg,glaucoma,256,256,3,699b480b43b2a8d8f625579dc89817e6,_113_8738972,val
_114_6608378.jpg,C:\projects\retina-ai-ocular-disease-classification\archive\dataset\glaucoma\_114_6608378.jpg,glaucoma/_114_6608378.jpg,glaucoma,256,256,3,c5738c0cac90550f5fc96ee1a91dde74,_114_6608378,val
_115_501708.jpg,C:\projects\retina-ai-ocular-disease-classification\archive\dataset\glaucoma\_115_501708.jpg,glaucoma/_115_501708.jpg,glaucoma,256,256,3,f869473b648ed1bf03968192fae10385,_115_501708,val
_11_7116915.jpg,C:\projects\retina-ai-ocular-disease-classification\archive\dataset\glaucoma\_11_7116915.jpg,glaucoma/_11_7116915.jpg,glaucoma,256,256,3,9ad8f73e987f5791ddc84d5ee1f1c50a,_11_7116915,val
_121_1901719.jpg,C:\projects\retina-ai-ocular-disease-classification\archive\dataset\glaucoma\_121_1901719.jpg,glaucoma/_121_1901719.jpg,glaucoma,256,256,3,6a3dcdaf748c71a4ccca87df323e2267,_121_1901719,val
_122_7081164.jpg,C:\projects\retina-ai-ocular-disease-classification\archive\dataset\glaucoma\_122_7081164.jpg,glaucoma/_122_7081164.jpg,glaucoma,256,256,3,9c245d1642725b3b8abd3432660876e1,_122_7081164,val
_126_6964713.jpg,C:\projects\retina-ai-ocular-disease-classification\archive\dataset\glaucoma\_126_6964713.jpg,glaucoma/_126_6964713.jpg,glaucoma,256,256,3,d8f5f206a662f9da0ed70a598904490b,_126_6964713,val
_12_3840622.jpg,C:\projects\retina-ai-ocular-disease-classification\archive\dataset\glaucoma\_12_3840622.jpg,glaucoma/_12_3840622.jpg,glaucoma,256,256,3,10983d3a9e331859967d5b780c5145f9,_12_3840622,val
_13_8126689.jpg,C:\projects\retina-ai-ocular-disease-classification\archive\dataset\glaucoma\_13_8126689.jpg,glaucoma/_13_8126689.jpg,glaucoma,256,256,3,cef4219ffd7a730bddedb7610289f970,_13_8126689,val
_145_2135273.jpg,C:\projects\retina-ai-ocular-disease-classification\archive\dataset\glaucoma\_145_2135273.jpg,glaucoma/_145_2135273.jpg,glaucoma,256,256,3,862d10340750b4e0c7232547419ace91,_145_2135273,val
_14_3746939.jpg,C:\projects\retina-ai-ocular-disease-classification\archive\dataset\glaucoma\_14_3746939.jpg,glaucoma/_14_3746939.jpg,glaucoma,256,256,3,0cd3f3890997d38cb9d20d1b69eacf68,_14_3746939,val
_153_9723315.jpg,C:\projects\retina-ai-ocular-disease-classification\archive\dataset\glaucoma\_153_9723315.jpg,glaucoma/_153_9723315.jpg,glaucoma,256,256,3,614995eec01eff02bc37f6e9702ac46e,_153_9723315,val
_154_6297009.jpg,C:\projects\retina-ai-ocular-disease-classification\archive\dataset\glaucoma\_154_6297009.jpg,glaucoma/_154_6297009.jpg,glaucoma,256,256,3,5e2675bec8f296db1e4c2dfa0d2a6434,_154_6297009,val
_157_6473114.jpg,C:\projects\retina-ai-ocular-disease-classification\archive\dataset\glaucoma\_157_6473114.jpg,glaucoma/_157_6473114.jpg,glaucoma,256,256,3,0f2a2e52feeab7115dfb1a05808e9e89,_157_6473114,val
_15_5946153.jpg,C:\projects\retina-ai-ocular-disease-classification\archive\dataset\glaucoma\_15_5946153.jpg,glaucoma/_15_5946153.jpg,glaucoma,256,256,3,95b2950b476d9fca772b24a82eedb8e4,_15_5946153,val
_160_6175019.jpg,C:\projects\retina-ai-ocular-disease-classification\archive\dataset\glaucoma\_160_6175019.jpg,glaucoma/_160_6175019.jpg,glaucoma,256,256,3,830cfdaf537d8d1bcfe6dd6b6a880e2b,_160_6175019,val
_167_1325871.jpg,C:\projects\retina-ai-ocular-disease-classification\archive\dataset\glaucoma\_167_1325871.jpg,glaucoma/_167_1325871.jpg,glaucoma,256,256,3,1b9b9ba4d211b9a788b4418540ef9d91,_167_1325871,val
_16_8305794.jpg,C:\projects\retina-ai-ocular-disease-classification\archive\dataset\glaucoma\_16_8305794.jpg,glaucoma/_16_8305794.jpg,glaucoma,256,256,3,0dd067088732a5ef16aea06d4e3da7a0,_16_8305794,val
_172_4383599.jpg,C:\projects\retina-ai-ocular-disease-classification\archive\dataset\glaucoma\_172_4383599.jpg,glaucoma/_172_4383599.jpg,glaucoma,256,256,3,8d8a74768ae4326af59f12c331cda439,_172_4383599,val
_183_3784240.jpg,C:\projects\retina-ai-ocular-disease-classification\archive\dataset\glaucoma\_183_3784240.jpg,glaucoma/_183_3784240.jpg,glaucoma,256,256,3,03b89a4827b3e6b4b549903c762c7849,_183_3784240,val
_188_6021497.jpg,C:\projects\retina-ai-ocular-disease-classification\archive\dataset\glaucoma\_188_6021497.jpg,glaucoma/_188_6021497.jpg,glaucoma,256,256,3,2f3c0b91ca1f34b9c1020119fd8743e0,_188_6021497,val
_192_1534346.jpg,C:\projects\retina-ai-ocular-disease-classification\archive\dataset\glaucoma\_192_1534346.jpg,glaucoma/_192_1534346.jpg,glaucoma,256,256,3,27e9a812ac7c6753c1c930ba92725af1,_192_1534346,val
_194_8950727.jpg,C:\projects\retina-ai-ocular-disease-classification\archive\dataset\glaucoma\_194_8950727.jpg,glaucoma/_194_8950727.jpg,glaucoma,256,256,3,90b954abdf35dbf03f64c159152e358a,_194_8950727,val
_198_4839828.jpg,C:\projects\retina-ai-ocular-disease-classification\archive\dataset\glaucoma\_198_4839828.jpg,glaucoma/_198_4839828.jpg,glaucoma,256,256,3,ce9fdf3883349ada060783b2a78c557d,_198_4839828,val
_205_8557164.jpg,C:\projects\retina-ai-ocular-disease-classification\archive\dataset\glaucoma\_205_8557164.jpg,glaucoma/_205_8557164.jpg,glaucoma,256,256,3,2953525270d7b26c5dd558388fe9871a,_205_8557164,val
_206_1459040.jpg,C:\projects\retina-ai-ocular-disease-classification\archive\dataset\glaucoma\_206_1459040.jpg,glaucoma/_206_1459040.jpg,glaucoma,256,256,3,f320684c1a052d82bb0968deadf1d8b5,_206_1459040,val
_207_7240075.jpg,C:\projects\retina-ai-ocular-disease-classification\archive\dataset\glaucoma\_207_7240075.jpg,glaucoma/_207_7240075.jpg,glaucoma,256,256,3,8c19edeef6f4b9849e4db8e80d0fbb55,_207_7240075,val
_208_7827214.jpg,C:\projects\retina-ai-ocular-disease-classification\archive\dataset\glaucoma\_208_7827214.jpg,glaucoma/_208_7827214.jpg,glaucoma,256,256,3,e83e2328f3df82450ec45e77fe959643,_208_7827214,val
_209_6790686.jpg,C:\projects\retina-ai-ocular-disease-classification\archive\dataset\glaucoma\_209_6790686.jpg,glaucoma/_209_6790686.jpg,glaucoma,256,256,3,8fee0f13f81b5a0b268ca3966532cf08,_209_6790686,val
_20_5240419.jpg,C:\projects\retina-ai-ocular-disease-classification\archive\dataset\glaucoma\_20_5240419.jpg,glaucoma/_20_5240419.jpg,glaucoma,256,256,3,915b36a5b7cff97a7bde356d3025bcfb,_20_5240419,val
_211_3409683.jpg,C:\projects\retina-ai-ocular-disease-classification\archive\dataset\glaucoma\_211_3409683.jpg,glaucoma/_211_3409683.jpg,glaucoma,256,256,3,fc1fa8302935cbdb318a60601724e011,_211_3409683,val
_213_4395697.jpg,C:\projects\retina-ai-ocular-disease-classification\archive\dataset\glaucoma\_213_4395697.jpg,glaucoma/_213_4395697.jpg,glaucoma,256,256,3,d10e82ef65ef3df1364a18aa65fc9160,_213_4395697,val
_219_5715309.jpg,C:\projects\retina-ai-ocular-disease-classification\archive\dataset\glaucoma\_219_5715309.jpg,glaucoma/_219_5715309.jpg,glaucoma,256,256,3,63f52e74a87ef0143f5eacd34fe7b8e5,_219_5715309,val
_21_1293428.jpg,C:\projects\retina-ai-ocular-disease-classification\archive\dataset\glaucoma\_21_1293428.jpg,glaucoma/_21_1293428.jpg,glaucoma,256,256,3,9b047a2cbe9893b5e5c3352325c75024,_21_1293428,val
_221_5014924.jpg,C:\projects\retina-ai-ocular-disease-classification\archive\dataset\glaucoma\_221_5014924.jpg,glaucoma/_221_5014924.jpg,glaucoma,256,256,3,64798c0ed0a1e96b83aa2c4ab6bc4251,_221_5014924,val
_226_4398457.jpg,C:\projects\retina-ai-ocular-disease-classification\archive\dataset\glaucoma\_226_4398457.jpg,glaucoma/_226_4398457.jpg,glaucoma,256,256,3,b31b9a62178808289dcd6efba6039a93,_226_4398457,val
_237_8364169.jpg,C:\projects\retina-ai-ocular-disease-classification\archive\dataset\glaucoma\_237_8364169.jpg,glaucoma/_237_8364169.jpg,glaucoma,256,256,3,4fcba98c43effa99fd437686193a8025,_237_8364169,val
_239_5512637.jpg,C:\projects\retina-ai-ocular-disease-classification\archive\dataset\glaucoma\_239_5512637.jpg,glaucoma/_239_5512637.jpg,glaucoma,256,256,3,07ab837c78bbcda4e6be6cbcb9f29fb4,_239_5512637,val
_242_9104523.jpg,C:\projects\retina-ai-ocular-disease-classification\archive\dataset\glaucoma\_242_9104523.jpg,glaucoma/_242_9104523.jpg,glaucoma,256,256,3,580d71a20883f1d3eeff59054a4028ad,_242_9104523,val
_244_9609209.jpg,C:\projects\retina-ai-ocular-disease-classification\archive\dataset\glaucoma\_244_9609209.jpg,glaucoma/_244_9609209.jpg,glaucoma,256,256,3,5ae8cdc7f8df591a6376506ba2735777,_244_9609209,val
_247_651494.jpg,C:\projects\retina-ai-ocular-disease-classification\archive\dataset\glaucoma\_247_651494.jpg,glaucoma/_247_651494.jpg,glaucoma,256,256,3,3b622c7ccb64ed0479f1ad68baeabc48,_247_651494,val
_254_5059705.jpg,C:\projects\retina-ai-ocular-disease-classification\archive\dataset\glaucoma\_254_5059705.jpg,glaucoma/_254_5059705.jpg,glaucoma,256,256,3,84087072f7049b7688bf22702d4cfa65,_254_5059705,val
_257_1527283.jpg,C:\projects\retina-ai-ocular-disease-classification\archive\dataset\glaucoma\_257_1527283.jpg,glaucoma/_257_1527283.jpg,glaucoma,256,256,3,d68e9b09545b3ace705d9fa6d474164a,_257_1527283,val
_257_3895456.jpg,C:\projects\retina-ai-ocular-disease-classification\archive\dataset\glaucoma\_257_3895456.jpg,glaucoma/_257_3895456.jpg,glaucoma,256,256,3,243dd8ba8bd2265bc281db1d1895a949,_257_3895456,val
_26_8418608.jpg,C:\projects\retina-ai-ocular-disease-classification\archive\dataset\glaucoma\_26_8418608.jpg,glaucoma/_26_8418608.jpg,glaucoma,256,256,3,843fe8b2b27ea2de3f81875c717ac66a,_26_8418608,val
_277_4980424.jpg,C:\projects\retina-ai-ocular-disease-classification\archive\dataset\glaucoma\_277_4980424.jpg,glaucoma/_277_4980424.jpg,glaucoma,256,256,3,0c9846002279751d764c29cdf1ab0194,_277_4980424,val
_283_6275047.jpg,C:\projects\retina-ai-ocular-disease-classification\archive\dataset\glaucoma\_283_6275047.jpg,glaucoma/_283_6275047.jpg,glaucoma,256,256,3,c81c7d8be46bf3c7bb272cbb40d528d8,_283_6275047,val
_284_1958940.jpg,C:\projects\retina-ai-ocular-disease-classification\archive\dataset\glaucoma\_284_1958940.jpg,glaucoma/_284_1958940.jpg,glaucoma,256,256,3,1a0ef71b0c08dacb040f5767cf0298b5,_284_1958940,val
_286_2346496.jpg,C:\projects\retina-ai-ocular-disease-classification\archive\dataset\glaucoma\_286_2346496.jpg,glaucoma/_286_2346496.jpg,glaucoma,256,256,3,1ed39a4eeade8917147a9cd74af899fc,_286_2346496,val
_298_2374039.jpg,C:\projects\retina-ai-ocular-disease-classification\archive\dataset\glaucoma\_298_2374039.jpg,glaucoma/_298_2374039.jpg,glaucoma,256,256,3,3c808b7b71ef63f95565fc6d5e00a504,_298_2374039,val
_300_7433746.jpg,C:\projects\retina-ai-ocular-disease-classification\archive\dataset\glaucoma\_300_7433746.jpg,glaucoma/_300_7433746.jpg,glaucoma,256,256,3,94ccdb04d06049b0298dee9891a2e720,_300_7433746,val
_306_2695664.jpg,C:\projects\retina-ai-ocular-disease-classification\archive\dataset\glaucoma\_306_2695664.jpg,glaucoma/_306_2695664.jpg,glaucoma,256,256,3,e022ebad94fcb2902863053e3b745ba3,_306_2695664,val
_308_7087674.jpg,C:\projects\retina-ai-ocular-disease-classification\archive\dataset\glaucoma\_308_7087674.jpg,glaucoma/_308_7087674.jpg,glaucoma,256,256,3,8297334d59de7cd9742c72e704a028f1,_308_7087674,val
_317_5485211.jpg,C:\projects\retina-ai-ocular-disease-classification\archive\dataset\glaucoma\_317_5485211.jpg,glaucoma/_317_5485211.jpg,glaucoma,256,256,3,1d4802e7ea962d8c078ff50e7cd963cd,_317_5485211,val
_326_7155812.jpg,C:\projects\retina-ai-ocular-disease-classification\archive\dataset\glaucoma\_326_7155812.jpg,glaucoma/_326_7155812.jpg,glaucoma,256,256,3,b1b9ce2d1a36d63366cf97456468ba37,_326_7155812,val
_334_7538158.jpg,C:\projects\retina-ai-ocular-disease-classification\archive\dataset\glaucoma\_334_7538158.jpg,glaucoma/_334_7538158.jpg,glaucoma,256,256,3,08e416e1f3de274764ca0ec574671c39,_334_7538158,val
_336_4442986.jpg,C:\projects\retina-ai-ocular-disease-classification\archive\dataset\glaucoma\_336_4442986.jpg,glaucoma/_336_4442986.jpg,glaucoma,256,256,3,06c571144dd07f18c2586a8c609aa814,_336_4442986,val
_336_783196.jpg,C:\projects\retina-ai-ocular-disease-classification\archive\dataset\glaucoma\_336_783196.jpg,glaucoma/_336_783196.jpg,glaucoma,256,256,3,be4a080665650a3f63e05cdee7fcd59d,_336_783196,val
_339_938566.jpg,C:\projects\retina-ai-ocular-disease-classification\archive\dataset\glaucoma\_339_938566.jpg,glaucoma/_339_938566.jpg,glaucoma,256,256,3,297374b3927f9b05fa1a92ff0b36aa86,_339_938566,val
_34_836194.jpg,C:\projects\retina-ai-ocular-disease-classification\archive\dataset\glaucoma\_34_836194.jpg,glaucoma/_34_836194.jpg,glaucoma,256,256,3,2c255fba55d619d932c5cf3399e72de0,_34_836194,val
_353_9347543.jpg,C:\projects\retina-ai-ocular-disease-classification\archive\dataset\glaucoma\_353_9347543.jpg,glaucoma/_353_9347543.jpg,glaucoma,256,256,3,ac53e7cfdab3ecef66f0b47a52fcc970,_353_9347543,val
_355_9019995.jpg,C:\projects\retina-ai-ocular-disease-classification\archive\dataset\glaucoma\_355_9019995.jpg,glaucoma/_355_9019995.jpg,glaucoma,256,256,3,bdb740f0ab0e71e3f372710a219b050c,_355_9019995,val
_358_8144492.jpg,C:\projects\retina-ai-ocular-disease-classification\archive\dataset\glaucoma\_358_8144492.jpg,glaucoma/_358_8144492.jpg,glaucoma,256,256,3,f324c55575788626da5385ce091b1e01,_358_8144492,val
_360_4768102.jpg,C:\projects\retina-ai-ocular-disease-classification\archive\dataset\glaucoma\_360_4768102.jpg,glaucoma/_360_4768102.jpg,glaucoma,256,256,3,9fa39636136420302dc7e834fc06e075,_360_4768102,val
_376_8893491.jpg,C:\projects\retina-ai-ocular-disease-classification\archive\dataset\glaucoma\_376_8893491.jpg,glaucoma/_376_8893491.jpg,glaucoma,256,256,3,672f19fbc1c8b54b021e100cc3d4d8fc,_376_8893491,val
_377_2444638.jpg,C:\projects\retina-ai-ocular-disease-classification\archive\dataset\glaucoma\_377_2444638.jpg,glaucoma/_377_2444638.jpg,glaucoma,256,256,3,56c795d8d1288651e0978acc1e518b3a,_377_2444638,val
_387_7675254.jpg,C:\projects\retina-ai-ocular-disease-classification\archive\dataset\glaucoma\_387_7675254.jpg,glaucoma/_387_7675254.jpg,glaucoma,256,256,3,3ea3eec6d410e4ce13b81b5834370edc,_387_7675254,val
_392_9636183.jpg,C:\projects\retina-ai-ocular-disease-classification\archive\dataset\glaucoma\_392_9636183.jpg,glaucoma/_392_9636183.jpg,glaucoma,256,256,3,8df95b9058f71f75ddc575048a93fd94,_392_9636183,val
_395_3509756.jpg,C:\projects\retina-ai-ocular-disease-classification\archive\dataset\glaucoma\_395_3509756.jpg,glaucoma/_395_3509756.jpg,glaucoma,256,256,3,42fa3068dc72607dc6c22fb028ffb73e,_395_3509756,val
_395_9075896.jpg,C:\projects\retina-ai-ocular-disease-classification\archive\dataset\glaucoma\_395_9075896.jpg,glaucoma/_395_9075896.jpg,glaucoma,256,256,3,3b3f30fd38d84967b955e5400356a99d,_395_9075896,val
_399_8219023.jpg,C:\projects\retina-ai-ocular-disease-classification\archive\dataset\glaucoma\_399_8219023.jpg,glaucoma/_399_8219023.jpg,glaucoma,256,256,3,eac7be845c5303740adae994c733a6dd,_399_8219023,val
_401_4906161.jpg,C:\projects\retina-ai-ocular-disease-classification\archive\dataset\glaucoma\_401_4906161.jpg,glaucoma/_401_4906161.jpg,glaucoma,256,256,3,e3d9ebda351c993b613cb89eb533db59,_401_4906161,val
_403_4411201.jpg,C:\projects\retina-ai-ocular-disease-classification\archive\dataset\glaucoma\_403_4411201.jpg,glaucoma/_403_4411201.jpg,glaucoma,256,256,3,59ba406b5fb8af51ce6816acda59b7da,_403_4411201,val
_43_2637980.jpg,C:\projects\retina-ai-ocular-disease-classification\archive\dataset\glaucoma\_43_2637980.jpg,glaucoma/_43_2637980.jpg,glaucoma,256,256,3,9a2855541b9b6911171375abe7a516d1,_43_2637980,val
_46_8083273.jpg,C:\projects\retina-ai-ocular-disease-classification\archive\dataset\glaucoma\_46_8083273.jpg,glaucoma/_46_8083273.jpg,glaucoma,256,256,3,78de7da8aecba9ec7a51d74642f6724e,_46_8083273,val
_47_787901.jpg,C:\projects\retina-ai-ocular-disease-classification\archive\dataset\glaucoma\_47_787901.jpg,glaucoma/_47_787901.jpg,glaucoma,256,256,3,733b2830b95823daa5ecc3e264645286,_47_787901,val
_48_3684538.jpg,C:\projects\retina-ai-ocular-disease-classification\archive\dataset\glaucoma\_48_3684538.jpg,glaucoma/_48_3684538.jpg,glaucoma,256,256,3,29de84b291f706b314b50850129b6064,_48_3684538,val
_6_2143075.jpg,C:\projects\retina-ai-ocular-disease-classification\archive\dataset\glaucoma\_6_2143075.jpg,glaucoma/_6_2143075.jpg,glaucoma,256,256,3,d5041be2cfe1dcce4e1fb798a2325b12,_6_2143075,val
_73_1527609.jpg,C:\projects\retina-ai-ocular-disease-classification\archive\dataset\glaucoma\_73_1527609.jpg,glaucoma/_73_1527609.jpg,glaucoma,256,256,3,c1b35e4395ee363d66aaefd3b7fe55c5,_73_1527609,val
_77_7357873.jpg,C:\projects\retina-ai-ocular-disease-classification\archive\dataset\glaucoma\_77_7357873.jpg,glaucoma/_77_7357873.jpg,glaucoma,256,256,3,4a81a8187b1b8ef37ac09de559ebf457,_77_7357873,val
_79_266127.jpg,C:\projects\retina-ai-ocular-disease-classification\archive\dataset\glaucoma\_79_266127.jpg,glaucoma/_79_266127.jpg,glaucoma,256,256,3,69910b5eac18754e2577a31fba605c9e,_79_266127,val
_81_2700389.jpg,C:\projects\retina-ai-ocular-disease-classification\archive\dataset\glaucoma\_81_2700389.jpg,glaucoma/_81_2700389.jpg,glaucoma,256,256,3,423928551c13f384ce8ae9e225d1110d,_81_2700389,val
_88_3707930.jpg,C:\projects\retina-ai-ocular-disease-classification\archive\dataset\glaucoma\_88_3707930.jpg,glaucoma/_88_3707930.jpg,glaucoma,256,256,3,e09b1bb6d704b0fa9978cb60fafff138,_88_3707930,val
_94_8906983.jpg,C:\projects\retina-ai-ocular-disease-classification\archive\dataset\glaucoma\_94_8906983.jpg,glaucoma/_94_8906983.jpg,glaucoma,256,256,3,059f1d52149523c14b53b48736bad102,_94_8906983,val
_97_3920460.jpg,C:\projects\retina-ai-ocular-disease-classification\archive\dataset\glaucoma\_97_3920460.jpg,glaucoma/_97_3920460.jpg,glaucoma,256,256,3,868001fd5fbf13ec07922f65a515125e,_97_3920460,val
_98_763638.jpg,C:\projects\retina-ai-ocular-disease-classification\archive\dataset\glaucoma\_98_763638.jpg,glaucoma/_98_763638.jpg,glaucoma,256,256,3,bb80127ef706f433a071905e1cf05407,_98_763638,val
2329_left.jpg,C:\projects\retina-ai-ocular-disease-classification\archive\dataset\normal\2329_left.jpg,normal/2329_left.jpg,normal,512,512,3,d1a25d58bc783fafa216955a96111d13,2329,test
2329_right.jpg,C:\projects\retina-ai-ocular-disease-classification\archive\dataset\normal\2329_right.jpg,normal/2329_right.jpg,normal,512,512,3,76efcddb392072cd493a192fa58d490b,2329,test
2382_left.jpg,C:\projects\retina-ai-ocular-disease-classification\archive\dataset\normal\2382_left.jpg,normal/2382_left.jpg,normal,512,512,3,23c763b05c9a5a8c3fea05024b5fd979,2382,test
2382_right.jpg,C:\projects\retina-ai-ocular-disease-classification\archive\dataset\normal\2382_right.jpg,normal/2382_right.jpg,normal,512,512,3,dbdb0141080ca5cbc95d6ffd664044a6,2382,test
2393_left.jpg,C:\projects\retina-ai-ocular-disease-classification\archive\dataset\normal\2393_left.jpg,normal/2393_left.jpg,normal,512,512,3,9c12dd88cfbaf38d2553419cfc1caa2b,2393,test
2393_right.jpg,C:\projects\retina-ai-ocular-disease-classification\archive\dataset\normal\2393_right.jpg,normal/2393_right.jpg,normal,512,512,3,bae04aba47c7a4a0e506adf9da944f96,2393,test
2397_left.jpg,C:\projects\retina-ai-ocular-disease-classification\archive\dataset\normal\2397_left.jpg,normal/2397_left.jpg,normal,512,512,3,bb6777fc7f1159fb66732af4f410c0ff,2397,test
2397_right.jpg,C:\projects\retina-ai-ocular-disease-classification\archive\dataset\normal\2397_right.jpg,normal/2397_right.jpg,normal,512,512,3,6fd46934f92a4b532e256f43fad79e6f,2397,test
2443_left.jpg,C:\projects\retina-ai-ocular-disease-classification\archive\dataset\normal\2443_left.jpg,normal/2443_left.jpg,normal,512,512,3,68564a92ea03df9664a28acc519822ed,2443,test
2443_right.jpg,C:\projects\retina-ai-ocular-disease-classification\archive\dataset\normal\2443_right.jpg,normal/2443_right.jpg,normal,512,512,3,f560d4ab1144d80ad9cc6b853fcd93be,2443,test
2488_left.jpg,C:\projects\retina-ai-ocular-disease-classification\archive\dataset\normal\2488_left.jpg,normal/2488_left.jpg,normal,512,512,3,dacd453732e015ca492132d25ca85ee1,2488,test
2488_right.jpg,C:\projects\retina-ai-ocular-disease-classification\archive\dataset\normal\2488_right.jpg,normal/2488_right.jpg,normal,512,512,3,2db96c46639964a9983a356bde05a104,2488,test
2493_left.jpg,C:\projects\retina-ai-ocular-disease-classification\archive\dataset\normal\2493_left.jpg,normal/2493_left.jpg,normal,512,512,3,4df6ad4bf7175745886b48a39fdcc315,2493,test
2493_right.jpg,C:\projects\retina-ai-ocular-disease-classification\archive\dataset\normal\2493_right.jpg,normal/2493_right.jpg,normal,512,512,3,099c2ab2985b8a055fbac95d8da72fd6,2493,test
2504_left.jpg,C:\projects\retina-ai-ocular-disease-classification\archive\dataset\normal\2504_left.jpg,normal/2504_left.jpg,normal,512,512,3,502d552d3b17ba018197409b027a8eed,2504,test
2510_left.jpg,C:\projects\retina-ai-ocular-disease-classification\archive\dataset\normal\2510_left.jpg,normal/2510_left.jpg,normal,512,512,3,e6e3eaa84ccfe85d33815eb1830d6311,2510,test
2510_right.jpg,C:\projects\retina-ai-ocular-disease-classification\archive\dataset\normal\2510_right.jpg,normal/2510_right.jpg,normal,512,512,3,6a67ea84212c5e371edd16e054f675b7,2510,test
2523_left.jpg,C:\projects\retina-ai-ocular-disease-classification\archive\dataset\normal\2523_left.jpg,normal/2523_left.jpg,normal,512,512,3,1c4ceaf4fe4d430c0011fb446f95b61c,2523,test
2523_right.jpg,C:\projects\retina-ai-ocular-disease-classification\archive\dataset\normal\2523_right.jpg,normal/2523_right.jpg,normal,512,512,3,8172c732788c4c9ace1bb440572964d6,2523,test
2567_left.jpg,C:\projects\retina-ai-ocular-disease-classification\archive\dataset\normal\2567_left.jpg,normal/2567_left.jpg,normal,512,512,3,c7e2a2a3dccd77951fa60a372c2eb3c1,2567,test
2567_right.jpg,C:\projects\retina-ai-ocular-disease-classification\archive\dataset\normal\2567_right.jpg,normal/2567_right.jpg,normal,512,512,3,4f7727067a12647cdb1624d2e76474a4,2567,test
2572_left.jpg,C:\projects\retina-ai-ocular-disease-classification\archive\dataset\normal\2572_left.jpg,normal/2572_left.jpg,normal,512,512,3,ba93c499b039d01f727a7a9bc8a23400,2572,test
2572_right.jpg,C:\projects\retina-ai-ocular-disease-classification\archive\dataset\normal\2572_right.jpg,normal/2572_right.jpg,normal,512,512,3,05f88d1e2ac39e902039ecbff4a0c3ff,2572,test
2574_left.jpg,C:\projects\retina-ai-ocular-disease-classification\archive\dataset\normal\2574_left.jpg,normal/2574_left.jpg,normal,512,512,3,3de324412f4de63d2cb0a55d26002336,2574,test
2574_right.jpg,C:\projects\retina-ai-ocular-disease-classification\archive\dataset\normal\2574_right.jpg,normal/2574_right.jpg,normal,512,512,3,2912d78b333d20aeba07ab21b30f9695,2574,test
2576_left.jpg,C:\projects\retina-ai-ocular-disease-classification\archive\dataset\normal\2576_left.jpg,normal/2576_left.jpg,normal,512,512,3,acf33c9fb7fd01340ba1fcca27596cfa,2576,test
2591_left.jpg,C:\projects\retina-ai-ocular-disease-classification\archive\dataset\normal\2591_left.jpg,normal/2591_left.jpg,normal,512,512,3,fb5be648acd392bb56a3039bdd8733bb,2591,test
2591_right.jpg,C:\projects\retina-ai-ocular-disease-classification\archive\dataset\normal\2591_right.jpg,normal/2591_right.jpg,normal,512,512,3,12bd2e7b35540f82e91891fba8f0bbbc,2591,test
2616_left.jpg,C:\projects\retina-ai-ocular-disease-classification\archive\dataset\normal\2616_left.jpg,normal/2616_left.jpg,normal,512,512,3,7e4c9fa6b6184dfa4bacd13dbb5bc1cf,2616,test
2616_right.jpg,C:\projects\retina-ai-ocular-disease-classification\archive\dataset\normal\2616_right.jpg,normal/2616_right.jpg,normal,512,512,3,75f17de85937a9ef8ca60e58975dc134,2616,test
2624_left.jpg,C:\projects\retina-ai-ocular-disease-classification\archive\dataset\normal\2624_left.jpg,normal/2624_left.jpg,normal,512,512,3,5163ca20e7e17713e600e71158c85468,2624,test
2624_right.jpg,C:\projects\retina-ai-ocular-disease-classification\archive\dataset\normal\2624_right.jpg,normal/2624_right.jpg,normal,512,512,3,746d51408be555b2e730291cfd3417ab,2624,test
2658_left.jpg,C:\projects\retina-ai-ocular-disease-classification\archive\dataset\normal\2658_left.jpg,normal/2658_left.jpg,normal,512,512,3,69602eeb65c925a14e7e47e082fd22ee,2658,test
2658_right.jpg,C:\projects\retina-ai-ocular-disease-classification\archive\dataset\normal\2658_right.jpg,normal/2658_right.jpg,normal,512,512,3,c633c8b8e010887aba58f485f92d0de5,2658,test
2659_left.jpg,C:\projects\retina-ai-ocular-disease-classification\archive\dataset\normal\2659_left.jpg,normal/2659_left.jpg,normal,512,512,3,f9270dd7516ac7c24874621d98e23b80,2659,test
2659_right.jpg,C:\projects\retina-ai-ocular-disease-classification\archive\dataset\normal\2659_right.jpg,normal/2659_right.jpg,normal,512,512,3,f5f68bd12532487b08fd8d077f902905,2659,test
2696_left.jpg,C:\projects\retina-ai-ocular-disease-classification\archive\dataset\normal\2696_left.jpg,normal/2696_left.jpg,normal,512,512,3,04ecf9d6f0d07e4755b6486e893cb6d7,2696,test
2696_right.jpg,C:\projects\retina-ai-ocular-disease-classification\archive\dataset\normal\2696_right.jpg,normal/2696_right.jpg,normal,512,512,3,e1beb0c8a4d2e9b9fcda34e764b71506,2696,test
2697_left.jpg,C:\projects\retina-ai-ocular-disease-classification\archive\dataset\normal\2697_left.jpg,normal/2697_left.jpg,normal,512,512,3,dbd698740f1c606d44fb3efaf3e791cb,2697,test
2697_right.jpg,C:\projects\retina-ai-ocular-disease-classification\archive\dataset\normal\2697_right.jpg,normal/2697_right.jpg,normal,512,512,3,c50fc3a0205d63f35c2b0302d69fecbc,2697,test
2702_left.jpg,C:\projects\retina-ai-ocular-disease-classification\archive\dataset\normal\2702_left.jpg,normal/2702_left.jpg,normal,512,512,3,06672f1feb03495305f988300365ffd6,2702,test
2702_right.jpg,C:\projects\retina-ai-ocular-disease-classification\archive\dataset\normal\2702_right.jpg,normal/2702_right.jpg,normal,512,512,3,89323dc77d5f827dbf678040f8d6d068,2702,test
2707_left.jpg,C:\projects\retina-ai-ocular-disease-classification\archive\dataset\normal\2707_left.jpg,normal/2707_left.jpg,normal,512,512,3,c7be3db6cf3e517fa23627cb304a8e89,2707,test
2707_right.jpg,C:\projects\retina-ai-ocular-disease-classification\archive\dataset\normal\2707_right.jpg,normal/2707_right.jpg,normal,512,512,3,b22431a43778b050001ee04441b99388,2707,test
2718_right.jpg,C:\projects\retina-ai-ocular-disease-classification\archive\dataset\normal\2718_right.jpg,normal/2718_right.jpg,normal,512,512,3,c47618ffd8cf1b38270dacb1bbe0892f,2718,test
2726_right.jpg,C:\projects\retina-ai-ocular-disease-classification\archive\dataset\normal\2726_right.jpg,normal/2726_right.jpg,normal,512,512,3,a68c7643464a51b67c0f2737af34a405,2726,test
2736_left.jpg,C:\projects\retina-ai-ocular-disease-classification\archive\dataset\normal\2736_left.jpg,normal/2736_left.jpg,normal,512,512,3,a6ff191395ab999ee212c2d0f2acb004,2736,test
2736_right.jpg,C:\projects\retina-ai-ocular-disease-classification\archive\dataset\normal\2736_right.jpg,normal/2736_right.jpg,normal,512,512,3,86bc6853a04c25850bc4179a53cdb857,2736,test
2750_left.jpg,C:\projects\retina-ai-ocular-disease-classification\archive\dataset\normal\2750_left.jpg,normal/2750_left.jpg,normal,512,512,3,b96b41aa00bdd424f85c753fccc11cba,2750,test
2750_right.jpg,C:\projects\retina-ai-ocular-disease-classification\archive\dataset\normal\2750_right.jpg,normal/2750_right.jpg,normal,512,512,3,fe4ff282f681ee9765c415c33bbbb691,2750,test
2756_right.jpg,C:\projects\retina-ai-ocular-disease-classification\archive\dataset\normal\2756_right.jpg,normal/2756_right.jpg,normal,512,512,3,ddc7eef7404526db85f8a99824400866,2756,test
2763_left.jpg,C:\projects\retina-ai-ocular-disease-classification\archive\dataset\normal\2763_left.jpg,normal/2763_left.jpg,normal,512,512,3,5d127a2e93cf4405400af32f36dddb02,2763,test
2763_right.jpg,C:\projects\retina-ai-ocular-disease-classification\archive\dataset\normal\2763_right.jpg,normal/2763_right.jpg,normal,512,512,3,00476ecde72a3903555a6ce5baf03225,2763,test
2764_left.jpg,C:\projects\retina-ai-ocular-disease-classification\archive\dataset\normal\2764_left.jpg,normal/2764_left.jpg,normal,512,512,3,f88000aa8b2fb15f79d1021eb034b1e3,2764,test
2764_right.jpg,C:\projects\retina-ai-ocular-disease-classification\archive\dataset\normal\2764_right.jpg,normal/2764_right.jpg,normal,512,512,3,be97d7ece2f33b637b71dff12a1c919d,2764,test
2790_left.jpg,C:\projects\retina-ai-ocular-disease-classification\archive\dataset\normal\2790_left.jpg,normal/2790_left.jpg,normal,512,512,3,20f14bf78b53a28dcf8b9ae37c7a963e,2790,test
2790_right.jpg,C:\projects\retina-ai-ocular-disease-classification\archive\dataset\normal\2790_right.jpg,normal/2790_right.jpg,normal,512,512,3,5ff52278133781362556ecf9726b202e,2790,test
2791_left.jpg,C:\projects\retina-ai-ocular-disease-classification\archive\dataset\normal\2791_left.jpg,normal/2791_left.jpg,normal,512,512,3,f7d9a99b4b5f1b5b7a126f2412c19e06,2791,test
2791_right.jpg,C:\projects\retina-ai-ocular-disease-classification\archive\dataset\normal\2791_right.jpg,normal/2791_right.jpg,normal,512,512,3,77be94cc20bb4150780dcea764e133db,2791,test
2806_left.jpg,C:\projects\retina-ai-ocular-disease-classification\archive\dataset\normal\2806_left.jpg,normal/2806_left.jpg,normal,512,512,3,d08ea1e8e33610067e447adcac38dd77,2806,test
2806_right.jpg,C:\projects\retina-ai-ocular-disease-classification\archive\dataset\normal\2806_right.jpg,normal/2806_right.jpg,normal,512,512,3,ef761d849e5f44a9227a91531561d8de,2806,test
2829_left.jpg,C:\projects\retina-ai-ocular-disease-classification\archive\dataset\normal\2829_left.jpg,normal/2829_left.jpg,normal,512,512,3,774c342045f8f08f0a2a46176d7d6a5e,2829,test
2829_right.jpg,C:\projects\retina-ai-ocular-disease-classification\archive\dataset\normal\2829_right.jpg,normal/2829_right.jpg,normal,512,512,3,249582e2e034ba6f03bca983db23c274,2829,test
2834_left.jpg,C:\projects\retina-ai-ocular-disease-classification\archive\dataset\normal\2834_left.jpg,normal/2834_left.jpg,normal,512,512,3,276da400c4da11f47b92b2e4d20278ec,2834,test
2834_right.jpg,C:\projects\retina-ai-ocular-disease-classification\archive\dataset\normal\2834_right.jpg,normal/2834_right.jpg,normal,512,512,3,b3c237a6ed7effbccd3ca7474d0818df,2834,test
2837_left.jpg,C:\projects\retina-ai-ocular-disease-classification\archive\dataset\normal\2837_left.jpg,normal/2837_left.jpg,normal,512,512,3,b156e72f48f03b0505f32838abe8f994,2837,test
2837_right.jpg,C:\projects\retina-ai-ocular-disease-classification\archive\dataset\normal\2837_right.jpg,normal/2837_right.jpg,normal,512,512,3,18acb37b704a9c041616c8ad24af24a1,2837,test
2883_left.jpg,C:\projects\retina-ai-ocular-disease-classification\archive\dataset\normal\2883_left.jpg,normal/2883_left.jpg,normal,512,512,3,ea27fef79ae3cd62d52005e3e002d102,2883,test
2883_right.jpg,C:\projects\retina-ai-ocular-disease-classification\archive\dataset\normal\2883_right.jpg,normal/2883_right.jpg,normal,512,512,3,f32e1fb55ef3b1c964f44d405eb7f443,2883,test
2887_left.jpg,C:\projects\retina-ai-ocular-disease-classification\archive\dataset\normal\2887_left.jpg,normal/2887_left.jpg,normal,512,512,3,9720f95e9c58f49a86d47f9e5993e08d,2887,test
2887_right.jpg,C:\projects\retina-ai-ocular-disease-classification\archive\dataset\normal\2887_right.jpg,normal/2887_right.jpg,normal,512,512,3,f10c1b5283d8108654ca25b57ba665a0,2887,test
2988_left.jpg,C:\projects\retina-ai-ocular-disease-classification\archive\dataset\normal\2988_left.jpg,normal/2988_left.jpg,normal,512,512,3,8a03dfa5bc25cfa3d192a6f5c3262f44,2988,test
2988_right.jpg,C:\projects\retina-ai-ocular-disease-classification\archive\dataset\normal\2988_right.jpg,normal/2988_right.jpg,normal,512,512,3,668feb14ac6d24848778b21097fa9723,2988,test
3007_left.jpg,C:\projects\retina-ai-ocular-disease-classification\archive\dataset\normal\3007_left.jpg,normal/3007_left.jpg,normal,512,512,3,edb1b600c69a08c92d63af75acb907e1,3007,test
3007_right.jpg,C:\projects\retina-ai-ocular-disease-classification\archive\dataset\normal\3007_right.jpg,normal/3007_right.jpg,normal,512,512,3,869e546b58e2d3c25249d34894d7890f,3007,test
3009_right.jpg,C:\projects\retina-ai-ocular-disease-classification\archive\dataset\normal\3009_right.jpg,normal/3009_right.jpg,normal,512,512,3,a638bf1ee1763d42d9b084a9eea78681,3009,test
3029_left.jpg,C:\projects\retina-ai-ocular-disease-classification\archive\dataset\normal\3029_left.jpg,normal/3029_left.jpg,normal,512,512,3,01b7ae6a57169ff743f8d1ca5796211a,3029,test
3029_right.jpg,C:\projects\retina-ai-ocular-disease-classification\archive\dataset\normal\3029_right.jpg,normal/3029_right.jpg,normal,512,512,3,94c0aee18f2f9a5c2648e35260c36621,3029,test
3037_right.jpg,C:\projects\retina-ai-ocular-disease-classification\archive\dataset\normal\3037_right.jpg,normal/3037_right.jpg,normal,512,512,3,fea4d7ee99740188bbba7f02aefdcb1d,3037,test
3038_left.jpg,C:\projects\retina-ai-ocular-disease-classification\archive\dataset\normal\3038_left.jpg,normal/3038_left.jpg,normal,512,512,3,54c3ab8257408f187b04f013f14465e5,3038,test
3038_right.jpg,C:\projects\retina-ai-ocular-disease-classification\archive\dataset\normal\3038_right.jpg,normal/3038_right.jpg,normal,512,512,3,76355673d15f480790ea63d0081957b7,3038,test
3042_left.jpg,C:\projects\retina-ai-ocular-disease-classification\archive\dataset\normal\3042_left.jpg,normal/3042_left.jpg,normal,512,512,3,70569b0f95dc5a0adc0bd7353b59162c,3042,test
3042_right.jpg,C:\projects\retina-ai-ocular-disease-classification\archive\dataset\normal\3042_right.jpg,normal/3042_right.jpg,normal,512,512,3,a18bfe4fc2d018a0ae2492be8b24b7ae,3042,test
3050_left.jpg,C:\projects\retina-ai-ocular-disease-classification\archive\dataset\normal\3050_left.jpg,normal/3050_left.jpg,normal,512,512,3,51bdb04ff4d56a31cbeff677d54d2ea6,3050,test
3050_right.jpg,C:\projects\retina-ai-ocular-disease-classification\archive\dataset\normal\3050_right.jpg,normal/3050_right.jpg,normal,512,512,3,d584ca2a3c398f3478f9d0d2017f61cc,3050,test
3054_left.jpg,C:\projects\retina-ai-ocular-disease-classification\archive\dataset\normal\3054_left.jpg,normal/3054_left.jpg,normal,512,512,3,111c3cde9b2e76abf8166f8d201eec5a,3054,test
3057_left.jpg,C:\projects\retina-ai-ocular-disease-classification\archive\dataset\normal\3057_left.jpg,normal/3057_left.jpg,normal,512,512,3,dcabd0d41cc66e5f2017da0315a46aa3,3057,test
3057_right.jpg,C:\projects\retina-ai-ocular-disease-classification\archive\dataset\normal\3057_right.jpg,normal/3057_right.jpg,normal,512,512,3,37fa2e0fea4db2c0f146c28a830611f4,3057,test
3080_left.jpg,C:\projects\retina-ai-ocular-disease-classification\archive\dataset\normal\3080_left.jpg,normal/3080_left.jpg,normal,512,512,3,cb97609d9ef133fa711182983b14d660,3080,test
3080_right.jpg,C:\projects\retina-ai-ocular-disease-classification\archive\dataset\normal\3080_right.jpg,normal/3080_right.jpg,normal,512,512,3,7acd5013a6a8be8b43ca9fb9669d4f58,3080,test
3085_left.jpg,C:\projects\retina-ai-ocular-disease-classification\archive\dataset\normal\3085_left.jpg,normal/3085_left.jpg,normal,512,512,3,91ced963e0343c61b6e1d3c6f3bb5c15,3085,test
3085_right.jpg,C:\projects\retina-ai-ocular-disease-classification\archive\dataset\normal\3085_right.jpg,normal/3085_right.jpg,normal,512,512,3,06768ced818ee2aa3810b27ebd9be05b,3085,test
3098_left.jpg,C:\projects\retina-ai-ocular-disease-classification\archive\dataset\normal\3098_left.jpg,normal/3098_left.jpg,normal,512,512,3,b8d1f160dea73e697f14ddf1daa72045,3098,test
3098_right.jpg,C:\projects\retina-ai-ocular-disease-classification\archive\dataset\normal\3098_right.jpg,normal/3098_right.jpg,normal,512,512,3,fa1186c0f5bbe057c761ae43a43ef8ec,3098,test
3100_left.jpg,C:\projects\retina-ai-ocular-disease-classification\archive\dataset\normal\3100_left.jpg,normal/3100_left.jpg,normal,512,512,3,ec42fda72991f33b10ee9ef63ecd21b8,3100,test
3100_right.jpg,C:\projects\retina-ai-ocular-disease-classification\archive\dataset\normal\3100_right.jpg,normal/3100_right.jpg,normal,512,512,3,d212d8c7ab553980f29c8bb7d36236d8,3100,test
3102_left.jpg,C:\projects\retina-ai-ocular-disease-classification\archive\dataset\normal\3102_left.jpg,normal/3102_left.jpg,normal,512,512,3,3f6738abf3f3f61061235d80fddfc6ca,3102,test
3102_right.jpg,C:\projects\retina-ai-ocular-disease-classification\archive\dataset\normal\3102_right.jpg,normal/3102_right.jpg,normal,512,512,3,13889cdf67dbc8bf65e73e64b419de4a,3102,test
3110_left.jpg,C:\projects\retina-ai-ocular-disease-classification\archive\dataset\normal\3110_left.jpg,normal/3110_left.jpg,normal,512,512,3,d727052209becb659086a63b3a5dd65b,3110,test
3110_right.jpg,C:\projects\retina-ai-ocular-disease-classification\archive\dataset\normal\3110_right.jpg,normal/3110_right.jpg,normal,512,512,3,2d31476f0f4ef1ef38d2751490eaf29a,3110,test
3119_left.jpg,C:\projects\retina-ai-ocular-disease-classification\archive\dataset\normal\3119_left.jpg,normal/3119_left.jpg,normal,512,512,3,69f0d139edebc989be18c92bcffcf5d2,3119,test
3124_left.jpg,C:\projects\retina-ai-ocular-disease-classification\archive\dataset\normal\3124_left.jpg,normal/3124_left.jpg,normal,512,512,3,4126a6a5a082ad5cc6de578b4942a18c,3124,test
3124_right.jpg,C:\projects\retina-ai-ocular-disease-classification\archive\dataset\normal\3124_right.jpg,normal/3124_right.jpg,normal,512,512,3,12b02d60e157b4c55da8121baed92520,3124,test
3139_left.jpg,C:\projects\retina-ai-ocular-disease-classification\archive\dataset\normal\3139_left.jpg,normal/3139_left.jpg,normal,512,512,3,fda0474a059f8411d5e87e0e353ef5f9,3139,test
3139_right.jpg,C:\projects\retina-ai-ocular-disease-classification\archive\dataset\normal\3139_right.jpg,normal/3139_right.jpg,normal,512,512,3,e707b4b9f4d8c15cc25eecc1bef01628,3139,test
3150_left.jpg,C:\projects\retina-ai-ocular-disease-classification\archive\dataset\normal\3150_left.jpg,normal/3150_left.jpg,normal,512,512,3,484ab38f8b1aa0dc466378c384b09dbc,3150,test
3155_left.jpg,C:\projects\retina-ai-ocular-disease-classification\archive\dataset\normal\3155_left.jpg,normal/3155_left.jpg,normal,512,512,3,b601559f3c947f2f789044834f84a274,3155,test
3155_right.jpg,C:\projects\retina-ai-ocular-disease-classification\archive\dataset\normal\3155_right.jpg,normal/3155_right.jpg,normal,512,512,3,e2b7e97ca85b7297b3c0dd3fd43b5fa6,3155,test
3196_left.jpg,C:\projects\retina-ai-ocular-disease-classification\archive\dataset\normal\3196_left.jpg,normal/3196_left.jpg,normal,512,512,3,bf55b155594ae8567d926323c67048be,3196,test
3196_right.jpg,C:\projects\retina-ai-ocular-disease-classification\archive\dataset\normal\3196_right.jpg,normal/3196_right.jpg,normal,512,512,3,b4595a882b313d0ab44de6fd63bce2d3,3196,test
3202_left.jpg,C:\projects\retina-ai-ocular-disease-classification\archive\dataset\normal\3202_left.jpg,normal/3202_left.jpg,normal,512,512,3,c18b715b054b4abe76b028bddf874ca1,3202,test
3202_right.jpg,C:\projects\retina-ai-ocular-disease-classification\archive\dataset\normal\3202_right.jpg,normal/3202_right.jpg,normal,512,512,3,a7bf3f05c601675f6cd21f87b8985415,3202,test
3203_left.jpg,C:\projects\retina-ai-ocular-disease-classification\archive\dataset\normal\3203_left.jpg,normal/3203_left.jpg,normal,512,512,3,afc50f7dd24bf8cfe180e2e9ea614496,3203,test
3203_right.jpg,C:\projects\retina-ai-ocular-disease-classification\archive\dataset\normal\3203_right.jpg,normal/3203_right.jpg,normal,512,512,3,f05d36dc60bcde1b438e52cf454a18ee,3203,test
3215_right.jpg,C:\projects\retina-ai-ocular-disease-classification\archive\dataset\normal\3215_right.jpg,normal/3215_right.jpg,normal,512,512,3,d8f40902c92ef4ba62befb9e57580128,3215,test
3232_left.jpg,C:\projects\retina-ai-ocular-disease-classification\archive\dataset\normal\3232_left.jpg,normal/3232_left.jpg,normal,512,512,3,ab6dcebfb361ba32ca884b6561b2b069,3232,test
3232_right.jpg,C:\projects\retina-ai-ocular-disease-classification\archive\dataset\normal\3232_right.jpg,normal/3232_right.jpg,normal,512,512,3,fbc827697f5dd2c5e76b7ef6637026c3,3232,test
3237_right.jpg,C:\projects\retina-ai-ocular-disease-classification\archive\dataset\normal\3237_right.jpg,normal/3237_right.jpg,normal,512,512,3,a37a3c3c3324c03903a6c090e25d70e6,3237,test
3243_left.jpg,C:\projects\retina-ai-ocular-disease-classification\archive\dataset\normal\3243_left.jpg,normal/3243_left.jpg,normal,512,512,3,8d727267583faa375445782728f720d1,3243,test
3243_right.jpg,C:\projects\retina-ai-ocular-disease-classification\archive\dataset\normal\3243_right.jpg,normal/3243_right.jpg,normal,512,512,3,dc8d3e790de743fc50ae8aed27eda0f6,3243,test
3248_left.jpg,C:\projects\retina-ai-ocular-disease-classification\archive\dataset\normal\3248_left.jpg,normal/3248_left.jpg,normal,512,512,3,acb58ab782c5890647a8dc0d60e00c9c,3248,test
3248_right.jpg,C:\projects\retina-ai-ocular-disease-classification\archive\dataset\normal\3248_right.jpg,normal/3248_right.jpg,normal,512,512,3,0e02872c6a96916395e36d529b6c5b96,3248,test
3252_left.jpg,C:\projects\retina-ai-ocular-disease-classification\archive\dataset\normal\3252_left.jpg,normal/3252_left.jpg,normal,512,512,3,c3e48517cc1ce3fcfe60158ab735cb14,3252,test
3252_right.jpg,C:\projects\retina-ai-ocular-disease-classification\archive\dataset\normal\3252_right.jpg,normal/3252_right.jpg,normal,512,512,3,1337b84849378d0a88e7538edf227159,3252,test
3253_right.jpg,C:\projects\retina-ai-ocular-disease-classification\archive\dataset\normal\3253_right.jpg,normal/3253_right.jpg,normal,512,512,3,23c5aecb404ec0df66e540aec4248000,3253,test
3274_left.jpg,C:\projects\retina-ai-ocular-disease-classification\archive\dataset\normal\3274_left.jpg,normal/3274_left.jpg,normal,512,512,3,f859653ffd89cc5d1359042cf65b1050,3274,test
3304_left.jpg,C:\projects\retina-ai-ocular-disease-classification\archive\dataset\normal\3304_left.jpg,normal/3304_left.jpg,normal,512,512,3,beacb96be6cb84a7b2dc6d0f238ee0e0,3304,test
3304_right.jpg,C:\projects\retina-ai-ocular-disease-classification\archive\dataset\normal\3304_right.jpg,normal/3304_right.jpg,normal,512,512,3,6801b1aba6a0239e05257b879c175d24,3304,test
3305_left.jpg,C:\projects\retina-ai-ocular-disease-classification\archive\dataset\normal\3305_left.jpg,normal/3305_left.jpg,normal,512,512,3,05b803c77e4468d839565211a33b85bc,3305,test
3305_right.jpg,C:\projects\retina-ai-ocular-disease-classification\archive\dataset\normal\3305_right.jpg,normal/3305_right.jpg,normal,512,512,3,35fb07ad63cd803a7507263d53d09b76,3305,test
3311_right.jpg,C:\projects\retina-ai-ocular-disease-classification\archive\dataset\normal\3311_right.jpg,normal/3311_right.jpg,normal,512,512,3,602a62742dd6f025cd42f8fd6554b6d7,3311,test
3318_left.jpg,C:\projects\retina-ai-ocular-disease-classification\archive\dataset\normal\3318_left.jpg,normal/3318_left.jpg,normal,512,512,3,855a8b85a6a63078a891f3d1827167b8,3318,test
3332_right.jpg,C:\projects\retina-ai-ocular-disease-classification\archive\dataset\normal\3332_right.jpg,normal/3332_right.jpg,normal,512,512,3,be62f67e3ba476a9e6b0404d37ba234d,3332,test
3342_left.jpg,C:\projects\retina-ai-ocular-disease-classification\archive\dataset\normal\3342_left.jpg,normal/3342_left.jpg,normal,512,512,3,12fe624e480f8e90de346b9a5ad1c264,3342,test
3356_left.jpg,C:\projects\retina-ai-ocular-disease-classification\archive\dataset\normal\3356_left.jpg,normal/3356_left.jpg,normal,512,512,3,45b87bfa48c2bdfc46c9f0688b71ff0a,3356,test
3358_left.jpg,C:\projects\retina-ai-ocular-disease-classification\archive\dataset\normal\3358_left.jpg,normal/3358_left.jpg,normal,512,512,3,536f73dd583c813ff92e3521001834aa,3358,test
3358_right.jpg,C:\projects\retina-ai-ocular-disease-classification\archive\dataset\normal\3358_right.jpg,normal/3358_right.jpg,normal,512,512,3,5f5f268be549d34830f46465efef583b,3358,test
3362_left.jpg,C:\projects\retina-ai-ocular-disease-classification\archive\dataset\normal\3362_left.jpg,normal/3362_left.jpg,normal,512,512,3,60fefef44fe6c821e3d5842ccba5744c,3362,test
3364_right.jpg,C:\projects\retina-ai-ocular-disease-classification\archive\dataset\normal\3364_right.jpg,normal/3364_right.jpg,normal,512,512,3,e7a5d3b9fc3c893e46c22474e8b5cf9a,3364,test
3381_left.jpg,C:\projects\retina-ai-ocular-disease-classification\archive\dataset\normal\3381_left.jpg,normal/3381_left.jpg,normal,512,512,3,aebb3ac1cc36e17ed7cedc2fd24e5781,3381,test
3382_left.jpg,C:\projects\retina-ai-ocular-disease-classification\archive\dataset\normal\3382_left.jpg,normal/3382_left.jpg,normal,512,512,3,376e91a74bbde9bf95ae816b39d47a9c,3382,test
3383_right.jpg,C:\projects\retina-ai-ocular-disease-classification\archive\dataset\normal\3383_right.jpg,normal/3383_right.jpg,normal,512,512,3,93a9f41e290bb90b323a3d542ea31761,3383,test
3399_left.jpg,C:\projects\retina-ai-ocular-disease-classification\archive\dataset\normal\3399_left.jpg,normal/3399_left.jpg,normal,512,512,3,dbfeab5769018e28173816d17bb94fb1,3399,test
3399_right.jpg,C:\projects\retina-ai-ocular-disease-classification\archive\dataset\normal\3399_right.jpg,normal/3399_right.jpg,normal,512,512,3,c155d08fcbd7225a2f8cc6d621f04166,3399,test
3410_left.jpg,C:\projects\retina-ai-ocular-disease-classification\archive\dataset\normal\3410_left.jpg,normal/3410_left.jpg,normal,512,512,3,1a98b26462c353305704d376e5cb7822,3410,test
3418_left.jpg,C:\projects\retina-ai-ocular-disease-classification\archive\dataset\normal\3418_left.jpg,normal/3418_left.jpg,normal,512,512,3,4be54c1906a12d8eb26e31deaaa7f9e1,3418,test
3419_right.jpg,C:\projects\retina-ai-ocular-disease-classification\archive\dataset\normal\3419_right.jpg,normal/3419_right.jpg,normal,512,512,3,c2e9eec5839a96f620ef01cb6942131b,3419,test
3424_left.jpg,C:\projects\retina-ai-ocular-disease-classification\archive\dataset\normal\3424_left.jpg,normal/3424_left.jpg,normal,512,512,3,95c329af4ef983a676623ebc4bbdd604,3424,test
3424_right.jpg,C:\projects\retina-ai-ocular-disease-classification\archive\dataset\normal\3424_right.jpg,normal/3424_right.jpg,normal,512,512,3,f1139444a785a03019409ed93ec8f2ea,3424,test
951_left.jpg,C:\projects\retina-ai-ocular-disease-classification\archive\dataset\normal\951_left.jpg,normal/951_left.jpg,normal,512,512,3,2431f498e62d2e896e87d5ccbd079dde,951,test
951_right.jpg,C:\projects\retina-ai-ocular-disease-classification\archive\dataset\normal\951_right.jpg,normal/951_right.jpg,normal,512,512,3,dcfed1ac4ef15d1a16f916f5ea2cea7d,951,test
1034_left.jpg,C:\projects\retina-ai-ocular-disease-classification\archive\dataset\normal\1034_left.jpg,normal/1034_left.jpg,normal,512,512,3,9ed5833c3a7730aa730aa81e427061d8,1034,train
1034_right.jpg,C:\projects\retina-ai-ocular-disease-classification\archive\dataset\normal\1034_right.jpg,normal/1034_right.jpg,normal,512,512,3,5d66824a3da31a6dcb523a18ee7a9647,1034,train
1060_left.jpg,C:\projects\retina-ai-ocular-disease-classification\archive\dataset\normal\1060_left.jpg,normal/1060_left.jpg,normal,512,512,3,eac1ef96d93fbeb13f6b38c262db5391,1060,train
1060_right.jpg,C:\projects\retina-ai-ocular-disease-classification\archive\dataset\normal\1060_right.jpg,normal/1060_right.jpg,normal,512,512,3,eba6f1758a8bc41714d5ec50a1178a9c,1060,train
1253_left.jpg,C:\projects\retina-ai-ocular-disease-classification\archive\dataset\normal\1253_left.jpg,normal/1253_left.jpg,normal,512,512,3,1c181cedc7591853276decd7e04f5f81,1253,train
1253_right.jpg,C:\projects\retina-ai-ocular-disease-classification\archive\dataset\normal\1253_right.jpg,normal/1253_right.jpg,normal,512,512,3,1e2290d9603a4129704ee1a8151f66f4,1253,train
2331_left.jpg,C:\projects\retina-ai-ocular-disease-classification\archive\dataset\normal\2331_left.jpg,normal/2331_left.jpg,normal,512,512,3,06c6cb80b09623c162a133ffaf48a412,2331,train
2331_right.jpg,C:\projects\retina-ai-ocular-disease-classification\archive\dataset\normal\2331_right.jpg,normal/2331_right.jpg,normal,512,512,3,b2c21e4d635675fa9446ab60f6496438,2331,train
2332_left.jpg,C:\projects\retina-ai-ocular-disease-classification\archive\dataset\normal\2332_left.jpg,normal/2332_left.jpg,normal,512,512,3,8026290395e70a27dd14bce9e3decab2,2332,train
2332_right.jpg,C:\projects\retina-ai-ocular-disease-classification\archive\dataset\normal\2332_right.jpg,normal/2332_right.jpg,normal,512,512,3,94df4bbeb9488bd411a930c0a1679259,2332,train
2334_left.jpg,C:\projects\retina-ai-ocular-disease-classification\archive\dataset\normal\2334_left.jpg,normal/2334_left.jpg,normal,512,512,3,9f3b50b2f50d76f5545ff8cf4f86714c,2334,train
2335_left.jpg,C:\projects\retina-ai-ocular-disease-classification\archive\dataset\normal\2335_left.jpg,normal/2335_left.jpg,normal,512,512,3,9bfb691074d3cb592b7b17bbb42fb9ab,2335,train
2335_right.jpg,C:\projects\retina-ai-ocular-disease-classification\archive\dataset\normal\2335_right.jpg,normal/2335_right.jpg,normal,512,512,3,b0e425ec7876d7b0c2bf27b327461790,2335,train
2341_left.jpg,C:\projects\retina-ai-ocular-disease-classification\archive\dataset\normal\2341_left.jpg,normal/2341_left.jpg,normal,512,512,3,0cff76a544cb756116a659c00d81e624,2341,train
2341_right.jpg,C:\projects\retina-ai-ocular-disease-classification\archive\dataset\normal\2341_right.jpg,normal/2341_right.jpg,normal,512,512,3,47cc0e7ece139d41a0968d339b6a03ef,2341,train
2345_left.jpg,C:\projects\retina-ai-ocular-disease-classification\archive\dataset\normal\2345_left.jpg,normal/2345_left.jpg,normal,512,512,3,765da5f7a050e1cf45583aefd9d0ce56,2345,train
2345_right.jpg,C:\projects\retina-ai-ocular-disease-classification\archive\dataset\normal\2345_right.jpg,normal/2345_right.jpg,normal,512,512,3,c7c36d0f27b9e9a0edafd2f19b4c7388,2345,train
2351_left.jpg,C:\projects\retina-ai-ocular-disease-classification\archive\dataset\normal\2351_left.jpg,normal/2351_left.jpg,normal,512,512,3,19faf67145fc0b0a62395373c23d41db,2351,train
2351_right.jpg,C:\projects\retina-ai-ocular-disease-classification\archive\dataset\normal\2351_right.jpg,normal/2351_right.jpg,normal,512,512,3,ee780f6438e857194a50124ea788922c,2351,train
2353_left.jpg,C:\projects\retina-ai-ocular-disease-classification\archive\dataset\normal\2353_left.jpg,normal/2353_left.jpg,normal,512,512,3,14745a729d4017358df3c23984b7a900,2353,train
2353_right.jpg,C:\projects\retina-ai-ocular-disease-classification\archive\dataset\normal\2353_right.jpg,normal/2353_right.jpg,normal,512,512,3,75eaa5fa702cc8e70c8a0831e634cbd5,2353,train
2354_left.jpg,C:\projects\retina-ai-ocular-disease-classification\archive\dataset\normal\2354_left.jpg,normal/2354_left.jpg,normal,512,512,3,cd2fbad34ad722443511fa5d2aaad7df,2354,train
2354_right.jpg,C:\projects\retina-ai-ocular-disease-classification\archive\dataset\normal\2354_right.jpg,normal/2354_right.jpg,normal,512,512,3,2a76e4581346caf6aa0a01fc9486cfa1,2354,train
2356_left.jpg,C:\projects\retina-ai-ocular-disease-classification\archive\dataset\normal\2356_left.jpg,normal/2356_left.jpg,normal,512,512,3,1435370e9abf2c1e4ae45948d5d45f70,2356,train
2356_right.jpg,C:\projects\retina-ai-ocular-disease-classification\archive\dataset\normal\2356_right.jpg,normal/2356_right.jpg,normal,512,512,3,689b82e68c014757f4f7cda1059e3954,2356,train
2359_right.jpg,C:\projects\retina-ai-ocular-disease-classification\archive\dataset\normal\2359_right.jpg,normal/2359_right.jpg,normal,512,512,3,b3fee907e476303c66a3394cadb91776,2359,train
2362_left.jpg,C:\projects\retina-ai-ocular-disease-classification\archive\dataset\normal\2362_left.jpg,normal/2362_left.jpg,normal,512,512,3,d155c2b95ae7ca4c660a014662cfed81,2362,train
2362_right.jpg,C:\projects\retina-ai-ocular-disease-classification\archive\dataset\normal\2362_right.jpg,normal/2362_right.jpg,normal,512,512,3,6a2c7389b4afc056051e79109ffb9d58,2362,train
2363_left.jpg,C:\projects\retina-ai-ocular-disease-classification\archive\dataset\normal\2363_left.jpg,normal/2363_left.jpg,normal,512,512,3,2d463c881036f90da0e498ac4d6e572e,2363,train
2363_right.jpg,C:\projects\retina-ai-ocular-disease-classification\archive\dataset\normal\2363_right.jpg,normal/2363_right.jpg,normal,512,512,3,0ebec3566f6d176c59bf85af0bdf9349,2363,train
2365_left.jpg,C:\projects\retina-ai-ocular-disease-classification\archive\dataset\normal\2365_left.jpg,normal/2365_left.jpg,normal,512,512,3,49dbc6da72b89d1a36dff28e2e4d5baa,2365,train
2365_right.jpg,C:\projects\retina-ai-ocular-disease-classification\archive\dataset\normal\2365_right.jpg,normal/2365_right.jpg,normal,512,512,3,b2cbed940459c3e748953c3f3c1f0e1c,2365,train
2366_left.jpg,C:\projects\retina-ai-ocular-disease-classification\archive\dataset\normal\2366_left.jpg,normal/2366_left.jpg,normal,512,512,3,1faeb9b7170690eaa97c1837c22e40f1,2366,train
2366_right.jpg,C:\projects\retina-ai-ocular-disease-classification\archive\dataset\normal\2366_right.jpg,normal/2366_right.jpg,normal,512,512,3,c5e3083f81cb91d570a524d57fa076fe,2366,train
2367_left.jpg,C:\projects\retina-ai-ocular-disease-classification\archive\dataset\normal\2367_left.jpg,normal/2367_left.jpg,normal,512,512,3,aeef5c6ec4a48bfddcc184a9e8cc9349,2367,train
2367_right.jpg,C:\projects\retina-ai-ocular-disease-classification\archive\dataset\normal\2367_right.jpg,normal/2367_right.jpg,normal,512,512,3,ea6f8c56294cce09475cb7d22d718085,2367,train
2377_left.jpg,C:\projects\retina-ai-ocular-disease-classification\archive\dataset\normal\2377_left.jpg,normal/2377_left.jpg,normal,512,512,3,b4718524abd4541fc9072b847067aec5,2377,train
2378_left.jpg,C:\projects\retina-ai-ocular-disease-classification\archive\dataset\normal\2378_left.jpg,normal/2378_left.jpg,normal,512,512,3,8647829c040faf49f3a31ad8622206d6,2378,train
2378_right.jpg,C:\projects\retina-ai-ocular-disease-classification\archive\dataset\normal\2378_right.jpg,normal/2378_right.jpg,normal,512,512,3,2a2759f3b004da0af43491c292235a55,2378,train
2380_left.jpg,C:\projects\retina-ai-ocular-disease-classification\archive\dataset\normal\2380_left.jpg,normal/2380_left.jpg,normal,512,512,3,169cdd0be2817ff827b85c2ad7bcf932,2380,train
2380_right.jpg,C:\projects\retina-ai-ocular-disease-classification\archive\dataset\normal\2380_right.jpg,normal/2380_right.jpg,normal,512,512,3,901d93d0f287682fe90cea91804bd7cd,2380,train
2383_left.jpg,C:\projects\retina-ai-ocular-disease-classification\archive\dataset\normal\2383_left.jpg,normal/2383_left.jpg,normal,512,512,3,a3309235198bf3e38ce9d87291a34a3d,2383,train
2383_right.jpg,C:\projects\retina-ai-ocular-disease-classification\archive\dataset\normal\2383_right.jpg,normal/2383_right.jpg,normal,512,512,3,b1d43118ad5b3d51edb44af18305985e,2383,train
2384_left.jpg,C:\projects\retina-ai-ocular-disease-classification\archive\dataset\normal\2384_left.jpg,normal/2384_left.jpg,normal,512,512,3,3c4d445e16f4fca578657c8d9767d481,2384,train
2384_right.jpg,C:\projects\retina-ai-ocular-disease-classification\archive\dataset\normal\2384_right.jpg,normal/2384_right.jpg,normal,512,512,3,9952e95682e8b3328edf93ef387f93e9,2384,train
2388_left.jpg,C:\projects\retina-ai-ocular-disease-classification\archive\dataset\normal\2388_left.jpg,normal/2388_left.jpg,normal,512,512,3,6b2aeb0fdfd82f946ec962b36cb35ec7,2388,train
2388_right.jpg,C:\projects\retina-ai-ocular-disease-classification\archive\dataset\normal\2388_right.jpg,normal/2388_right.jpg,normal,512,512,3,298bfde8f4bd1b94b87998368f73f8fb,2388,train
2389_left.jpg,C:\projects\retina-ai-ocular-disease-classification\archive\dataset\normal\2389_left.jpg,normal/2389_left.jpg,normal,512,512,3,d190279e79a63d72fdc8b5853667dc01,2389,train
2389_right.jpg,C:\projects\retina-ai-ocular-disease-classification\archive\dataset\normal\2389_right.jpg,normal/2389_right.jpg,normal,512,512,3,a018f2f1ca0e4aa2f0356cae0c086c93,2389,train
2395_left.jpg,C:\projects\retina-ai-ocular-disease-classification\archive\dataset\normal\2395_left.jpg,normal/2395_left.jpg,normal,512,512,3,8099c44cd50de4837f59bea83053ad6c,2395,train
2395_right.jpg,C:\projects\retina-ai-ocular-disease-classification\archive\dataset\normal\2395_right.jpg,normal/2395_right.jpg,normal,512,512,3,b2c355ca5fcacc7f4c4a743596105698,2395,train
2396_left.jpg,C:\projects\retina-ai-ocular-disease-classification\archive\dataset\normal\2396_left.jpg,normal/2396_left.jpg,normal,512,512,3,14870c56e46a5c14edbc4e7df4a51439,2396,train
2396_right.jpg,C:\projects\retina-ai-ocular-disease-classification\archive\dataset\normal\2396_right.jpg,normal/2396_right.jpg,normal,512,512,3,a3b49229f90eaceb74a3ce14a3c2de16,2396,train
2399_left.jpg,C:\projects\retina-ai-ocular-disease-classification\archive\dataset\normal\2399_left.jpg,normal/2399_left.jpg,normal,512,512,3,2f9f989ddd19851e7d212f32caa9cf50,2399,train
2399_right.jpg,C:\projects\retina-ai-ocular-disease-classification\archive\dataset\normal\2399_right.jpg,normal/2399_right.jpg,normal,512,512,3,49ea6357ae33481245e9effb08e7197b,2399,train
2400_right.jpg,C:\projects\retina-ai-ocular-disease-classification\archive\dataset\normal\2400_right.jpg,normal/2400_right.jpg,normal,512,512,3,ce5c983c46ce4461fb8ba208cec64fc5,2400,train
2403_left.jpg,C:\projects\retina-ai-ocular-disease-classification\archive\dataset\normal\2403_left.jpg,normal/2403_left.jpg,normal,512,512,3,5a820237d22c4f5ede564b39a878bc09,2403,train
2403_right.jpg,C:\projects\retina-ai-ocular-disease-classification\archive\dataset\normal\2403_right.jpg,normal/2403_right.jpg,normal,512,512,3,28517594f7246aef5ea0a40001193650,2403,train
2408_left.jpg,C:\projects\retina-ai-ocular-disease-classification\archive\dataset\normal\2408_left.jpg,normal/2408_left.jpg,normal,512,512,3,81947dc662492dace4de092c39be9885,2408,train
2410_left.jpg,C:\projects\retina-ai-ocular-disease-classification\archive\dataset\normal\2410_left.jpg,normal/2410_left.jpg,normal,512,512,3,af4f8cfe9ac102358e42c9d93b3a3bd8,2410,train
2410_right.jpg,C:\projects\retina-ai-ocular-disease-classification\archive\dataset\normal\2410_right.jpg,normal/2410_right.jpg,normal,512,512,3,3ccf23a745d4652eb1eff9116bfabfec,2410,train
2415_left.jpg,C:\projects\retina-ai-ocular-disease-classification\archive\dataset\normal\2415_left.jpg,normal/2415_left.jpg,normal,512,512,3,adee8c734007e006d29d9928bb5d7e96,2415,train
2418_left.jpg,C:\projects\retina-ai-ocular-disease-classification\archive\dataset\normal\2418_left.jpg,normal/2418_left.jpg,normal,512,512,3,a5fe85163ff48d3a296dfb7821c06280,2418,train
2418_right.jpg,C:\projects\retina-ai-ocular-disease-classification\archive\dataset\normal\2418_right.jpg,normal/2418_right.jpg,normal,512,512,3,8e18c754abdb8225b07a65820607efe7,2418,train
2419_left.jpg,C:\projects\retina-ai-ocular-disease-classification\archive\dataset\normal\2419_left.jpg,normal/2419_left.jpg,normal,512,512,3,a5e317e0f42935b27eb4b99ca235053d,2419,train
2419_right.jpg,C:\projects\retina-ai-ocular-disease-classification\archive\dataset\normal\2419_right.jpg,normal/2419_right.jpg,normal,512,512,3,c7a7167cbbc28196f0c22c5addae82b6,2419,train
2421_left.jpg,C:\projects\retina-ai-ocular-disease-classification\archive\dataset\normal\2421_left.jpg,normal/2421_left.jpg,normal,512,512,3,854679586cef30a4a0e831232d24551a,2421,train
2421_right.jpg,C:\projects\retina-ai-ocular-disease-classification\archive\dataset\normal\2421_right.jpg,normal/2421_right.jpg,normal,512,512,3,174bd0835b9bb9668acbb3fea4050e32,2421,train
2422_left.jpg,C:\projects\retina-ai-ocular-disease-classification\archive\dataset\normal\2422_left.jpg,normal/2422_left.jpg,normal,512,512,3,41146adf2f8f5fdda5516baeede3a29c,2422,train
2422_right.jpg,C:\projects\retina-ai-ocular-disease-classification\archive\dataset\normal\2422_right.jpg,normal/2422_right.jpg,normal,512,512,3,cfa12d517382896553e3a4a866e8ae43,2422,train
2423_left.jpg,C:\projects\retina-ai-ocular-disease-classification\archive\dataset\normal\2423_left.jpg,normal/2423_left.jpg,normal,512,512,3,9d306831524288379f361a231df01355,2423,train
2423_right.jpg,C:\projects\retina-ai-ocular-disease-classification\archive\dataset\normal\2423_right.jpg,normal/2423_right.jpg,normal,512,512,3,5c84b02576b64b5798250aa43d2e876c,2423,train
2427_left.jpg,C:\projects\retina-ai-ocular-disease-classification\archive\dataset\normal\2427_left.jpg,normal/2427_left.jpg,normal,512,512,3,5ae887924621961392615802df356c70,2427,train
2428_left.jpg,C:\projects\retina-ai-ocular-disease-classification\archive\dataset\normal\2428_left.jpg,normal/2428_left.jpg,normal,512,512,3,69851567d6730e4c88c66122ef53188f,2428,train
2432_left.jpg,C:\projects\retina-ai-ocular-disease-classification\archive\dataset\normal\2432_left.jpg,normal/2432_left.jpg,normal,512,512,3,0326ebb8a8459cda51951fec74abbf7d,2432,train
2432_right.jpg,C:\projects\retina-ai-ocular-disease-classification\archive\dataset\normal\2432_right.jpg,normal/2432_right.jpg,normal,512,512,3,9b7928c8498689840f2d31819612f8b8,2432,train
2437_left.jpg,C:\projects\retina-ai-ocular-disease-classification\archive\dataset\normal\2437_left.jpg,normal/2437_left.jpg,normal,512,512,3,d6eef821455b58a3e8ffbaab2ecf97f3,2437,train
2437_right.jpg,C:\projects\retina-ai-ocular-disease-classification\archive\dataset\normal\2437_right.jpg,normal/2437_right.jpg,normal,512,512,3,13597fcd528685ab44c2ead9d5c087fe,2437,train
2438_left.jpg,C:\projects\retina-ai-ocular-disease-classification\archive\dataset\normal\2438_left.jpg,normal/2438_left.jpg,normal,512,512,3,24e5d6b6d199064734055caca474cd7c,2438,train
2438_right.jpg,C:\projects\retina-ai-ocular-disease-classification\archive\dataset\normal\2438_right.jpg,normal/2438_right.jpg,normal,512,512,3,e7d4ef0ea74e9575a62093dfa64f1979,2438,train
2441_left.jpg,C:\projects\retina-ai-ocular-disease-classification\archive\dataset\normal\2441_left.jpg,normal/2441_left.jpg,normal,512,512,3,e5c139784bba1eccb05ee55d4d2ea52d,2441,train
2441_right.jpg,C:\projects\retina-ai-ocular-disease-classification\archive\dataset\normal\2441_right.jpg,normal/2441_right.jpg,normal,512,512,3,408ff42fa9cd087f7546de9b812884ef,2441,train
2444_left.jpg,C:\projects\retina-ai-ocular-disease-classification\archive\dataset\normal\2444_left.jpg,normal/2444_left.jpg,normal,512,512,3,a74a6b1f48390f82bf5d5bfb388317c2,2444,train
2444_right.jpg,C:\projects\retina-ai-ocular-disease-classification\archive\dataset\normal\2444_right.jpg,normal/2444_right.jpg,normal,512,512,3,8734beefc7dea3254cd47b27c1b48cd9,2444,train
2446_right.jpg,C:\projects\retina-ai-ocular-disease-classification\archive\dataset\normal\2446_right.jpg,normal/2446_right.jpg,normal,512,512,3,a2b14383e6ab1c9b5da0b0e600032525,2446,train
2448_left.jpg,C:\projects\retina-ai-ocular-disease-classification\archive\dataset\normal\2448_left.jpg,normal/2448_left.jpg,normal,512,512,3,acbb3c539b9f84bcfe145ba771bb7def,2448,train
2456_left.jpg,C:\projects\retina-ai-ocular-disease-classification\archive\dataset\normal\2456_left.jpg,normal/2456_left.jpg,normal,512,512,3,1e5e6cae48b505b870a0acbe327bed4c,2456,train
2456_right.jpg,C:\projects\retina-ai-ocular-disease-classification\archive\dataset\normal\2456_right.jpg,normal/2456_right.jpg,normal,512,512,3,a44918afbdff70899ce2f7132e7dc501,2456,train
2463_left.jpg,C:\projects\retina-ai-ocular-disease-classification\archive\dataset\normal\2463_left.jpg,normal/2463_left.jpg,normal,512,512,3,88b667995e19e1364d819556ec0d6b39,2463,train
2463_right.jpg,C:\projects\retina-ai-ocular-disease-classification\archive\dataset\normal\2463_right.jpg,normal/2463_right.jpg,normal,512,512,3,8087dcf1e2829c7b3a19c3aa2b90de65,2463,train
2465_left.jpg,C:\projects\retina-ai-ocular-disease-classification\archive\dataset\normal\2465_left.jpg,normal/2465_left.jpg,normal,512,512,3,7122e470faa33b2634e76f25d3723430,2465,train
2465_right.jpg,C:\projects\retina-ai-ocular-disease-classification\archive\dataset\normal\2465_right.jpg,normal/2465_right.jpg,normal,512,512,3,35254cad2df90f42502f0aa931cb06d3,2465,train
2469_left.jpg,C:\projects\retina-ai-ocular-disease-classification\archive\dataset\normal\2469_left.jpg,normal/2469_left.jpg,normal,512,512,3,2b82797e9e4bb3e0aced89c0e9a85b98,2469,train
2469_right.jpg,C:\projects\retina-ai-ocular-disease-classification\archive\dataset\normal\2469_right.jpg,normal/2469_right.jpg,normal,512,512,3,3c6d883636435c3a589887832b6b6bdf,2469,train
2475_left.jpg,C:\projects\retina-ai-ocular-disease-classification\archive\dataset\normal\2475_left.jpg,normal/2475_left.jpg,normal,512,512,3,5b834c1de094905f908b02e04cdc1cba,2475,train
2475_right.jpg,C:\projects\retina-ai-ocular-disease-classification\archive\dataset\normal\2475_right.jpg,normal/2475_right.jpg,normal,512,512,3,4e3c77bab45b79280f7ddc91467b2244,2475,train
2477_left.jpg,C:\projects\retina-ai-ocular-disease-classification\archive\dataset\normal\2477_left.jpg,normal/2477_left.jpg,normal,512,512,3,1f71e08bab9420051757e6e824e2e1c1,2477,train
2478_left.jpg,C:\projects\retina-ai-ocular-disease-classification\archive\dataset\normal\2478_left.jpg,normal/2478_left.jpg,normal,512,512,3,81417218859e4b61798b9f10b18199c0,2478,train
2481_left.jpg,C:\projects\retina-ai-ocular-disease-classification\archive\dataset\normal\2481_left.jpg,normal/2481_left.jpg,normal,512,512,3,56e14f71b2ba123eb1ecc834c01d1873,2481,train
2481_right.jpg,C:\projects\retina-ai-ocular-disease-classification\archive\dataset\normal\2481_right.jpg,normal/2481_right.jpg,normal,512,512,3,76ed00c3d0b611fd7388097a782fd703,2481,train
2483_left.jpg,C:\projects\retina-ai-ocular-disease-classification\archive\dataset\normal\2483_left.jpg,normal/2483_left.jpg,normal,512,512,3,e9973146dc587cf998625cbe4c062528,2483,train
2483_right.jpg,C:\projects\retina-ai-ocular-disease-classification\archive\dataset\normal\2483_right.jpg,normal/2483_right.jpg,normal,512,512,3,2a6549bcdd84f2eef196e72726001dff,2483,train
2484_left.jpg,C:\projects\retina-ai-ocular-disease-classification\archive\dataset\normal\2484_left.jpg,normal/2484_left.jpg,normal,512,512,3,b432c12b5b1d619a447180e7837601cb,2484,train
2484_right.jpg,C:\projects\retina-ai-ocular-disease-classification\archive\dataset\normal\2484_right.jpg,normal/2484_right.jpg,normal,512,512,3,2b726852107e44a6aad0ccd4b8f78c6e,2484,train
2486_left.jpg,C:\projects\retina-ai-ocular-disease-classification\archive\dataset\normal\2486_left.jpg,normal/2486_left.jpg,normal,512,512,3,0e5e9db3138f3f01d5ab075364c55820,2486,train
2486_right.jpg,C:\projects\retina-ai-ocular-disease-classification\archive\dataset\normal\2486_right.jpg,normal/2486_right.jpg,normal,512,512,3,485eb8597ee5f6aff47579763004b9ac,2486,train
2489_left.jpg,C:\projects\retina-ai-ocular-disease-classification\archive\dataset\normal\2489_left.jpg,normal/2489_left.jpg,normal,512,512,3,b28210015021f64f1f44253417bf68c3,2489,train
2489_right.jpg,C:\projects\retina-ai-ocular-disease-classification\archive\dataset\normal\2489_right.jpg,normal/2489_right.jpg,normal,512,512,3,ad7213bef76a08a2b5d017e3349e2898,2489,train
2499_left.jpg,C:\projects\retina-ai-ocular-disease-classification\archive\dataset\normal\2499_left.jpg,normal/2499_left.jpg,normal,512,512,3,47f3b3020346c8dcb946b02dc2a87b70,2499,train
2499_right.jpg,C:\projects\retina-ai-ocular-disease-classification\archive\dataset\normal\2499_right.jpg,normal/2499_right.jpg,normal,512,512,3,21ffc0251ddd81a98e292e60424b179d,2499,train
2501_left.jpg,C:\projects\retina-ai-ocular-disease-classification\archive\dataset\normal\2501_left.jpg,normal/2501_left.jpg,normal,512,512,3,7abb6fa9f8bd1a3a8ed3468f1b1d3adf,2501,train
2501_right.jpg,C:\projects\retina-ai-ocular-disease-classification\archive\dataset\normal\2501_right.jpg,normal/2501_right.jpg,normal,512,512,3,156ba955460f2129a7add28a7fc381df,2501,train
2506_left.jpg,C:\projects\retina-ai-ocular-disease-classification\archive\dataset\normal\2506_left.jpg,normal/2506_left.jpg,normal,512,512,3,9c67e427088b09622738f96f786dc95a,2506,train
2506_right.jpg,C:\projects\retina-ai-ocular-disease-classification\archive\dataset\normal\2506_right.jpg,normal/2506_right.jpg,normal,512,512,3,c66fc3766f4b902a4c2f9e0e5966361d,2506,train
2507_left.jpg,C:\projects\retina-ai-ocular-disease-classification\archive\dataset\normal\2507_left.jpg,normal/2507_left.jpg,normal,512,512,3,cd90f072c00344fb4680a19f633c96c4,2507,train
2507_right.jpg,C:\projects\retina-ai-ocular-disease-classification\archive\dataset\normal\2507_right.jpg,normal/2507_right.jpg,normal,512,512,3,350b4eedb70a92b2ad95658f0822df89,2507,train
2508_left.jpg,C:\projects\retina-ai-ocular-disease-classification\archive\dataset\normal\2508_left.jpg,normal/2508_left.jpg,normal,512,512,3,3d1709446bde37f642d16b2323e05766,2508,train
2508_right.jpg,C:\projects\retina-ai-ocular-disease-classification\archive\dataset\normal\2508_right.jpg,normal/2508_right.jpg,normal,512,512,3,16ea183278dc2a33d61bbf27219a5971,2508,train
2512_left.jpg,C:\projects\retina-ai-ocular-disease-classification\archive\dataset\normal\2512_left.jpg,normal/2512_left.jpg,normal,512,512,3,72913c09cfb9674ae078949e1a867f06,2512,train
2512_right.jpg,C:\projects\retina-ai-ocular-disease-classification\archive\dataset\normal\2512_right.jpg,normal/2512_right.jpg,normal,512,512,3,81b8ae2805676e8b531f19cb9e227818,2512,train
2515_left.jpg,C:\projects\retina-ai-ocular-disease-classification\archive\dataset\normal\2515_left.jpg,normal/2515_left.jpg,normal,512,512,3,88df2a35ccef4126dce2559f34c2ac8c,2515,train
2517_left.jpg,C:\projects\retina-ai-ocular-disease-classification\archive\dataset\normal\2517_left.jpg,normal/2517_left.jpg,normal,512,512,3,0fbe670e570e25a0bc47bc3901dab195,2517,train
2517_right.jpg,C:\projects\retina-ai-ocular-disease-classification\archive\dataset\normal\2517_right.jpg,normal/2517_right.jpg,normal,512,512,3,5afd832ee73f474fe4d259b41823c1a3,2517,train
2519_left.jpg,C:\projects\retina-ai-ocular-disease-classification\archive\dataset\normal\2519_left.jpg,normal/2519_left.jpg,normal,512,512,3,0cfe6496a808f5bc0e36509917684825,2519,train
2519_right.jpg,C:\projects\retina-ai-ocular-disease-classification\archive\dataset\normal\2519_right.jpg,normal/2519_right.jpg,normal,512,512,3,01aab79b6fd44ef757ae6e7fd260c0ce,2519,train
2521_left.jpg,C:\projects\retina-ai-ocular-disease-classification\archive\dataset\normal\2521_left.jpg,normal/2521_left.jpg,normal,512,512,3,f75e4172fce2d9c7130181bf5441b8f6,2521,train
2521_right.jpg,C:\projects\retina-ai-ocular-disease-classification\archive\dataset\normal\2521_right.jpg,normal/2521_right.jpg,normal,512,512,3,f56dc6de243865d7904b6b4ae25fca3e,2521,train
2524_left.jpg,C:\projects\retina-ai-ocular-disease-classification\archive\dataset\normal\2524_left.jpg,normal/2524_left.jpg,normal,512,512,3,5a6b7245146eb5791cffeaf1de5ba5d2,2524,train
2525_left.jpg,C:\projects\retina-ai-ocular-disease-classification\archive\dataset\normal\2525_left.jpg,normal/2525_left.jpg,normal,512,512,3,c9590b1d00c523639bb2cc09754f733f,2525,train
2525_right.jpg,C:\projects\retina-ai-ocular-disease-classification\archive\dataset\normal\2525_right.jpg,normal/2525_right.jpg,normal,512,512,3,c3580b843171f18784d4c5b5eeeb9108,2525,train
2531_left.jpg,C:\projects\retina-ai-ocular-disease-classification\archive\dataset\normal\2531_left.jpg,normal/2531_left.jpg,normal,512,512,3,5cd53c2311c83332453d709fc397f500,2531,train
2531_right.jpg,C:\projects\retina-ai-ocular-disease-classification\archive\dataset\normal\2531_right.jpg,normal/2531_right.jpg,normal,512,512,3,b3c9f4001c750da2af1f67a3a584991d,2531,train
2535_left.jpg,C:\projects\retina-ai-ocular-disease-classification\archive\dataset\normal\2535_left.jpg,normal/2535_left.jpg,normal,512,512,3,13525235040551d17f9ce56a466939f2,2535,train
2538_left.jpg,C:\projects\retina-ai-ocular-disease-classification\archive\dataset\normal\2538_left.jpg,normal/2538_left.jpg,normal,512,512,3,e7cf22ec6ef6d17d9afe6980b0a49d64,2538,train
2538_right.jpg,C:\projects\retina-ai-ocular-disease-classification\archive\dataset\normal\2538_right.jpg,normal/2538_right.jpg,normal,512,512,3,ce3c9123c07532addba66bfd31264f8e,2538,train
2540_left.jpg,C:\projects\retina-ai-ocular-disease-classification\archive\dataset\normal\2540_left.jpg,normal/2540_left.jpg,normal,512,512,3,52d7e04d677f97aa6ccc9873e318cb30,2540,train
2542_left.jpg,C:\projects\retina-ai-ocular-disease-classification\archive\dataset\normal\2542_left.jpg,normal/2542_left.jpg,normal,512,512,3,30947e5abe2b767960fce896dc258f51,2542,train
2542_right.jpg,C:\projects\retina-ai-ocular-disease-classification\archive\dataset\normal\2542_right.jpg,normal/2542_right.jpg,normal,512,512,3,9913552a969c90acf181ab2a0bc08e1e,2542,train
2543_left.jpg,C:\projects\retina-ai-ocular-disease-classification\archive\dataset\normal\2543_left.jpg,normal/2543_left.jpg,normal,512,512,3,46018ed310c80d91bc291b66fd5f3dd4,2543,train
2543_right.jpg,C:\projects\retina-ai-ocular-disease-classification\archive\dataset\normal\2543_right.jpg,normal/2543_right.jpg,normal,512,512,3,bae25674ab9fbfc0f8a10c80ff6e8d95,2543,train
2547_left.jpg,C:\projects\retina-ai-ocular-disease-classification\archive\dataset\normal\2547_left.jpg,normal/2547_left.jpg,normal,512,512,3,7918b3d78db81fd28f8c9720a5aa1846,2547,train
2547_right.jpg,C:\projects\retina-ai-ocular-disease-classification\archive\dataset\normal\2547_right.jpg,normal/2547_right.jpg,normal,512,512,3,7f5346434af0df5d3e1e2c12321373ec,2547,train
2554_left.jpg,C:\projects\retina-ai-ocular-disease-classification\archive\dataset\normal\2554_left.jpg,normal/2554_left.jpg,normal,512,512,3,0985da3015db6e412a0d4bfea5aa6c5c,2554,train
2554_right.jpg,C:\projects\retina-ai-ocular-disease-classification\archive\dataset\normal\2554_right.jpg,normal/2554_right.jpg,normal,512,512,3,5ba3f2fa6c1e693ab0c99ff4bd183825,2554,train
2556_left.jpg,C:\projects\retina-ai-ocular-disease-classification\archive\dataset\normal\2556_left.jpg,normal/2556_left.jpg,normal,512,512,3,ef3d7e6c0288eb714fa3367ff1df568b,2556,train
2556_right.jpg,C:\projects\retina-ai-ocular-disease-classification\archive\dataset\normal\2556_right.jpg,normal/2556_right.jpg,normal,512,512,3,60a68545a26edc2c29c72e4772c81114,2556,train
2558_left.jpg,C:\projects\retina-ai-ocular-disease-classification\archive\dataset\normal\2558_left.jpg,normal/2558_left.jpg,normal,512,512,3,7d7c9540e94fd9d60572e89a68fdb0c2,2558,train
2558_right.jpg,C:\projects\retina-ai-ocular-disease-classification\archive\dataset\normal\2558_right.jpg,normal/2558_right.jpg,normal,512,512,3,21fefb90902bd02fe45721a5537b890d,2558,train
2563_left.jpg,C:\projects\retina-ai-ocular-disease-classification\archive\dataset\normal\2563_left.jpg,normal/2563_left.jpg,normal,512,512,3,e953f4da37cf60447c372540d4c64729,2563,train
2563_right.jpg,C:\projects\retina-ai-ocular-disease-classification\archive\dataset\normal\2563_right.jpg,normal/2563_right.jpg,normal,512,512,3,2325362bb62ffd09b76f82416c0c6353,2563,train
2565_left.jpg,C:\projects\retina-ai-ocular-disease-classification\archive\dataset\normal\2565_left.jpg,normal/2565_left.jpg,normal,512,512,3,dda9902792d3937ac256a9c4782a3530,2565,train
2565_right.jpg,C:\projects\retina-ai-ocular-disease-classification\archive\dataset\normal\2565_right.jpg,normal/2565_right.jpg,normal,512,512,3,fb72891f024755e35fddb1a7fd7a6b57,2565,train
2570_left.jpg,C:\projects\retina-ai-ocular-disease-classification\archive\dataset\normal\2570_left.jpg,normal/2570_left.jpg,normal,512,512,3,e22fa4bc2fdf694b511aa22fb7659897,2570,train
2570_right.jpg,C:\projects\retina-ai-ocular-disease-classification\archive\dataset\normal\2570_right.jpg,normal/2570_right.jpg,normal,512,512,3,6aff31ef6799bd5bcc704484c534d79c,2570,train
2573_left.jpg,C:\projects\retina-ai-ocular-disease-classification\archive\dataset\normal\2573_left.jpg,normal/2573_left.jpg,normal,512,512,3,17a753020486b051405ff583a33e9dbc,2573,train
2573_right.jpg,C:\projects\retina-ai-ocular-disease-classification\archive\dataset\normal\2573_right.jpg,normal/2573_right.jpg,normal,512,512,3,cc3f52207f8faef34b9bd80156d8c03e,2573,train
2575_left.jpg,C:\projects\retina-ai-ocular-disease-classification\archive\dataset\normal\2575_left.jpg,normal/2575_left.jpg,normal,512,512,3,9e4d81c57333a13efadfa195d61baf2c,2575,train
2575_right.jpg,C:\projects\retina-ai-ocular-disease-classification\archive\dataset\normal\2575_right.jpg,normal/2575_right.jpg,normal,512,512,3,e315435a57912e324f4dcd581c217fe5,2575,train
2577_left.jpg,C:\projects\retina-ai-ocular-disease-classification\archive\dataset\normal\2577_left.jpg,normal/2577_left.jpg,normal,512,512,3,6bd6bda694c2b2452e4d93fc8d0d32b6,2577,train
2577_right.jpg,C:\projects\retina-ai-ocular-disease-classification\archive\dataset\normal\2577_right.jpg,normal/2577_right.jpg,normal,512,512,3,0ba11562dffc40d55cad7e833e1afe92,2577,train
2580_right.jpg,C:\projects\retina-ai-ocular-disease-classification\archive\dataset\normal\2580_right.jpg,normal/2580_right.jpg,normal,512,512,3,fe3a2f2539eacd80970690b07ef6d09e,2580,train
2583_left.jpg,C:\projects\retina-ai-ocular-disease-classification\archive\dataset\normal\2583_left.jpg,normal/2583_left.jpg,normal,512,512,3,36423a9a8e9c4ff981a7267f1d9c2876,2583,train
2583_right.jpg,C:\projects\retina-ai-ocular-disease-classification\archive\dataset\normal\2583_right.jpg,normal/2583_right.jpg,normal,512,512,3,c085ad0f30ff1225a4cd7d3f6dd2daa8,2583,train
2585_left.jpg,C:\projects\retina-ai-ocular-disease-classification\archive\dataset\normal\2585_left.jpg,normal/2585_left.jpg,normal,512,512,3,c923fbf95feff4d9cd2d05c222a5b89d,2585,train
2585_right.jpg,C:\projects\retina-ai-ocular-disease-classification\archive\dataset\normal\2585_right.jpg,normal/2585_right.jpg,normal,512,512,3,d8fd728f7c9b7071de9a4197de958ed9,2585,train
2586_left.jpg,C:\projects\retina-ai-ocular-disease-classification\archive\dataset\normal\2586_left.jpg,normal/2586_left.jpg,normal,512,512,3,2d0aec245e6ec6a7fd99c00f75b58cab,2586,train
2586_right.jpg,C:\projects\retina-ai-ocular-disease-classification\archive\dataset\normal\2586_right.jpg,normal/2586_right.jpg,normal,512,512,3,11d50a0bb39db461eec910e2ffdd57f4,2586,train
2587_left.jpg,C:\projects\retina-ai-ocular-disease-classification\archive\dataset\normal\2587_left.jpg,normal/2587_left.jpg,normal,512,512,3,f1eabe258dc7d20e3b9e870309a44bfd,2587,train
2588_left.jpg,C:\projects\retina-ai-ocular-disease-classification\archive\dataset\normal\2588_left.jpg,normal/2588_left.jpg,normal,512,512,3,1c437520dc9de6419ef16a5af19f7352,2588,train
2588_right.jpg,C:\projects\retina-ai-ocular-disease-classification\archive\dataset\normal\2588_right.jpg,normal/2588_right.jpg,normal,512,512,3,a3d4d371a11a8e2d5c5f15cd0f1064b7,2588,train
2589_right.jpg,C:\projects\retina-ai-ocular-disease-classification\archive\dataset\normal\2589_right.jpg,normal/2589_right.jpg,normal,512,512,3,6232e7bfd9c417bf3406a38022490fa8,2589,train
2594_left.jpg,C:\projects\retina-ai-ocular-disease-classification\archive\dataset\normal\2594_left.jpg,normal/2594_left.jpg,normal,512,512,3,f80fa243e2c554cc80ff536a8f5387d4,2594,train
2594_right.jpg,C:\projects\retina-ai-ocular-disease-classification\archive\dataset\normal\2594_right.jpg,normal/2594_right.jpg,normal,512,512,3,c754d764086574fcfd8644be4ae48a0f,2594,train
2597_left.jpg,C:\projects\retina-ai-ocular-disease-classification\archive\dataset\normal\2597_left.jpg,normal/2597_left.jpg,normal,512,512,3,1c50e236c26d9bf3000691c4157896ed,2597,train
2597_right.jpg,C:\projects\retina-ai-ocular-disease-classification\archive\dataset\normal\2597_right.jpg,normal/2597_right.jpg,normal,512,512,3,c69bca968b1aa3755b75d24340413c40,2597,train
2598_left.jpg,C:\projects\retina-ai-ocular-disease-classification\archive\dataset\normal\2598_left.jpg,normal/2598_left.jpg,normal,512,512,3,0d4bedb53c3d9c5689db03eb1061958d,2598,train
2598_right.jpg,C:\projects\retina-ai-ocular-disease-classification\archive\dataset\normal\2598_right.jpg,normal/2598_right.jpg,normal,512,512,3,827fcb977a78449c43debb3234dfef47,2598,train
2599_left.jpg,C:\projects\retina-ai-ocular-disease-classification\archive\dataset\normal\2599_left.jpg,normal/2599_left.jpg,normal,512,512,3,da1b1322cb1110c170ce02411270673b,2599,train
2599_right.jpg,C:\projects\retina-ai-ocular-disease-classification\archive\dataset\normal\2599_right.jpg,normal/2599_right.jpg,normal,512,512,3,b9d26852dcccfa404c53858d9d5f272c,2599,train
2602_left.jpg,C:\projects\retina-ai-ocular-disease-classification\archive\dataset\normal\2602_left.jpg,normal/2602_left.jpg,normal,512,512,3,750befa8155456ad3735baae9cd423c5,2602,train
2604_left.jpg,C:\projects\retina-ai-ocular-disease-classification\archive\dataset\normal\2604_left.jpg,normal/2604_left.jpg,normal,512,512,3,7134f3c4a4a78dcd5edb6a133998102f,2604,train
2604_right.jpg,C:\projects\retina-ai-ocular-disease-classification\archive\dataset\normal\2604_right.jpg,normal/2604_right.jpg,normal,512,512,3,3f2548d9cb18c952ae950294783a7fd6,2604,train
2609_right.jpg,C:\projects\retina-ai-ocular-disease-classification\archive\dataset\normal\2609_right.jpg,normal/2609_right.jpg,normal,512,512,3,f123486fc84cf239aeef533f87df837b,2609,train
2610_left.jpg,C:\projects\retina-ai-ocular-disease-classification\archive\dataset\normal\2610_left.jpg,normal/2610_left.jpg,normal,512,512,3,75ced04b2ca213fdec5fcf566a1ed3eb,2610,train
2610_right.jpg,C:\projects\retina-ai-ocular-disease-classification\archive\dataset\normal\2610_right.jpg,normal/2610_right.jpg,normal,512,512,3,4ad325c70d984d3e6a931c73056a56e4,2610,train
2617_left.jpg,C:\projects\retina-ai-ocular-disease-classification\archive\dataset\normal\2617_left.jpg,normal/2617_left.jpg,normal,512,512,3,c0bedb81f63e5621880dfc17dff723f4,2617,train
2617_right.jpg,C:\projects\retina-ai-ocular-disease-classification\archive\dataset\normal\2617_right.jpg,normal/2617_right.jpg,normal,512,512,3,c1b9ca517068459b09d830d79866886c,2617,train
2622_left.jpg,C:\projects\retina-ai-ocular-disease-classification\archive\dataset\normal\2622_left.jpg,normal/2622_left.jpg,normal,512,512,3,592fbcfa98c4c18e04a60a4fe9c98de8,2622,train
2622_right.jpg,C:\projects\retina-ai-ocular-disease-classification\archive\dataset\normal\2622_right.jpg,normal/2622_right.jpg,normal,512,512,3,7cc93668f71b6550ebee753d6bf72265,2622,train
2627_left.jpg,C:\projects\retina-ai-ocular-disease-classification\archive\dataset\normal\2627_left.jpg,normal/2627_left.jpg,normal,512,512,3,ddacfc238e9105db5aabe67fe2b92af5,2627,train
2627_right.jpg,C:\projects\retina-ai-ocular-disease-classification\archive\dataset\normal\2627_right.jpg,normal/2627_right.jpg,normal,512,512,3,e21e142985cbbc14628ab09848d4e03b,2627,train
2632_left.jpg,C:\projects\retina-ai-ocular-disease-classification\archive\dataset\normal\2632_left.jpg,normal/2632_left.jpg,normal,512,512,3,0661578d6d31930682e909e89f8c75b2,2632,train
2632_right.jpg,C:\projects\retina-ai-ocular-disease-classification\archive\dataset\normal\2632_right.jpg,normal/2632_right.jpg,normal,512,512,3,48a48ede0c88bdeaae3f144ab34ec77c,2632,train
2633_left.jpg,C:\projects\retina-ai-ocular-disease-classification\archive\dataset\normal\2633_left.jpg,normal/2633_left.jpg,normal,512,512,3,8b529c3cb6ad9cca12951acb0a7350e9,2633,train
2633_right.jpg,C:\projects\retina-ai-ocular-disease-classification\archive\dataset\normal\2633_right.jpg,normal/2633_right.jpg,normal,512,512,3,7788c9a6e361f2151457d9d61bce3b34,2633,train
2634_left.jpg,C:\projects\retina-ai-ocular-disease-classification\archive\dataset\normal\2634_left.jpg,normal/2634_left.jpg,normal,512,512,3,b7ec8d606a8e8f46dacbbd27a27a57a5,2634,train
2634_right.jpg,C:\projects\retina-ai-ocular-disease-classification\archive\dataset\normal\2634_right.jpg,normal/2634_right.jpg,normal,512,512,3,ab58742a5bc0237ddd00c3ea6eca8e52,2634,train
2638_left.jpg,C:\projects\retina-ai-ocular-disease-classification\archive\dataset\normal\2638_left.jpg,normal/2638_left.jpg,normal,512,512,3,a283f99335d686f7c87f0d6213ebf9a2,2638,train
2638_right.jpg,C:\projects\retina-ai-ocular-disease-classification\archive\dataset\normal\2638_right.jpg,normal/2638_right.jpg,normal,512,512,3,d564033dead771888479d30c8258edbb,2638,train
2640_left.jpg,C:\projects\retina-ai-ocular-disease-classification\archive\dataset\normal\2640_left.jpg,normal/2640_left.jpg,normal,512,512,3,2b325a9a9ad2eab2cc68738b2d4a5de7,2640,train
2640_right.jpg,C:\projects\retina-ai-ocular-disease-classification\archive\dataset\normal\2640_right.jpg,normal/2640_right.jpg,normal,512,512,3,ad5dfd698f799eb2f485899b17947107,2640,train
2642_left.jpg,C:\projects\retina-ai-ocular-disease-classification\archive\dataset\normal\2642_left.jpg,normal/2642_left.jpg,normal,512,512,3,7ccf3800b92cbf381cb0d822cf434c70,2642,train
2642_right.jpg,C:\projects\retina-ai-ocular-disease-classification\archive\dataset\normal\2642_right.jpg,normal/2642_right.jpg,normal,512,512,3,a8ccd5c981a7d575266abd0d280fcd32,2642,train
2643_left.jpg,C:\projects\retina-ai-ocular-disease-classification\archive\dataset\normal\2643_left.jpg,normal/2643_left.jpg,normal,512,512,3,456d9c126277ee12cfb18f1480f29b11,2643,train
2643_right.jpg,C:\projects\retina-ai-ocular-disease-classification\archive\dataset\normal\2643_right.jpg,normal/2643_right.jpg,normal,512,512,3,b7f9fe8526f46e294afd6e7bbc9797a9,2643,train
2645_left.jpg,C:\projects\retina-ai-ocular-disease-classification\archive\dataset\normal\2645_left.jpg,normal/2645_left.jpg,normal,512,512,3,19fd53ba96d9b597b544a20e4ac2af80,2645,train
2645_right.jpg,C:\projects\retina-ai-ocular-disease-classification\archive\dataset\normal\2645_right.jpg,normal/2645_right.jpg,normal,512,512,3,1e5be19964576c976ce8cdc8f108348e,2645,train
2647_left.jpg,C:\projects\retina-ai-ocular-disease-classification\archive\dataset\normal\2647_left.jpg,normal/2647_left.jpg,normal,512,512,3,123a68abfa75aea389a2b0b34f0bbbb5,2647,train
2647_right.jpg,C:\projects\retina-ai-ocular-disease-classification\archive\dataset\normal\2647_right.jpg,normal/2647_right.jpg,normal,512,512,3,84a706f30808cb4319a6aec58a2809de,2647,train
2649_left.jpg,C:\projects\retina-ai-ocular-disease-classification\archive\dataset\normal\2649_left.jpg,normal/2649_left.jpg,normal,512,512,3,07bfcf2a3191da34c1b123460f1d8aff,2649,train
2649_right.jpg,C:\projects\retina-ai-ocular-disease-classification\archive\dataset\normal\2649_right.jpg,normal/2649_right.jpg,normal,512,512,3,1aefe89c986eaac7909f16ae252c5715,2649,train
2652_left.jpg,C:\projects\retina-ai-ocular-disease-classification\archive\dataset\normal\2652_left.jpg,normal/2652_left.jpg,normal,512,512,3,bc3903cf8a8ed3662c3cae94c54d17e0,2652,train
2652_right.jpg,C:\projects\retina-ai-ocular-disease-classification\archive\dataset\normal\2652_right.jpg,normal/2652_right.jpg,normal,512,512,3,5f86dc756f34b6a1bb531f7085d21860,2652,train
2653_left.jpg,C:\projects\retina-ai-ocular-disease-classification\archive\dataset\normal\2653_left.jpg,normal/2653_left.jpg,normal,512,512,3,72e0ca744f8cca4f3a7b0c31dbd9a48d,2653,train
2653_right.jpg,C:\projects\retina-ai-ocular-disease-classification\archive\dataset\normal\2653_right.jpg,normal/2653_right.jpg,normal,512,512,3,8f8d75554bf5338fa245ed54a54d4f44,2653,train
2655_left.jpg,C:\projects\retina-ai-ocular-disease-classification\archive\dataset\normal\2655_left.jpg,normal/2655_left.jpg,normal,512,512,3,33c191c64e4148341ed26d62adc9a6a0,2655,train
2655_right.jpg,C:\projects\retina-ai-ocular-disease-classification\archive\dataset\normal\2655_right.jpg,normal/2655_right.jpg,normal,512,512,3,7dbb8e04223f7df06d8a039492fc289e,2655,train
2661_left.jpg,C:\projects\retina-ai-ocular-disease-classification\archive\dataset\normal\2661_left.jpg,normal/2661_left.jpg,normal,512,512,3,3228fd8a328a2ca5f492d28a7a9e3348,2661,train
2661_right.jpg,C:\projects\retina-ai-ocular-disease-classification\archive\dataset\normal\2661_right.jpg,normal/2661_right.jpg,normal,512,512,3,5729e64840193eac0e9111c822c60e3c,2661,train
2662_left.jpg,C:\projects\retina-ai-ocular-disease-classification\archive\dataset\normal\2662_left.jpg,normal/2662_left.jpg,normal,512,512,3,1ec0717fa09721208d156ef6c2324393,2662,train
2662_right.jpg,C:\projects\retina-ai-ocular-disease-classification\archive\dataset\normal\2662_right.jpg,normal/2662_right.jpg,normal,512,512,3,bf920c286fa46c7e1d26c210f169bfae,2662,train
2667_left.jpg,C:\projects\retina-ai-ocular-disease-classification\archive\dataset\normal\2667_left.jpg,normal/2667_left.jpg,normal,512,512,3,ebcf27c243744871776dd3cbd4445990,2667,train
2667_right.jpg,C:\projects\retina-ai-ocular-disease-classification\archive\dataset\normal\2667_right.jpg,normal/2667_right.jpg,normal,512,512,3,86960bf1abcbf1a417c3d0cead55a037,2667,train
2672_left.jpg,C:\projects\retina-ai-ocular-disease-classification\archive\dataset\normal\2672_left.jpg,normal/2672_left.jpg,normal,512,512,3,4ead3f1d8f5c8d09a6fff9afbbd1e24f,2672,train
2672_right.jpg,C:\projects\retina-ai-ocular-disease-classification\archive\dataset\normal\2672_right.jpg,normal/2672_right.jpg,normal,512,512,3,9122ec13631cfa851e48df453d13997d,2672,train
2673_left.jpg,C:\projects\retina-ai-ocular-disease-classification\archive\dataset\normal\2673_left.jpg,normal/2673_left.jpg,normal,512,512,3,559f0f0756b5670a2fbd079ffcfc0d68,2673,train
2673_right.jpg,C:\projects\retina-ai-ocular-disease-classification\archive\dataset\normal\2673_right.jpg,normal/2673_right.jpg,normal,512,512,3,5acddecbb428e585ba6b997c72efa282,2673,train
2675_left.jpg,C:\projects\retina-ai-ocular-disease-classification\archive\dataset\normal\2675_left.jpg,normal/2675_left.jpg,normal,512,512,3,4bc4773e916741ae5c350424b571b6f3,2675,train
2676_right.jpg,C:\projects\retina-ai-ocular-disease-classification\archive\dataset\normal\2676_right.jpg,normal/2676_right.jpg,normal,512,512,3,034f0b1bb68a9940478338faa55b5f33,2676,train
2677_left.jpg,C:\projects\retina-ai-ocular-disease-classification\archive\dataset\normal\2677_left.jpg,normal/2677_left.jpg,normal,512,512,3,40d25d23618c36d7de8326bcdc2792f7,2677,train
2677_right.jpg,C:\projects\retina-ai-ocular-disease-classification\archive\dataset\normal\2677_right.jpg,normal/2677_right.jpg,normal,512,512,3,b2bd6410d5e2214cbbd695fb6c3e7af7,2677,train
2680_left.jpg,C:\projects\retina-ai-ocular-disease-classification\archive\dataset\normal\2680_left.jpg,normal/2680_left.jpg,normal,512,512,3,ec1757b18e3b64dee163dfd117993b4b,2680,train
2680_right.jpg,C:\projects\retina-ai-ocular-disease-classification\archive\dataset\normal\2680_right.jpg,normal/2680_right.jpg,normal,512,512,3,ef8329d9eafc1086c6e510c0c519083a,2680,train
2681_left.jpg,C:\projects\retina-ai-ocular-disease-classification\archive\dataset\normal\2681_left.jpg,normal/2681_left.jpg,normal,512,512,3,525af916d042cf412b1ff6cdb3aec80c,2681,train
2681_right.jpg,C:\projects\retina-ai-ocular-disease-classification\archive\dataset\normal\2681_right.jpg,normal/2681_right.jpg,normal,512,512,3,60c612775f33bd2deb03be6b8038775e,2681,train
2688_left.jpg,C:\projects\retina-ai-ocular-disease-classification\archive\dataset\normal\2688_left.jpg,normal/2688_left.jpg,normal,512,512,3,0b74545d09fd4dd18e01bd375371c75a,2688,train
2688_right.jpg,C:\projects\retina-ai-ocular-disease-classification\archive\dataset\normal\2688_right.jpg,normal/2688_right.jpg,normal,512,512,3,d030db27882895dd6eb6c2c4b9a386aa,2688,train
2689_left.jpg,C:\projects\retina-ai-ocular-disease-classification\archive\dataset\normal\2689_left.jpg,normal/2689_left.jpg,normal,512,512,3,9d2366e1d86d5582d80f0cf3e73dd539,2689,train
2689_right.jpg,C:\projects\retina-ai-ocular-disease-classification\archive\dataset\normal\2689_right.jpg,normal/2689_right.jpg,normal,512,512,3,8d6b42b11f9e5dbf0854d6805b5008ed,2689,train
2690_left.jpg,C:\projects\retina-ai-ocular-disease-classification\archive\dataset\normal\2690_left.jpg,normal/2690_left.jpg,normal,512,512,3,4875c070ff57cfbcce12b94a718b053e,2690,train
2690_right.jpg,C:\projects\retina-ai-ocular-disease-classification\archive\dataset\normal\2690_right.jpg,normal/2690_right.jpg,normal,512,512,3,52291f2bceb72084e3a84654c16e76c6,2690,train
2695_left.jpg,C:\projects\retina-ai-ocular-disease-classification\archive\dataset\normal\2695_left.jpg,normal/2695_left.jpg,normal,512,512,3,6046a8c5ff17596f76eda0ca8cf12402,2695,train
2695_right.jpg,C:\projects\retina-ai-ocular-disease-classification\archive\dataset\normal\2695_right.jpg,normal/2695_right.jpg,normal,512,512,3,bfa9382b5fe7caec5e7f860f3eaaa91b,2695,train
2699_left.jpg,C:\projects\retina-ai-ocular-disease-classification\archive\dataset\normal\2699_left.jpg,normal/2699_left.jpg,normal,512,512,3,defdac1f6bef874789478821872abb04,2699,train
2699_right.jpg,C:\projects\retina-ai-ocular-disease-classification\archive\dataset\normal\2699_right.jpg,normal/2699_right.jpg,normal,512,512,3,e4ed93fd9376f2eff7adbfbc2418b72b,2699,train
2704_left.jpg,C:\projects\retina-ai-ocular-disease-classification\archive\dataset\normal\2704_left.jpg,normal/2704_left.jpg,normal,512,512,3,34ef195fca9934d34ecf5121d0e501dd,2704,train
2704_right.jpg,C:\projects\retina-ai-ocular-disease-classification\archive\dataset\normal\2704_right.jpg,normal/2704_right.jpg,normal,512,512,3,3c1587d0ef60c54dc0289235213e7c6f,2704,train
2710_left.jpg,C:\projects\retina-ai-ocular-disease-classification\archive\dataset\normal\2710_left.jpg,normal/2710_left.jpg,normal,512,512,3,514c1774f78e143c42f784153e05b11f,2710,train
2710_right.jpg,C:\projects\retina-ai-ocular-disease-classification\archive\dataset\normal\2710_right.jpg,normal/2710_right.jpg,normal,512,512,3,59b476162f969d6f56c50ed02a82107f,2710,train
2728_left.jpg,C:\projects\retina-ai-ocular-disease-classification\archive\dataset\normal\2728_left.jpg,normal/2728_left.jpg,normal,512,512,3,a7eb512c4a561cdca39cfd623b58ed7d,2728,train
2728_right.jpg,C:\projects\retina-ai-ocular-disease-classification\archive\dataset\normal\2728_right.jpg,normal/2728_right.jpg,normal,512,512,3,6af5757b66998ceeda9fafbf79e59585,2728,train
2729_left.jpg,C:\projects\retina-ai-ocular-disease-classification\archive\dataset\normal\2729_left.jpg,normal/2729_left.jpg,normal,512,512,3,16be7372951a44c597dafa228a0e1376,2729,train
2732_left.jpg,C:\projects\retina-ai-ocular-disease-classification\archive\dataset\normal\2732_left.jpg,normal/2732_left.jpg,normal,512,512,3,9099acd946b4379b53e3e5eac8b4ca4d,2732,train
2732_right.jpg,C:\projects\retina-ai-ocular-disease-classification\archive\dataset\normal\2732_right.jpg,normal/2732_right.jpg,normal,512,512,3,349fa4308b28c5f1ffb3753e00693cfc,2732,train
2735_left.jpg,C:\projects\retina-ai-ocular-disease-classification\archive\dataset\normal\2735_left.jpg,normal/2735_left.jpg,normal,512,512,3,1ca858e9b887d40d33cc8db55edb5818,2735,train
2735_right.jpg,C:\projects\retina-ai-ocular-disease-classification\archive\dataset\normal\2735_right.jpg,normal/2735_right.jpg,normal,512,512,3,3f69e82cac0e9d60238ef4c08dc05155,2735,train
2737_right.jpg,C:\projects\retina-ai-ocular-disease-classification\archive\dataset\normal\2737_right.jpg,normal/2737_right.jpg,normal,512,512,3,2a7f72d4570a6a3aa98e141c0db189b8,2737,train
2742_left.jpg,C:\projects\retina-ai-ocular-disease-classification\archive\dataset\normal\2742_left.jpg,normal/2742_left.jpg,normal,512,512,3,ce9a843f97b491b9c55b5e3406c9f37f,2742,train
2742_right.jpg,C:\projects\retina-ai-ocular-disease-classification\archive\dataset\normal\2742_right.jpg,normal/2742_right.jpg,normal,512,512,3,ee219445175579d7704f70be2818f7a5,2742,train
2743_left.jpg,C:\projects\retina-ai-ocular-disease-classification\archive\dataset\normal\2743_left.jpg,normal/2743_left.jpg,normal,512,512,3,17ea626052ec6efbb4ad7a0ff77fb120,2743,train
2743_right.jpg,C:\projects\retina-ai-ocular-disease-classification\archive\dataset\normal\2743_right.jpg,normal/2743_right.jpg,normal,512,512,3,fd6a79edc5f4586486b97506f752fbde,2743,train
2748_left.jpg,C:\projects\retina-ai-ocular-disease-classification\archive\dataset\normal\2748_left.jpg,normal/2748_left.jpg,normal,512,512,3,4d0255d1df123879fa6edce53d204ea4,2748,train
2748_right.jpg,C:\projects\retina-ai-ocular-disease-classification\archive\dataset\normal\2748_right.jpg,normal/2748_right.jpg,normal,512,512,3,e7d517410809b8b680d9d0c261055be2,2748,train
2752_right.jpg,C:\projects\retina-ai-ocular-disease-classification\archive\dataset\normal\2752_right.jpg,normal/2752_right.jpg,normal,512,512,3,0984141de5c2e8d3aa67bd93f93e0297,2752,train
2755_left.jpg,C:\projects\retina-ai-ocular-disease-classification\archive\dataset\normal\2755_left.jpg,normal/2755_left.jpg,normal,512,512,3,a39d6293c781854df2bb679ee0c00f4e,2755,train
2755_right.jpg,C:\projects\retina-ai-ocular-disease-classification\archive\dataset\normal\2755_right.jpg,normal/2755_right.jpg,normal,512,512,3,265ec68754151d7296daf91dc8cd1c00,2755,train
2761_left.jpg,C:\projects\retina-ai-ocular-disease-classification\archive\dataset\normal\2761_left.jpg,normal/2761_left.jpg,normal,512,512,3,03019d7e409ec4d5f79cad13dce774a0,2761,train
2761_right.jpg,C:\projects\retina-ai-ocular-disease-classification\archive\dataset\normal\2761_right.jpg,normal/2761_right.jpg,normal,512,512,3,9f175268bdad6d08daabc6ae0ee61452,2761,train
2767_left.jpg,C:\projects\retina-ai-ocular-disease-classification\archive\dataset\normal\2767_left.jpg,normal/2767_left.jpg,normal,512,512,3,17d1cbdb6f8add3892f948ea7770dc69,2767,train
2767_right.jpg,C:\projects\retina-ai-ocular-disease-classification\archive\dataset\normal\2767_right.jpg,normal/2767_right.jpg,normal,512,512,3,fa6f586102a5022a72d7669e031c7001,2767,train
2768_left.jpg,C:\projects\retina-ai-ocular-disease-classification\archive\dataset\normal\2768_left.jpg,normal/2768_left.jpg,normal,512,512,3,107dfb93677013f6a1762aa7fba1b16d,2768,train
2768_right.jpg,C:\projects\retina-ai-ocular-disease-classification\archive\dataset\normal\2768_right.jpg,normal/2768_right.jpg,normal,512,512,3,094cc17e4ef9653c4bfb5c77069ef7a2,2768,train
2770_left.jpg,C:\projects\retina-ai-ocular-disease-classification\archive\dataset\normal\2770_left.jpg,normal/2770_left.jpg,normal,512,512,3,5dfe3483083f84dcce855c7d477374f9,2770,train
2770_right.jpg,C:\projects\retina-ai-ocular-disease-classification\archive\dataset\normal\2770_right.jpg,normal/2770_right.jpg,normal,512,512,3,4bfe8a3e3602cd8c954e5970b7fe2276,2770,train
2773_left.jpg,C:\projects\retina-ai-ocular-disease-classification\archive\dataset\normal\2773_left.jpg,normal/2773_left.jpg,normal,512,512,3,223be3bbb7f67c4260595a6e319f8bb3,2773,train
2773_right.jpg,C:\projects\retina-ai-ocular-disease-classification\archive\dataset\normal\2773_right.jpg,normal/2773_right.jpg,normal,512,512,3,202b044e472c286a1658008e8a27867f,2773,train
2779_left.jpg,C:\projects\retina-ai-ocular-disease-classification\archive\dataset\normal\2779_left.jpg,normal/2779_left.jpg,normal,512,512,3,58bd1ccee76a403411c0b12707cf763e,2779,train
2779_right.jpg,C:\projects\retina-ai-ocular-disease-classification\archive\dataset\normal\2779_right.jpg,normal/2779_right.jpg,normal,512,512,3,991c529fa4f479866507d1c0254851d2,2779,train
2780_left.jpg,C:\projects\retina-ai-ocular-disease-classification\archive\dataset\normal\2780_left.jpg,normal/2780_left.jpg,normal,512,512,3,003451b16ba8f73a73154695d9d335ea,2780,train
2780_right.jpg,C:\projects\retina-ai-ocular-disease-classification\archive\dataset\normal\2780_right.jpg,normal/2780_right.jpg,normal,512,512,3,dea05d279810036500c86a9978d59f5c,2780,train
2782_left.jpg,C:\projects\retina-ai-ocular-disease-classification\archive\dataset\normal\2782_left.jpg,normal/2782_left.jpg,normal,512,512,3,97328eb1dc37b1fe20f13a2b44d4d212,2782,train
2782_right.jpg,C:\projects\retina-ai-ocular-disease-classification\archive\dataset\normal\2782_right.jpg,normal/2782_right.jpg,normal,512,512,3,7c955f3db4f8db0165f4486ee71c60b2,2782,train
2786_left.jpg,C:\projects\retina-ai-ocular-disease-classification\archive\dataset\normal\2786_left.jpg,normal/2786_left.jpg,normal,512,512,3,734306df3e4df2ce8a8bdca2838e3e63,2786,train
2786_right.jpg,C:\projects\retina-ai-ocular-disease-classification\archive\dataset\normal\2786_right.jpg,normal/2786_right.jpg,normal,512,512,3,11503a4d33bede43a6b3a4c493929218,2786,train
2787_left.jpg,C:\projects\retina-ai-ocular-disease-classification\archive\dataset\normal\2787_left.jpg,normal/2787_left.jpg,normal,512,512,3,35ad95efa6f32c1e1b50cd8c326b69d5,2787,train
2787_right.jpg,C:\projects\retina-ai-ocular-disease-classification\archive\dataset\normal\2787_right.jpg,normal/2787_right.jpg,normal,512,512,3,dfaab14e743df3a40c89f4e7264148a4,2787,train
2789_left.jpg,C:\projects\retina-ai-ocular-disease-classification\archive\dataset\normal\2789_left.jpg,normal/2789_left.jpg,normal,512,512,3,0d290734c3b0be565a05b7756c80c749,2789,train
2789_right.jpg,C:\projects\retina-ai-ocular-disease-classification\archive\dataset\normal\2789_right.jpg,normal/2789_right.jpg,normal,512,512,3,3a1ae6d21a8e962864e078a96c444c01,2789,train
2794_left.jpg,C:\projects\retina-ai-ocular-disease-classification\archive\dataset\normal\2794_left.jpg,normal/2794_left.jpg,normal,512,512,3,c261c3522adcca9a9426d278bf28dea1,2794,train
2794_right.jpg,C:\projects\retina-ai-ocular-disease-classification\archive\dataset\normal\2794_right.jpg,normal/2794_right.jpg,normal,512,512,3,befb9c3a7db2af8fedb45e662593fc91,2794,train
2795_right.jpg,C:\projects\retina-ai-ocular-disease-classification\archive\dataset\normal\2795_right.jpg,normal/2795_right.jpg,normal,512,512,3,79cff4a6482b4d4ff4f7a50d508a3fbf,2795,train
2797_left.jpg,C:\projects\retina-ai-ocular-disease-classification\archive\dataset\normal\2797_left.jpg,normal/2797_left.jpg,normal,512,512,3,977daa47df6b0d382052bcacb40249db,2797,train
2797_right.jpg,C:\projects\retina-ai-ocular-disease-classification\archive\dataset\normal\2797_right.jpg,normal/2797_right.jpg,normal,512,512,3,6508a0fa7d1ba42aa5478d8f8f54ae83,2797,train
2798_right.jpg,C:\projects\retina-ai-ocular-disease-classification\archive\dataset\normal\2798_right.jpg,normal/2798_right.jpg,normal,512,512,3,16f6e17329a6b46f65ac0e663b550447,2798,train
2802_left.jpg,C:\projects\retina-ai-ocular-disease-classification\archive\dataset\normal\2802_left.jpg,normal/2802_left.jpg,normal,512,512,3,42f13678c7deb38300e1aab1e3a57c14,2802,train
2802_right.jpg,C:\projects\retina-ai-ocular-disease-classification\archive\dataset\normal\2802_right.jpg,normal/2802_right.jpg,normal,512,512,3,5ee73313ff03dc3ed287f4802e61cfef,2802,train
2807_left.jpg,C:\projects\retina-ai-ocular-disease-classification\archive\dataset\normal\2807_left.jpg,normal/2807_left.jpg,normal,512,512,3,a958b9e849085984091fa72ef2a5a08a,2807,train
2808_left.jpg,C:\projects\retina-ai-ocular-disease-classification\archive\dataset\normal\2808_left.jpg,normal/2808_left.jpg,normal,512,512,3,be01f9b501c6fe395ae7e71d8ca613dc,2808,train
2808_right.jpg,C:\projects\retina-ai-ocular-disease-classification\archive\dataset\normal\2808_right.jpg,normal/2808_right.jpg,normal,512,512,3,4adbf04ea6a174fee99fdc0c8bcd7069,2808,train
2812_left.jpg,C:\projects\retina-ai-ocular-disease-classification\archive\dataset\normal\2812_left.jpg,normal/2812_left.jpg,normal,512,512,3,62e2b2e6b23fa5981a2164bdeb176d71,2812,train
2812_right.jpg,C:\projects\retina-ai-ocular-disease-classification\archive\dataset\normal\2812_right.jpg,normal/2812_right.jpg,normal,512,512,3,54333c1e7882984bc127af0110e59363,2812,train
2813_left.jpg,C:\projects\retina-ai-ocular-disease-classification\archive\dataset\normal\2813_left.jpg,normal/2813_left.jpg,normal,512,512,3,5e520a8ec7e218d4b0ac853504a65d5b,2813,train
2815_left.jpg,C:\projects\retina-ai-ocular-disease-classification\archive\dataset\normal\2815_left.jpg,normal/2815_left.jpg,normal,512,512,3,1dd553fa1849bdc6bf508bfa3ff087b0,2815,train
2820_left.jpg,C:\projects\retina-ai-ocular-disease-classification\archive\dataset\normal\2820_left.jpg,normal/2820_left.jpg,normal,512,512,3,7b57836d17098a9d42745a01a8ed1ce3,2820,train
2820_right.jpg,C:\projects\retina-ai-ocular-disease-classification\archive\dataset\normal\2820_right.jpg,normal/2820_right.jpg,normal,512,512,3,13acd2e84cc80ee2517770d8825f5401,2820,train
2822_left.jpg,C:\projects\retina-ai-ocular-disease-classification\archive\dataset\normal\2822_left.jpg,normal/2822_left.jpg,normal,512,512,3,1a06c33a584b8a6751d93b7e37d32cdc,2822,train
2822_right.jpg,C:\projects\retina-ai-ocular-disease-classification\archive\dataset\normal\2822_right.jpg,normal/2822_right.jpg,normal,512,512,3,e72b8e817f6f801b262d153d885c5092,2822,train
2826_left.jpg,C:\projects\retina-ai-ocular-disease-classification\archive\dataset\normal\2826_left.jpg,normal/2826_left.jpg,normal,512,512,3,c0b1319aebe67df53b70b77911be4bb9,2826,train
2826_right.jpg,C:\projects\retina-ai-ocular-disease-classification\archive\dataset\normal\2826_right.jpg,normal/2826_right.jpg,normal,512,512,3,e69086d16a71c1cd26edc48bbd8da2a0,2826,train
2827_left.jpg,C:\projects\retina-ai-ocular-disease-classification\archive\dataset\normal\2827_left.jpg,normal/2827_left.jpg,normal,512,512,3,af2ea9041a10de95d55a91b04524a529,2827,train
2827_right.jpg,C:\projects\retina-ai-ocular-disease-classification\archive\dataset\normal\2827_right.jpg,normal/2827_right.jpg,normal,512,512,3,a261bb60158727ad721d74725e10ef09,2827,train
2833_left.jpg,C:\projects\retina-ai-ocular-disease-classification\archive\dataset\normal\2833_left.jpg,normal/2833_left.jpg,normal,512,512,3,a267cb403e0a9ac934f3274c5caf25af,2833,train
2833_right.jpg,C:\projects\retina-ai-ocular-disease-classification\archive\dataset\normal\2833_right.jpg,normal/2833_right.jpg,normal,512,512,3,78c6fed43392dd4d71479bc6cb9b517a,2833,train
2838_left.jpg,C:\projects\retina-ai-ocular-disease-classification\archive\dataset\normal\2838_left.jpg,normal/2838_left.jpg,normal,512,512,3,9c3a183389903124d962f0561b62d1c2,2838,train
2838_right.jpg,C:\projects\retina-ai-ocular-disease-classification\archive\dataset\normal\2838_right.jpg,normal/2838_right.jpg,normal,512,512,3,ba6f21aaa409a3211f29a31d6f564d27,2838,train
2839_left.jpg,C:\projects\retina-ai-ocular-disease-classification\archive\dataset\normal\2839_left.jpg,normal/2839_left.jpg,normal,512,512,3,eb5fe6c9171079403d4d027dbff68561,2839,train
2839_right.jpg,C:\projects\retina-ai-ocular-disease-classification\archive\dataset\normal\2839_right.jpg,normal/2839_right.jpg,normal,512,512,3,e6d5bcd3151b0d6d66627af4e3f987ca,2839,train
2842_left.jpg,C:\projects\retina-ai-ocular-disease-classification\archive\dataset\normal\2842_left.jpg,normal/2842_left.jpg,normal,512,512,3,cee3ebfc98d1bbf33ce6d8fb7fa835bf,2842,train
2842_right.jpg,C:\projects\retina-ai-ocular-disease-classification\archive\dataset\normal\2842_right.jpg,normal/2842_right.jpg,normal,512,512,3,805d8fd0a197ce64ed10c0e434ad7269,2842,train
2844_left.jpg,C:\projects\retina-ai-ocular-disease-classification\archive\dataset\normal\2844_left.jpg,normal/2844_left.jpg,normal,512,512,3,263c79ccedf2991c6bfbb523796f0fe9,2844,train
2848_left.jpg,C:\projects\retina-ai-ocular-disease-classification\archive\dataset\normal\2848_left.jpg,normal/2848_left.jpg,normal,512,512,3,00c66850cb602e50bdce246b383b2e12,2848,train
2848_right.jpg,C:\projects\retina-ai-ocular-disease-classification\archive\dataset\normal\2848_right.jpg,normal/2848_right.jpg,normal,512,512,3,93392cc0ae58d5cdccb03c8c7e2acdf7,2848,train
2849_left.jpg,C:\projects\retina-ai-ocular-disease-classification\archive\dataset\normal\2849_left.jpg,normal/2849_left.jpg,normal,512,512,3,c3d07a0c93ffdf322d83600ed0a3868e,2849,train
2849_right.jpg,C:\projects\retina-ai-ocular-disease-classification\archive\dataset\normal\2849_right.jpg,normal/2849_right.jpg,normal,512,512,3,7d2dfe2cf38a97ac57c8ed21de2c80ef,2849,train
2850_left.jpg,C:\projects\retina-ai-ocular-disease-classification\archive\dataset\normal\2850_left.jpg,normal/2850_left.jpg,normal,512,512,3,06821c2129375b1a7050350910994e8e,2850,train
2850_right.jpg,C:\projects\retina-ai-ocular-disease-classification\archive\dataset\normal\2850_right.jpg,normal/2850_right.jpg,normal,512,512,3,299ac88b438ff58708eaef66e790040c,2850,train
2851_right.jpg,C:\projects\retina-ai-ocular-disease-classification\archive\dataset\normal\2851_right.jpg,normal/2851_right.jpg,normal,512,512,3,9f19c20c62a8df61f759850b2d14cbce,2851,train
2852_left.jpg,C:\projects\retina-ai-ocular-disease-classification\archive\dataset\normal\2852_left.jpg,normal/2852_left.jpg,normal,512,512,3,52b8548004de04a068c6d99edfabdb1e,2852,train
2852_right.jpg,C:\projects\retina-ai-ocular-disease-classification\archive\dataset\normal\2852_right.jpg,normal/2852_right.jpg,normal,512,512,3,f4c048504fa725d5adbaa5ecc2d02230,2852,train
2853_left.jpg,C:\projects\retina-ai-ocular-disease-classification\archive\dataset\normal\2853_left.jpg,normal/2853_left.jpg,normal,512,512,3,40ad52a91e11db43c103c46e9720e957,2853,train
2853_right.jpg,C:\projects\retina-ai-ocular-disease-classification\archive\dataset\normal\2853_right.jpg,normal/2853_right.jpg,normal,512,512,3,3527a0eead92c274556c100f5c36492d,2853,train
2857_left.jpg,C:\projects\retina-ai-ocular-disease-classification\archive\dataset\normal\2857_left.jpg,normal/2857_left.jpg,normal,512,512,3,f42d0bb2e1cd5837a4de6d67342b2954,2857,train
2857_right.jpg,C:\projects\retina-ai-ocular-disease-classification\archive\dataset\normal\2857_right.jpg,normal/2857_right.jpg,normal,512,512,3,7a4847e77258dc7113f2171ab1675569,2857,train
2858_left.jpg,C:\projects\retina-ai-ocular-disease-classification\archive\dataset\normal\2858_left.jpg,normal/2858_left.jpg,normal,512,512,3,1328ae7e37c8fc89af503ee3d803981e,2858,train
2858_right.jpg,C:\projects\retina-ai-ocular-disease-classification\archive\dataset\normal\2858_right.jpg,normal/2858_right.jpg,normal,512,512,3,1a6f629bb0acaa1a7b7e01b1e6e2e8b7,2858,train
2862_left.jpg,C:\projects\retina-ai-ocular-disease-classification\archive\dataset\normal\2862_left.jpg,normal/2862_left.jpg,normal,512,512,3,1f6fd308ee512228eb6039c259039240,2862,train
2862_right.jpg,C:\projects\retina-ai-ocular-disease-classification\archive\dataset\normal\2862_right.jpg,normal/2862_right.jpg,normal,512,512,3,a503f8074e5acbf70fedd71ceb30203d,2862,train
2864_left.jpg,C:\projects\retina-ai-ocular-disease-classification\archive\dataset\normal\2864_left.jpg,normal/2864_left.jpg,normal,512,512,3,4c4a75a0805d05c53edc8f900a516b36,2864,train
2864_right.jpg,C:\projects\retina-ai-ocular-disease-classification\archive\dataset\normal\2864_right.jpg,normal/2864_right.jpg,normal,512,512,3,bc36801f4b0827d0215c9cf282aa82bc,2864,train
2869_left.jpg,C:\projects\retina-ai-ocular-disease-classification\archive\dataset\normal\2869_left.jpg,normal/2869_left.jpg,normal,512,512,3,ca29e8376997a43f0a6ef607a82fff36,2869,train
2869_right.jpg,C:\projects\retina-ai-ocular-disease-classification\archive\dataset\normal\2869_right.jpg,normal/2869_right.jpg,normal,512,512,3,8d0f8105fadb5e9c02374b5ceb3ccc1b,2869,train
2878_left.jpg,C:\projects\retina-ai-ocular-disease-classification\archive\dataset\normal\2878_left.jpg,normal/2878_left.jpg,normal,512,512,3,4bc094d9e4aa5391eeea40c81a9e2546,2878,train
2878_right.jpg,C:\projects\retina-ai-ocular-disease-classification\archive\dataset\normal\2878_right.jpg,normal/2878_right.jpg,normal,512,512,3,654e1d73b48d846244638b21ee0cdf4e,2878,train
2880_left.jpg,C:\projects\retina-ai-ocular-disease-classification\archive\dataset\normal\2880_left.jpg,normal/2880_left.jpg,normal,512,512,3,0ccdda4491d60674f9275b1a092c9049,2880,train
2880_right.jpg,C:\projects\retina-ai-ocular-disease-classification\archive\dataset\normal\2880_right.jpg,normal/2880_right.jpg,normal,512,512,3,8bf2f60b798a7dc6dd5adac060aa0d82,2880,train
2881_left.jpg,C:\projects\retina-ai-ocular-disease-classification\archive\dataset\normal\2881_left.jpg,normal/2881_left.jpg,normal,512,512,3,c5c09460ecc383212e46f57764e8db34,2881,train
2881_right.jpg,C:\projects\retina-ai-ocular-disease-classification\archive\dataset\normal\2881_right.jpg,normal/2881_right.jpg,normal,512,512,3,88edf106cc89bc837d275eb579bfbd7f,2881,train
2882_left.jpg,C:\projects\retina-ai-ocular-disease-classification\archive\dataset\normal\2882_left.jpg,normal/2882_left.jpg,normal,512,512,3,06065a690da136a72d6469fd66ae2a41,2882,train
2882_right.jpg,C:\projects\retina-ai-ocular-disease-classification\archive\dataset\normal\2882_right.jpg,normal/2882_right.jpg,normal,512,512,3,b18926dc358f288a0d851df3f4afc82b,2882,train
2884_left.jpg,C:\projects\retina-ai-ocular-disease-classification\archive\dataset\normal\2884_left.jpg,normal/2884_left.jpg,normal,512,512,3,0d327f28d79acb4ff6e2a86fa56533e5,2884,train
2884_right.jpg,C:\projects\retina-ai-ocular-disease-classification\archive\dataset\normal\2884_right.jpg,normal/2884_right.jpg,normal,512,512,3,59bc5e742764e01c1c5fa80a9da3c3eb,2884,train
2889_left.jpg,C:\projects\retina-ai-ocular-disease-classification\archive\dataset\normal\2889_left.jpg,normal/2889_left.jpg,normal,512,512,3,dcb4b99b68cb92426484cb7c9534fbcb,2889,train
2890_left.jpg,C:\projects\retina-ai-ocular-disease-classification\archive\dataset\normal\2890_left.jpg,normal/2890_left.jpg,normal,512,512,3,669bdf90d171a7a8b8e87e05e79a8eab,2890,train
2890_right.jpg,C:\projects\retina-ai-ocular-disease-classification\archive\dataset\normal\2890_right.jpg,normal/2890_right.jpg,normal,512,512,3,63056b6006759276ef6b12780198b8ee,2890,train
2895_left.jpg,C:\projects\retina-ai-ocular-disease-classification\archive\dataset\normal\2895_left.jpg,normal/2895_left.jpg,normal,512,512,3,73f3e5cdfa768005aa3c25c0e6852b88,2895,train
2895_right.jpg,C:\projects\retina-ai-ocular-disease-classification\archive\dataset\normal\2895_right.jpg,normal/2895_right.jpg,normal,512,512,3,0229cc9e10f68f9c11766beab71ee3d1,2895,train
2897_right.jpg,C:\projects\retina-ai-ocular-disease-classification\archive\dataset\normal\2897_right.jpg,normal/2897_right.jpg,normal,512,512,3,f7d47ebda2bbf212e52b4772921034b4,2897,train
2908_left.jpg,C:\projects\retina-ai-ocular-disease-classification\archive\dataset\normal\2908_left.jpg,normal/2908_left.jpg,normal,512,512,3,2c9c7e25bb8a5a4be3ca42230965160c,2908,train
2908_right.jpg,C:\projects\retina-ai-ocular-disease-classification\archive\dataset\normal\2908_right.jpg,normal/2908_right.jpg,normal,512,512,3,4cbec8b5a24cbb8af18b90b465638ee2,2908,train
2910_left.jpg,C:\projects\retina-ai-ocular-disease-classification\archive\dataset\normal\2910_left.jpg,normal/2910_left.jpg,normal,512,512,3,179173cfd3d707c8aedbd5a17bd6679b,2910,train
2910_right.jpg,C:\projects\retina-ai-ocular-disease-classification\archive\dataset\normal\2910_right.jpg,normal/2910_right.jpg,normal,512,512,3,bbb009e04a76681473deafd6188dba3e,2910,train
2911_left.jpg,C:\projects\retina-ai-ocular-disease-classification\archive\dataset\normal\2911_left.jpg,normal/2911_left.jpg,normal,512,512,3,a3644b7857634e9f4a27bf520eecef6d,2911,train
2911_right.jpg,C:\projects\retina-ai-ocular-disease-classification\archive\dataset\normal\2911_right.jpg,normal/2911_right.jpg,normal,512,512,3,80eaaee31069cfdbcf406673030710bf,2911,train
2915_left.jpg,C:\projects\retina-ai-ocular-disease-classification\archive\dataset\normal\2915_left.jpg,normal/2915_left.jpg,normal,512,512,3,b647d07f26607eaccbad0545f6da84ae,2915,train
2915_right.jpg,C:\projects\retina-ai-ocular-disease-classification\archive\dataset\normal\2915_right.jpg,normal/2915_right.jpg,normal,512,512,3,02f5b0afe16753f625230f9603c11bb3,2915,train
2919_left.jpg,C:\projects\retina-ai-ocular-disease-classification\archive\dataset\normal\2919_left.jpg,normal/2919_left.jpg,normal,512,512,3,792d9e6ae466dce6f0d4cf5c1cdd2f1a,2919,train
2919_right.jpg,C:\projects\retina-ai-ocular-disease-classification\archive\dataset\normal\2919_right.jpg,normal/2919_right.jpg,normal,512,512,3,e93055062ce720751105d322bb04742a,2919,train
2924_left.jpg,C:\projects\retina-ai-ocular-disease-classification\archive\dataset\normal\2924_left.jpg,normal/2924_left.jpg,normal,512,512,3,0bb0c54f42c1ebed5bae9a8fa3d2e97d,2924,train
2924_right.jpg,C:\projects\retina-ai-ocular-disease-classification\archive\dataset\normal\2924_right.jpg,normal/2924_right.jpg,normal,512,512,3,0acbe94bae6e6ac8605b178f877ad26f,2924,train
2931_left.jpg,C:\projects\retina-ai-ocular-disease-classification\archive\dataset\normal\2931_left.jpg,normal/2931_left.jpg,normal,512,512,3,4caa819773f4565f04ff68a9cfd9fc3b,2931,train
2931_right.jpg,C:\projects\retina-ai-ocular-disease-classification\archive\dataset\normal\2931_right.jpg,normal/2931_right.jpg,normal,512,512,3,efe544c4e9e3cd17cc214586fa86f220,2931,train
2932_left.jpg,C:\projects\retina-ai-ocular-disease-classification\archive\dataset\normal\2932_left.jpg,normal/2932_left.jpg,normal,512,512,3,01598d1a74b7f2ad4dadd72fb2f90813,2932,train
2932_right.jpg,C:\projects\retina-ai-ocular-disease-classification\archive\dataset\normal\2932_right.jpg,normal/2932_right.jpg,normal,512,512,3,a938729910bf3709f669befb354a3543,2932,train
2933_left.jpg,C:\projects\retina-ai-ocular-disease-classification\archive\dataset\normal\2933_left.jpg,normal/2933_left.jpg,normal,512,512,3,99c92d19fd22f8da4e82504a7bb92e91,2933,train
2933_right.jpg,C:\projects\retina-ai-ocular-disease-classification\archive\dataset\normal\2933_right.jpg,normal/2933_right.jpg,normal,512,512,3,8dde223734a241b087bcc656cf217e6d,2933,train
2935_left.jpg,C:\projects\retina-ai-ocular-disease-classification\archive\dataset\normal\2935_left.jpg,normal/2935_left.jpg,normal,512,512,3,bd7e1276f02ecdb4286245034333f1e7,2935,train
2935_right.jpg,C:\projects\retina-ai-ocular-disease-classification\archive\dataset\normal\2935_right.jpg,normal/2935_right.jpg,normal,512,512,3,1388aaa8e5169117fc39358eb47f3caf,2935,train
2944_left.jpg,C:\projects\retina-ai-ocular-disease-classification\archive\dataset\normal\2944_left.jpg,normal/2944_left.jpg,normal,512,512,3,aad65125f162478609cc03782dcf90eb,2944,train
2944_right.jpg,C:\projects\retina-ai-ocular-disease-classification\archive\dataset\normal\2944_right.jpg,normal/2944_right.jpg,normal,512,512,3,8e132afd3db7b9703c78ecae841ecb1e,2944,train
2946_left.jpg,C:\projects\retina-ai-ocular-disease-classification\archive\dataset\normal\2946_left.jpg,normal/2946_left.jpg,normal,512,512,3,875bd6e233675b6ab0dea7f6870432c5,2946,train
2946_right.jpg,C:\projects\retina-ai-ocular-disease-classification\archive\dataset\normal\2946_right.jpg,normal/2946_right.jpg,normal,512,512,3,d78cc10d62dadfe534e0d29a281e487d,2946,train
2948_left.jpg,C:\projects\retina-ai-ocular-disease-classification\archive\dataset\normal\2948_left.jpg,normal/2948_left.jpg,normal,512,512,3,ab8c251f15b37555213c1bf3fe5a6c39,2948,train
2948_right.jpg,C:\projects\retina-ai-ocular-disease-classification\archive\dataset\normal\2948_right.jpg,normal/2948_right.jpg,normal,512,512,3,4edfcd08687a81d2bb2d0257b3e0d161,2948,train
2950_left.jpg,C:\projects\retina-ai-ocular-disease-classification\archive\dataset\normal\2950_left.jpg,normal/2950_left.jpg,normal,512,512,3,58476a3d53a6bc1349e24580b3d38076,2950,train
2950_right.jpg,C:\projects\retina-ai-ocular-disease-classification\archive\dataset\normal\2950_right.jpg,normal/2950_right.jpg,normal,512,512,3,077c88c8d6c2f733165b7b22049d0b4d,2950,train
2953_right.jpg,C:\projects\retina-ai-ocular-disease-classification\archive\dataset\normal\2953_right.jpg,normal/2953_right.jpg,normal,512,512,3,2af7a71da8fb2dd930738361c63781e0,2953,train
2957_left.jpg,C:\projects\retina-ai-ocular-disease-classification\archive\dataset\normal\2957_left.jpg,normal/2957_left.jpg,normal,512,512,3,57b68c327584fb3afff568cf4e8d56da,2957,train
2957_right.jpg,C:\projects\retina-ai-ocular-disease-classification\archive\dataset\normal\2957_right.jpg,normal/2957_right.jpg,normal,512,512,3,3a69b7aee55ede9c3764514d3b9e60e5,2957,train
2961_left.jpg,C:\projects\retina-ai-ocular-disease-classification\archive\dataset\normal\2961_left.jpg,normal/2961_left.jpg,normal,512,512,3,bf26e4f609e0027879c92de10a8c7375,2961,train
2961_right.jpg,C:\projects\retina-ai-ocular-disease-classification\archive\dataset\normal\2961_right.jpg,normal/2961_right.jpg,normal,512,512,3,8986d1e8f29361d5d1f76cb29fccc199,2961,train
2962_left.jpg,C:\projects\retina-ai-ocular-disease-classification\archive\dataset\normal\2962_left.jpg,normal/2962_left.jpg,normal,512,512,3,a1004b949aa17fc909ce24e8a6cb73f1,2962,train
2962_right.jpg,C:\projects\retina-ai-ocular-disease-classification\archive\dataset\normal\2962_right.jpg,normal/2962_right.jpg,normal,512,512,3,0160861bde1f269573063a4c1f21c511,2962,train
2966_left.jpg,C:\projects\retina-ai-ocular-disease-classification\archive\dataset\normal\2966_left.jpg,normal/2966_left.jpg,normal,512,512,3,9c7bbcad47e8f33e4d7a868c6889a546,2966,train
2966_right.jpg,C:\projects\retina-ai-ocular-disease-classification\archive\dataset\normal\2966_right.jpg,normal/2966_right.jpg,normal,512,512,3,ac3ba72f7f09d0177723ec9f56b3d1de,2966,train
2967_left.jpg,C:\projects\retina-ai-ocular-disease-classification\archive\dataset\normal\2967_left.jpg,normal/2967_left.jpg,normal,512,512,3,c3fc21331514b40b16a6586f94b3e1a1,2967,train
2967_right.jpg,C:\projects\retina-ai-ocular-disease-classification\archive\dataset\normal\2967_right.jpg,normal/2967_right.jpg,normal,512,512,3,79a86283f4bebdac88c6c020501d814e,2967,train
2971_left.jpg,C:\projects\retina-ai-ocular-disease-classification\archive\dataset\normal\2971_left.jpg,normal/2971_left.jpg,normal,512,512,3,458c3d93e4c63a53a7c6c49f2147a982,2971,train
2971_right.jpg,C:\projects\retina-ai-ocular-disease-classification\archive\dataset\normal\2971_right.jpg,normal/2971_right.jpg,normal,512,512,3,de8af1b13bc9e8184c358298c51b9e0c,2971,train
2974_left.jpg,C:\projects\retina-ai-ocular-disease-classification\archive\dataset\normal\2974_left.jpg,normal/2974_left.jpg,normal,512,512,3,f81df9463f6c4376c25991df161df79f,2974,train
2974_right.jpg,C:\projects\retina-ai-ocular-disease-classification\archive\dataset\normal\2974_right.jpg,normal/2974_right.jpg,normal,512,512,3,d813abe9b2542317521a8eb3feb674a8,2974,train
2975_left.jpg,C:\projects\retina-ai-ocular-disease-classification\archive\dataset\normal\2975_left.jpg,normal/2975_left.jpg,normal,512,512,3,02552112afc0d5e9e8246a9e796c038b,2975,train
2975_right.jpg,C:\projects\retina-ai-ocular-disease-classification\archive\dataset\normal\2975_right.jpg,normal/2975_right.jpg,normal,512,512,3,9d67e6cc605ee36d160c43e5331f8eb0,2975,train
2979_left.jpg,C:\projects\retina-ai-ocular-disease-classification\archive\dataset\normal\2979_left.jpg,normal/2979_left.jpg,normal,512,512,3,97093e88e2624a516ceb9d2b1574763b,2979,train
2979_right.jpg,C:\projects\retina-ai-ocular-disease-classification\archive\dataset\normal\2979_right.jpg,normal/2979_right.jpg,normal,512,512,3,591e1ab7891f6b8dc382a3f0dd675e60,2979,train
2980_left.jpg,C:\projects\retina-ai-ocular-disease-classification\archive\dataset\normal\2980_left.jpg,normal/2980_left.jpg,normal,512,512,3,c2b4e753ee7d81bdb78999e3aaa046b6,2980,train
2980_right.jpg,C:\projects\retina-ai-ocular-disease-classification\archive\dataset\normal\2980_right.jpg,normal/2980_right.jpg,normal,512,512,3,d03d22a054c0e128d3af1ebf3eb3d77f,2980,train
2981_left.jpg,C:\projects\retina-ai-ocular-disease-classification\archive\dataset\normal\2981_left.jpg,normal/2981_left.jpg,normal,512,512,3,0d1770ae5a9ae5fab7027e98ca091552,2981,train
2981_right.jpg,C:\projects\retina-ai-ocular-disease-classification\archive\dataset\normal\2981_right.jpg,normal/2981_right.jpg,normal,512,512,3,5666146849a36d1158f98dd818e61aca,2981,train
2984_left.jpg,C:\projects\retina-ai-ocular-disease-classification\archive\dataset\normal\2984_left.jpg,normal/2984_left.jpg,normal,512,512,3,b9798c5565758e49c73a5bd63bc36b9a,2984,train
2984_right.jpg,C:\projects\retina-ai-ocular-disease-classification\archive\dataset\normal\2984_right.jpg,normal/2984_right.jpg,normal,512,512,3,b56942c22e1092a6decbd6f881e474c0,2984,train
2985_left.jpg,C:\projects\retina-ai-ocular-disease-classification\archive\dataset\normal\2985_left.jpg,normal/2985_left.jpg,normal,512,512,3,e1359beba35a4a2c8df117ec8dbcd8e8,2985,train
2985_right.jpg,C:\projects\retina-ai-ocular-disease-classification\archive\dataset\normal\2985_right.jpg,normal/2985_right.jpg,normal,512,512,3,ead90d24c9e1faf628ac92ff3bf4e665,2985,train
2991_left.jpg,C:\projects\retina-ai-ocular-disease-classification\archive\dataset\normal\2991_left.jpg,normal/2991_left.jpg,normal,512,512,3,aaed66496b4f9336dfcfd90b7e38fdb0,2991,train
2991_right.jpg,C:\projects\retina-ai-ocular-disease-classification\archive\dataset\normal\2991_right.jpg,normal/2991_right.jpg,normal,512,512,3,ec3e6ca0195572ec5c6d03afd634fc47,2991,train
2996_left.jpg,C:\projects\retina-ai-ocular-disease-classification\archive\dataset\normal\2996_left.jpg,normal/2996_left.jpg,normal,512,512,3,9906ea4645786499eaf712ac74aaec85,2996,train
2996_right.jpg,C:\projects\retina-ai-ocular-disease-classification\archive\dataset\normal\2996_right.jpg,normal/2996_right.jpg,normal,512,512,3,ec6beb50ca67117dfbe664225e1961a5,2996,train
3000_left.jpg,C:\projects\retina-ai-ocular-disease-classification\archive\dataset\normal\3000_left.jpg,normal/3000_left.jpg,normal,512,512,3,d24311861794016830524b7a48323ded,3000,train
3000_right.jpg,C:\projects\retina-ai-ocular-disease-classification\archive\dataset\normal\3000_right.jpg,normal/3000_right.jpg,normal,512,512,3,532074d5d646c2e140b408882cb9f459,3000,train
3001_left.jpg,C:\projects\retina-ai-ocular-disease-classification\archive\dataset\normal\3001_left.jpg,normal/3001_left.jpg,normal,512,512,3,65937e5ae2da560e41496ada5143f12e,3001,train
3001_right.jpg,C:\projects\retina-ai-ocular-disease-classification\archive\dataset\normal\3001_right.jpg,normal/3001_right.jpg,normal,512,512,3,6cdcca4c88de724ca289e243e01a9e62,3001,train
3004_left.jpg,C:\projects\retina-ai-ocular-disease-classification\archive\dataset\normal\3004_left.jpg,normal/3004_left.jpg,normal,512,512,3,c9250f566b3c7c878d6c6fecc3ea2e58,3004,train
3004_right.jpg,C:\projects\retina-ai-ocular-disease-classification\archive\dataset\normal\3004_right.jpg,normal/3004_right.jpg,normal,512,512,3,3e9bd156a7a9b7ab9eee44b299b79a70,3004,train
3008_left.jpg,C:\projects\retina-ai-ocular-disease-classification\archive\dataset\normal\3008_left.jpg,normal/3008_left.jpg,normal,512,512,3,ccc89fc5f5e7d2c0b3a588ab3a7cd4d5,3008,train
3008_right.jpg,C:\projects\retina-ai-ocular-disease-classification\archive\dataset\normal\3008_right.jpg,normal/3008_right.jpg,normal,512,512,3,90a5adda94bb8352c2caa2a4e9c0b824,3008,train
3010_left.jpg,C:\projects\retina-ai-ocular-disease-classification\archive\dataset\normal\3010_left.jpg,normal/3010_left.jpg,normal,512,512,3,abb57cc204cf6ce146dd31aa28cc9dd2,3010,train
3010_right.jpg,C:\projects\retina-ai-ocular-disease-classification\archive\dataset\normal\3010_right.jpg,normal/3010_right.jpg,normal,512,512,3,319bbdb78aa2a219b723ecf0a38b764d,3010,train
3016_left.jpg,C:\projects\retina-ai-ocular-disease-classification\archive\dataset\normal\3016_left.jpg,normal/3016_left.jpg,normal,512,512,3,e20385c6716306447e15cafe2cb21bd4,3016,train
3016_right.jpg,C:\projects\retina-ai-ocular-disease-classification\archive\dataset\normal\3016_right.jpg,normal/3016_right.jpg,normal,512,512,3,e917f44943f0c00ee07e04b8345ed98a,3016,train
3018_left.jpg,C:\projects\retina-ai-ocular-disease-classification\archive\dataset\normal\3018_left.jpg,normal/3018_left.jpg,normal,512,512,3,17925f45fdf6a4bb89dd40b112765a24,3018,train
3018_right.jpg,C:\projects\retina-ai-ocular-disease-classification\archive\dataset\normal\3018_right.jpg,normal/3018_right.jpg,normal,512,512,3,c0ae6ae8cf4411cb1138ab13182787dc,3018,train
3020_left.jpg,C:\projects\retina-ai-ocular-disease-classification\archive\dataset\normal\3020_left.jpg,normal/3020_left.jpg,normal,512,512,3,0b745804d03401410dca9512d8daa6bd,3020,train
3020_right.jpg,C:\projects\retina-ai-ocular-disease-classification\archive\dataset\normal\3020_right.jpg,normal/3020_right.jpg,normal,512,512,3,a7c192e9104ac0918c37f18d581fc43a,3020,train
3026_left.jpg,C:\projects\retina-ai-ocular-disease-classification\archive\dataset\normal\3026_left.jpg,normal/3026_left.jpg,normal,512,512,3,e25099c04a4b859e85a33b1c138df305,3026,train
3026_right.jpg,C:\projects\retina-ai-ocular-disease-classification\archive\dataset\normal\3026_right.jpg,normal/3026_right.jpg,normal,512,512,3,77f618e4c744560bcbe41d508b058315,3026,train
3034_left.jpg,C:\projects\retina-ai-ocular-disease-classification\archive\dataset\normal\3034_left.jpg,normal/3034_left.jpg,normal,512,512,3,70f8498e8d64163447a2bb3c78fa315c,3034,train
3034_right.jpg,C:\projects\retina-ai-ocular-disease-classification\archive\dataset\normal\3034_right.jpg,normal/3034_right.jpg,normal,512,512,3,6520957eddd3eae37a1570d38ef2811c,3034,train
3040_left.jpg,C:\projects\retina-ai-ocular-disease-classification\archive\dataset\normal\3040_left.jpg,normal/3040_left.jpg,normal,512,512,3,bcdfa682df0f75ae7247a35e175c7b88,3040,train
3040_right.jpg,C:\projects\retina-ai-ocular-disease-classification\archive\dataset\normal\3040_right.jpg,normal/3040_right.jpg,normal,512,512,3,0247ac63f10d38e1a3473a72f67bbe7a,3040,train
3044_left.jpg,C:\projects\retina-ai-ocular-disease-classification\archive\dataset\normal\3044_left.jpg,normal/3044_left.jpg,normal,512,512,3,daf6326faf13864b47abda19b0376d02,3044,train
3044_right.jpg,C:\projects\retina-ai-ocular-disease-classification\archive\dataset\normal\3044_right.jpg,normal/3044_right.jpg,normal,512,512,3,45a01008422008ca9c26beaaceccef90,3044,train
3051_left.jpg,C:\projects\retina-ai-ocular-disease-classification\archive\dataset\normal\3051_left.jpg,normal/3051_left.jpg,normal,512,512,3,6c996b89d4544ebaa536e2f382d91ff9,3051,train
3051_right.jpg,C:\projects\retina-ai-ocular-disease-classification\archive\dataset\normal\3051_right.jpg,normal/3051_right.jpg,normal,512,512,3,bcbf39211c66ec53b04742e9b6a4646b,3051,train
3052_left.jpg,C:\projects\retina-ai-ocular-disease-classification\archive\dataset\normal\3052_left.jpg,normal/3052_left.jpg,normal,512,512,3,c3239efa6cb45e0c107496f347cc4a99,3052,train
3052_right.jpg,C:\projects\retina-ai-ocular-disease-classification\archive\dataset\normal\3052_right.jpg,normal/3052_right.jpg,normal,512,512,3,9f6a1e983b1cd67a4c46dcba39ff4256,3052,train
3056_left.jpg,C:\projects\retina-ai-ocular-disease-classification\archive\dataset\normal\3056_left.jpg,normal/3056_left.jpg,normal,512,512,3,3c1cd0870f8a9971aca078070e2cf05c,3056,train
3056_right.jpg,C:\projects\retina-ai-ocular-disease-classification\archive\dataset\normal\3056_right.jpg,normal/3056_right.jpg,normal,512,512,3,1dc6fb50478130e88a4fb984fa137ab2,3056,train
3058_left.jpg,C:\projects\retina-ai-ocular-disease-classification\archive\dataset\normal\3058_left.jpg,normal/3058_left.jpg,normal,512,512,3,2b7837bc4941f2c31b5c87238bfd3da8,3058,train
3058_right.jpg,C:\projects\retina-ai-ocular-disease-classification\archive\dataset\normal\3058_right.jpg,normal/3058_right.jpg,normal,512,512,3,5060dfe879664aab59aae032f39f9ea0,3058,train
3059_left.jpg,C:\projects\retina-ai-ocular-disease-classification\archive\dataset\normal\3059_left.jpg,normal/3059_left.jpg,normal,512,512,3,f371db56599390f23b07777938d748e8,3059,train
3059_right.jpg,C:\projects\retina-ai-ocular-disease-classification\archive\dataset\normal\3059_right.jpg,normal/3059_right.jpg,normal,512,512,3,8438112bfcff2760f15e04b355fdd27d,3059,train
3062_left.jpg,C:\projects\retina-ai-ocular-disease-classification\archive\dataset\normal\3062_left.jpg,normal/3062_left.jpg,normal,512,512,3,718ec4588de28f325337698899411f92,3062,train
3062_right.jpg,C:\projects\retina-ai-ocular-disease-classification\archive\dataset\normal\3062_right.jpg,normal/3062_right.jpg,normal,512,512,3,1e9b82e09d3c1d1e2de03234955c676a,3062,train
3064_right.jpg,C:\projects\retina-ai-ocular-disease-classification\archive\dataset\normal\3064_right.jpg,normal/3064_right.jpg,normal,512,512,3,492a243c5aba3f44e7c4c050210c4b6c,3064,train
3066_left.jpg,C:\projects\retina-ai-ocular-disease-classification\archive\dataset\normal\3066_left.jpg,normal/3066_left.jpg,normal,512,512,3,da18ebc53aedb1a6a817dec643e243f1,3066,train
3069_left.jpg,C:\projects\retina-ai-ocular-disease-classification\archive\dataset\normal\3069_left.jpg,normal/3069_left.jpg,normal,512,512,3,8c4a47912bec2d268d48b53b5a6f1024,3069,train
3069_right.jpg,C:\projects\retina-ai-ocular-disease-classification\archive\dataset\normal\3069_right.jpg,normal/3069_right.jpg,normal,512,512,3,508d5599c2471fb3d4fa445af4cfc5ab,3069,train
3070_left.jpg,C:\projects\retina-ai-ocular-disease-classification\archive\dataset\normal\3070_left.jpg,normal/3070_left.jpg,normal,512,512,3,1f1530f7479d42c4083a5d902a005938,3070,train
3070_right.jpg,C:\projects\retina-ai-ocular-disease-classification\archive\dataset\normal\3070_right.jpg,normal/3070_right.jpg,normal,512,512,3,071fa313ef40f3eb8870f3fb9cf12ffd,3070,train
3075_left.jpg,C:\projects\retina-ai-ocular-disease-classification\archive\dataset\normal\3075_left.jpg,normal/3075_left.jpg,normal,512,512,3,cf7783b36786b9a7f4d4ae6fb0c24015,3075,train
3075_right.jpg,C:\projects\retina-ai-ocular-disease-classification\archive\dataset\normal\3075_right.jpg,normal/3075_right.jpg,normal,512,512,3,a1b5f208ba68f65287896e05b051b386,3075,train
3077_left.jpg,C:\projects\retina-ai-ocular-disease-classification\archive\dataset\normal\3077_left.jpg,normal/3077_left.jpg,normal,512,512,3,5d89a630ebb7efd32b915de19208d315,3077,train
3077_right.jpg,C:\projects\retina-ai-ocular-disease-classification\archive\dataset\normal\3077_right.jpg,normal/3077_right.jpg,normal,512,512,3,de15f561f240899481e8b6b2f5a59eb5,3077,train
3079_left.jpg,C:\projects\retina-ai-ocular-disease-classification\archive\dataset\normal\3079_left.jpg,normal/3079_left.jpg,normal,512,512,3,23d67775d0fc3852a7a709474847c299,3079,train
3079_right.jpg,C:\projects\retina-ai-ocular-disease-classification\archive\dataset\normal\3079_right.jpg,normal/3079_right.jpg,normal,512,512,3,36c9e88adc5958fdd0da88beb52a21eb,3079,train
3083_left.jpg,C:\projects\retina-ai-ocular-disease-classification\archive\dataset\normal\3083_left.jpg,normal/3083_left.jpg,normal,512,512,3,dc1ef92dd2d4715778061ba377c05291,3083,train
3083_right.jpg,C:\projects\retina-ai-ocular-disease-classification\archive\dataset\normal\3083_right.jpg,normal/3083_right.jpg,normal,512,512,3,6b2ddf8eaaa0d80dd15a94d6577190ca,3083,train
3084_left.jpg,C:\projects\retina-ai-ocular-disease-classification\archive\dataset\normal\3084_left.jpg,normal/3084_left.jpg,normal,512,512,3,cf38dc42b5d6ef21fc6c3762e475566c,3084,train
3084_right.jpg,C:\projects\retina-ai-ocular-disease-classification\archive\dataset\normal\3084_right.jpg,normal/3084_right.jpg,normal,512,512,3,9a63e0865a236fdee8380ddacda37567,3084,train
3090_left.jpg,C:\projects\retina-ai-ocular-disease-classification\archive\dataset\normal\3090_left.jpg,normal/3090_left.jpg,normal,512,512,3,0596c823cd28269369e9e0b566c612d6,3090,train
3090_right.jpg,C:\projects\retina-ai-ocular-disease-classification\archive\dataset\normal\3090_right.jpg,normal/3090_right.jpg,normal,512,512,3,7cc82505437fac3bcc504066300e8057,3090,train
3094_left.jpg,C:\projects\retina-ai-ocular-disease-classification\archive\dataset\normal\3094_left.jpg,normal/3094_left.jpg,normal,512,512,3,7a5047164ea9fc5927b236c0a273e309,3094,train
3094_right.jpg,C:\projects\retina-ai-ocular-disease-classification\archive\dataset\normal\3094_right.jpg,normal/3094_right.jpg,normal,512,512,3,76f6ea4f19492bc59455943785a8b49e,3094,train
3095_right.jpg,C:\projects\retina-ai-ocular-disease-classification\archive\dataset\normal\3095_right.jpg,normal/3095_right.jpg,normal,512,512,3,51730f7e6c6158026ccbd4851ad6ca84,3095,train
3097_left.jpg,C:\projects\retina-ai-ocular-disease-classification\archive\dataset\normal\3097_left.jpg,normal/3097_left.jpg,normal,512,512,3,6fa36d925f4cccc28743979d8eb9daca,3097,train
3097_right.jpg,C:\projects\retina-ai-ocular-disease-classification\archive\dataset\normal\3097_right.jpg,normal/3097_right.jpg,normal,512,512,3,63df24ebbc64c31c6701dc765fcda8a4,3097,train
3108_left.jpg,C:\projects\retina-ai-ocular-disease-classification\archive\dataset\normal\3108_left.jpg,normal/3108_left.jpg,normal,512,512,3,82cdf5697359d059dff8b5a5ebae1dd8,3108,train
3108_right.jpg,C:\projects\retina-ai-ocular-disease-classification\archive\dataset\normal\3108_right.jpg,normal/3108_right.jpg,normal,512,512,3,2fd6a900a9ecf561295593a95797501f,3108,train
3109_left.jpg,C:\projects\retina-ai-ocular-disease-classification\archive\dataset\normal\3109_left.jpg,normal/3109_left.jpg,normal,512,512,3,d3f6106dd41d48582d6277de134d39dd,3109,train
3109_right.jpg,C:\projects\retina-ai-ocular-disease-classification\archive\dataset\normal\3109_right.jpg,normal/3109_right.jpg,normal,512,512,3,9aa73e40f267e69360fe27f5a6944e2f,3109,train
3113_left.jpg,C:\projects\retina-ai-ocular-disease-classification\archive\dataset\normal\3113_left.jpg,normal/3113_left.jpg,normal,512,512,3,2ae9c182d8b768757a9bb905e79e0d9a,3113,train
3113_right.jpg,C:\projects\retina-ai-ocular-disease-classification\archive\dataset\normal\3113_right.jpg,normal/3113_right.jpg,normal,512,512,3,af71238f646565fa3f5cc9ee8da6872e,3113,train
3114_right.jpg,C:\projects\retina-ai-ocular-disease-classification\archive\dataset\normal\3114_right.jpg,normal/3114_right.jpg,normal,512,512,3,35c523dcdd15b3e67aad7c192cd62036,3114,train
3117_left.jpg,C:\projects\retina-ai-ocular-disease-classification\archive\dataset\normal\3117_left.jpg,normal/3117_left.jpg,normal,512,512,3,db5dd406a8be031a66a4a86d6226a4e4,3117,train
3117_right.jpg,C:\projects\retina-ai-ocular-disease-classification\archive\dataset\normal\3117_right.jpg,normal/3117_right.jpg,normal,512,512,3,7bff8d91b9a6bfa52268a3ef2836c3d7,3117,train
3122_left.jpg,C:\projects\retina-ai-ocular-disease-classification\archive\dataset\normal\3122_left.jpg,normal/3122_left.jpg,normal,512,512,3,a889342546c39bbf99807d590a1a19d2,3122,train
3122_right.jpg,C:\projects\retina-ai-ocular-disease-classification\archive\dataset\normal\3122_right.jpg,normal/3122_right.jpg,normal,512,512,3,f0af1cf44a4de1bf0dbd5e1b0c20a5d5,3122,train
3123_left.jpg,C:\projects\retina-ai-ocular-disease-classification\archive\dataset\normal\3123_left.jpg,normal/3123_left.jpg,normal,512,512,3,5f602f1addeb00753fb5d90309f45015,3123,train
3123_right.jpg,C:\projects\retina-ai-ocular-disease-classification\archive\dataset\normal\3123_right.jpg,normal/3123_right.jpg,normal,512,512,3,7dfc02046192907bd35ef4a4975ac866,3123,train
3127_left.jpg,C:\projects\retina-ai-ocular-disease-classification\archive\dataset\normal\3127_left.jpg,normal/3127_left.jpg,normal,512,512,3,d886457dd05d58c611f0a4d8c3f0835d,3127,train
3127_right.jpg,C:\projects\retina-ai-ocular-disease-classification\archive\dataset\normal\3127_right.jpg,normal/3127_right.jpg,normal,512,512,3,30696694a0df53fdfd4bbbd41d406730,3127,train
3131_left.jpg,C:\projects\retina-ai-ocular-disease-classification\archive\dataset\normal\3131_left.jpg,normal/3131_left.jpg,normal,512,512,3,b469a8ff6748dcbe190759da36637535,3131,train
3131_right.jpg,C:\projects\retina-ai-ocular-disease-classification\archive\dataset\normal\3131_right.jpg,normal/3131_right.jpg,normal,512,512,3,5142791b71be806f1b09b5682e9559b6,3131,train
3138_left.jpg,C:\projects\retina-ai-ocular-disease-classification\archive\dataset\normal\3138_left.jpg,normal/3138_left.jpg,normal,512,512,3,f5c0c581091447a715b5a691e8d89d57,3138,train
3138_right.jpg,C:\projects\retina-ai-ocular-disease-classification\archive\dataset\normal\3138_right.jpg,normal/3138_right.jpg,normal,512,512,3,4c9bebb4b40323e7bb5491b763132d85,3138,train
3141_left.jpg,C:\projects\retina-ai-ocular-disease-classification\archive\dataset\normal\3141_left.jpg,normal/3141_left.jpg,normal,512,512,3,92058f8936afa9cd81c0ac7916fc9e26,3141,train
3141_right.jpg,C:\projects\retina-ai-ocular-disease-classification\archive\dataset\normal\3141_right.jpg,normal/3141_right.jpg,normal,512,512,3,890eb98e3cfaaf40230b19f6253982d3,3141,train
3144_left.jpg,C:\projects\retina-ai-ocular-disease-classification\archive\dataset\normal\3144_left.jpg,normal/3144_left.jpg,normal,512,512,3,3eb09d6bb1aa1bdc43659636955c4bb5,3144,train
3145_left.jpg,C:\projects\retina-ai-ocular-disease-classification\archive\dataset\normal\3145_left.jpg,normal/3145_left.jpg,normal,512,512,3,1f651dfda32b747ec36dc17a9b127fec,3145,train
3153_right.jpg,C:\projects\retina-ai-ocular-disease-classification\archive\dataset\normal\3153_right.jpg,normal/3153_right.jpg,normal,512,512,3,88705b2a381b64fc8539124594764e4d,3153,train
3154_left.jpg,C:\projects\retina-ai-ocular-disease-classification\archive\dataset\normal\3154_left.jpg,normal/3154_left.jpg,normal,512,512,3,bd9924e1a415934591c9971a822936b8,3154,train
3157_left.jpg,C:\projects\retina-ai-ocular-disease-classification\archive\dataset\normal\3157_left.jpg,normal/3157_left.jpg,normal,512,512,3,134a17a286169f9b26e932c6e5cfd380,3157,train
3157_right.jpg,C:\projects\retina-ai-ocular-disease-classification\archive\dataset\normal\3157_right.jpg,normal/3157_right.jpg,normal,512,512,3,e681c6a88dd5be298e99d48bd656495a,3157,train
3163_left.jpg,C:\projects\retina-ai-ocular-disease-classification\archive\dataset\normal\3163_left.jpg,normal/3163_left.jpg,normal,512,512,3,bed5623cb88035ed38769d7b96415ca3,3163,train
3164_right.jpg,C:\projects\retina-ai-ocular-disease-classification\archive\dataset\normal\3164_right.jpg,normal/3164_right.jpg,normal,512,512,3,1d91ad70045426379445d2187080a0c3,3164,train
3166_right.jpg,C:\projects\retina-ai-ocular-disease-classification\archive\dataset\normal\3166_right.jpg,normal/3166_right.jpg,normal,512,512,3,1a98f374eca78fad59b011d3971fa448,3166,train
3168_left.jpg,C:\projects\retina-ai-ocular-disease-classification\archive\dataset\normal\3168_left.jpg,normal/3168_left.jpg,normal,512,512,3,9ef3ff47f4f29ecd702580afe73b46de,3168,train
3169_left.jpg,C:\projects\retina-ai-ocular-disease-classification\archive\dataset\normal\3169_left.jpg,normal/3169_left.jpg,normal,512,512,3,bf74445d140eb153d9b975164959b31c,3169,train
3169_right.jpg,C:\projects\retina-ai-ocular-disease-classification\archive\dataset\normal\3169_right.jpg,normal/3169_right.jpg,normal,512,512,3,a3513dd717fcc261c399745af70090cb,3169,train
3170_right.jpg,C:\projects\retina-ai-ocular-disease-classification\archive\dataset\normal\3170_right.jpg,normal/3170_right.jpg,normal,512,512,3,a14b2b7e66f05827a14d84f783332139,3170,train
3171_left.jpg,C:\projects\retina-ai-ocular-disease-classification\archive\dataset\normal\3171_left.jpg,normal/3171_left.jpg,normal,512,512,3,799de48812bb7e21c7de2cfa10e9fc57,3171,train
3172_left.jpg,C:\projects\retina-ai-ocular-disease-classification\archive\dataset\normal\3172_left.jpg,normal/3172_left.jpg,normal,512,512,3,3581429b123b6be695ae8031b252282a,3172,train
3172_right.jpg,C:\projects\retina-ai-ocular-disease-classification\archive\dataset\normal\3172_right.jpg,normal/3172_right.jpg,normal,512,512,3,77acf9285eb07f0aacce9b00f2d323f5,3172,train
3176_left.jpg,C:\projects\retina-ai-ocular-disease-classification\archive\dataset\normal\3176_left.jpg,normal/3176_left.jpg,normal,512,512,3,ee37b5330d35ee85a743ae8311b9cd26,3176,train
3176_right.jpg,C:\projects\retina-ai-ocular-disease-classification\archive\dataset\normal\3176_right.jpg,normal/3176_right.jpg,normal,512,512,3,41813c605f0c961968d76262e2a477f7,3176,train
3177_right.jpg,C:\projects\retina-ai-ocular-disease-classification\archive\dataset\normal\3177_right.jpg,normal/3177_right.jpg,normal,512,512,3,7e927f469e924899d610824f39b7ea34,3177,train
3179_left.jpg,C:\projects\retina-ai-ocular-disease-classification\archive\dataset\normal\3179_left.jpg,normal/3179_left.jpg,normal,512,512,3,c0dc40bf4884ea363e96d6fa2eec6427,3179,train
3181_right.jpg,C:\projects\retina-ai-ocular-disease-classification\archive\dataset\normal\3181_right.jpg,normal/3181_right.jpg,normal,512,512,3,04ca218e079d1490e6c6cedb77acb888,3181,train
3183_left.jpg,C:\projects\retina-ai-ocular-disease-classification\archive\dataset\normal\3183_left.jpg,normal/3183_left.jpg,normal,512,512,3,30ea8bd347d6224d96640b3aba736f46,3183,train
3184_left.jpg,C:\projects\retina-ai-ocular-disease-classification\archive\dataset\normal\3184_left.jpg,normal/3184_left.jpg,normal,512,512,3,9feae5c5df0330db91f4b132500c8994,3184,train
3184_right.jpg,C:\projects\retina-ai-ocular-disease-classification\archive\dataset\normal\3184_right.jpg,normal/3184_right.jpg,normal,512,512,3,9ce52662ee0c3eb5e99464475963c7f4,3184,train
3186_right.jpg,C:\projects\retina-ai-ocular-disease-classification\archive\dataset\normal\3186_right.jpg,normal/3186_right.jpg,normal,512,512,3,0a9d615cf024ab74e4e04bd8491e60d9,3186,train
3188_left.jpg,C:\projects\retina-ai-ocular-disease-classification\archive\dataset\normal\3188_left.jpg,normal/3188_left.jpg,normal,512,512,3,5621b6d29cc0c01be05204190a546092,3188,train
3188_right.jpg,C:\projects\retina-ai-ocular-disease-classification\archive\dataset\normal\3188_right.jpg,normal/3188_right.jpg,normal,512,512,3,3bf2ce2b4f0c67aec9311bc8d454d879,3188,train
3191_right.jpg,C:\projects\retina-ai-ocular-disease-classification\archive\dataset\normal\3191_right.jpg,normal/3191_right.jpg,normal,512,512,3,6ea870f0f83bd39bcf0a647ec9a0cc07,3191,train
3192_left.jpg,C:\projects\retina-ai-ocular-disease-classification\archive\dataset\normal\3192_left.jpg,normal/3192_left.jpg,normal,512,512,3,343a81b6475b36cfe3b8fdee3836df95,3192,train
3194_right.jpg,C:\projects\retina-ai-ocular-disease-classification\archive\dataset\normal\3194_right.jpg,normal/3194_right.jpg,normal,512,512,3,6f20808eb893e895b70c9597bc000508,3194,train
3198_left.jpg,C:\projects\retina-ai-ocular-disease-classification\archive\dataset\normal\3198_left.jpg,normal/3198_left.jpg,normal,512,512,3,d55542a932c1e2ea5091d6909a3f88db,3198,train
3198_right.jpg,C:\projects\retina-ai-ocular-disease-classification\archive\dataset\normal\3198_right.jpg,normal/3198_right.jpg,normal,512,512,3,8c7b391ecb79a43ccc728c9188661fe3,3198,train
3201_left.jpg,C:\projects\retina-ai-ocular-disease-classification\archive\dataset\normal\3201_left.jpg,normal/3201_left.jpg,normal,512,512,3,14a65acf67218a3ceeec3f094f0cfde8,3201,train
3206_left.jpg,C:\projects\retina-ai-ocular-disease-classification\archive\dataset\normal\3206_left.jpg,normal/3206_left.jpg,normal,512,512,3,2d76b1a13320b6492307ad11ad2bd362,3206,train
3207_left.jpg,C:\projects\retina-ai-ocular-disease-classification\archive\dataset\normal\3207_left.jpg,normal/3207_left.jpg,normal,512,512,3,ad8303d4d6c32762fda696e152dd5483,3207,train
3207_right.jpg,C:\projects\retina-ai-ocular-disease-classification\archive\dataset\normal\3207_right.jpg,normal/3207_right.jpg,normal,512,512,3,22dac4136cf8f5906eaf1c7286b8004e,3207,train
3208_right.jpg,C:\projects\retina-ai-ocular-disease-classification\archive\dataset\normal\3208_right.jpg,normal/3208_right.jpg,normal,512,512,3,7d6e372440d5209e8739c442d7c63de9,3208,train
3209_right.jpg,C:\projects\retina-ai-ocular-disease-classification\archive\dataset\normal\3209_right.jpg,normal/3209_right.jpg,normal,512,512,3,850d5db46da83582cfbf7f4595af9f64,3209,train
3214_left.jpg,C:\projects\retina-ai-ocular-disease-classification\archive\dataset\normal\3214_left.jpg,normal/3214_left.jpg,normal,512,512,3,e854fa5f410eb93b62721b96d19f65d6,3214,train
3214_right.jpg,C:\projects\retina-ai-ocular-disease-classification\archive\dataset\normal\3214_right.jpg,normal/3214_right.jpg,normal,512,512,3,fbf5a017afdb4880760b92d5e3ad13c6,3214,train
3216_left.jpg,C:\projects\retina-ai-ocular-disease-classification\archive\dataset\normal\3216_left.jpg,normal/3216_left.jpg,normal,512,512,3,87e71ed2bad5da6fe2916bc437d729a8,3216,train
3221_left.jpg,C:\projects\retina-ai-ocular-disease-classification\archive\dataset\normal\3221_left.jpg,normal/3221_left.jpg,normal,512,512,3,ab6d1acd097d9eb887b7236064866e0a,3221,train
3221_right.jpg,C:\projects\retina-ai-ocular-disease-classification\archive\dataset\normal\3221_right.jpg,normal/3221_right.jpg,normal,512,512,3,ba85376fea0d6a94ef496570af3a853d,3221,train
3223_left.jpg,C:\projects\retina-ai-ocular-disease-classification\archive\dataset\normal\3223_left.jpg,normal/3223_left.jpg,normal,512,512,3,313671fe3ee682d2642cca714492ae3b,3223,train
3223_right.jpg,C:\projects\retina-ai-ocular-disease-classification\archive\dataset\normal\3223_right.jpg,normal/3223_right.jpg,normal,512,512,3,b5d1b575805fdb5ef0cf3a5d887f32ec,3223,train
3226_left.jpg,C:\projects\retina-ai-ocular-disease-classification\archive\dataset\normal\3226_left.jpg,normal/3226_left.jpg,normal,512,512,3,f849ead4f786e610dec4af1c48467fdd,3226,train
3226_right.jpg,C:\projects\retina-ai-ocular-disease-classification\archive\dataset\normal\3226_right.jpg,normal/3226_right.jpg,normal,512,512,3,daef02a4a9818045ce1891568dfad3cc,3226,train
3227_left.jpg,C:\projects\retina-ai-ocular-disease-classification\archive\dataset\normal\3227_left.jpg,normal/3227_left.jpg,normal,512,512,3,8f43de89e09ef315266680042994e5e8,3227,train
3227_right.jpg,C:\projects\retina-ai-ocular-disease-classification\archive\dataset\normal\3227_right.jpg,normal/3227_right.jpg,normal,512,512,3,709add8e5e82df34b3fc1556edeed8fe,3227,train
3234_left.jpg,C:\projects\retina-ai-ocular-disease-classification\archive\dataset\normal\3234_left.jpg,normal/3234_left.jpg,normal,512,512,3,ab7c52f65039e5d35dc8631ea4de6402,3234,train
3234_right.jpg,C:\projects\retina-ai-ocular-disease-classification\archive\dataset\normal\3234_right.jpg,normal/3234_right.jpg,normal,512,512,3,b2ec02accbc4ea140ac6fdb206c003b5,3234,train
3238_right.jpg,C:\projects\retina-ai-ocular-disease-classification\archive\dataset\normal\3238_right.jpg,normal/3238_right.jpg,normal,512,512,3,9550aa1a583a36398a222bcf94143c7f,3238,train
3240_right.jpg,C:\projects\retina-ai-ocular-disease-classification\archive\dataset\normal\3240_right.jpg,normal/3240_right.jpg,normal,512,512,3,2d7ec9b98824b8e162ae5d8c588f497e,3240,train
3242_left.jpg,C:\projects\retina-ai-ocular-disease-classification\archive\dataset\normal\3242_left.jpg,normal/3242_left.jpg,normal,512,512,3,a789964fb899f39a27036660023db7aa,3242,train
3244_left.jpg,C:\projects\retina-ai-ocular-disease-classification\archive\dataset\normal\3244_left.jpg,normal/3244_left.jpg,normal,512,512,3,14148636937bc171543138d1092fc5ce,3244,train
3244_right.jpg,C:\projects\retina-ai-ocular-disease-classification\archive\dataset\normal\3244_right.jpg,normal/3244_right.jpg,normal,512,512,3,05a5e9274733d8c85db93c529aff03a1,3244,train
3245_right.jpg,C:\projects\retina-ai-ocular-disease-classification\archive\dataset\normal\3245_right.jpg,normal/3245_right.jpg,normal,512,512,3,5d8f6f53a2489427453af85619da505a,3245,train
3246_left.jpg,C:\projects\retina-ai-ocular-disease-classification\archive\dataset\normal\3246_left.jpg,normal/3246_left.jpg,normal,512,512,3,f1907886ac842ff30155f225b629a14c,3246,train
3251_left.jpg,C:\projects\retina-ai-ocular-disease-classification\archive\dataset\normal\3251_left.jpg,normal/3251_left.jpg,normal,512,512,3,d5c0998b0aeeceab3bcf853b5877b823,3251,train
3255_left.jpg,C:\projects\retina-ai-ocular-disease-classification\archive\dataset\normal\3255_left.jpg,normal/3255_left.jpg,normal,512,512,3,49d422a587464119f383a0051615cf87,3255,train
3255_right.jpg,C:\projects\retina-ai-ocular-disease-classification\archive\dataset\normal\3255_right.jpg,normal/3255_right.jpg,normal,512,512,3,182f68b948cf0a04138bd19d9f2fb729,3255,train
3257_right.jpg,C:\projects\retina-ai-ocular-disease-classification\archive\dataset\normal\3257_right.jpg,normal/3257_right.jpg,normal,512,512,3,9152a6e00b6157fe2f028211495bd9fb,3257,train
3259_left.jpg,C:\projects\retina-ai-ocular-disease-classification\archive\dataset\normal\3259_left.jpg,normal/3259_left.jpg,normal,512,512,3,44d7de64c23a008ae900abbd8c9f2588,3259,train
3259_right.jpg,C:\projects\retina-ai-ocular-disease-classification\archive\dataset\normal\3259_right.jpg,normal/3259_right.jpg,normal,512,512,3,2be5ad1d62bdbc1b0016f3fa1f706ed6,3259,train
3260_left.jpg,C:\projects\retina-ai-ocular-disease-classification\archive\dataset\normal\3260_left.jpg,normal/3260_left.jpg,normal,512,512,3,1aaebf0051ade9e5eb77fc61bf8167b8,3260,train
3260_right.jpg,C:\projects\retina-ai-ocular-disease-classification\archive\dataset\normal\3260_right.jpg,normal/3260_right.jpg,normal,512,512,3,777dc364d47da35302aefa8f15c6c371,3260,train
3262_right.jpg,C:\projects\retina-ai-ocular-disease-classification\archive\dataset\normal\3262_right.jpg,normal/3262_right.jpg,normal,512,512,3,e4ca2583fb3d01872db21b50b077eb23,3262,train
3263_left.jpg,C:\projects\retina-ai-ocular-disease-classification\archive\dataset\normal\3263_left.jpg,normal/3263_left.jpg,normal,512,512,3,57a33e6f675a22829f2dec47e1f9bbd8,3263,train
3264_left.jpg,C:\projects\retina-ai-ocular-disease-classification\archive\dataset\normal\3264_left.jpg,normal/3264_left.jpg,normal,512,512,3,8a3d25507dc2a111c4d0bf4f810d14ac,3264,train
3266_right.jpg,C:\projects\retina-ai-ocular-disease-classification\archive\dataset\normal\3266_right.jpg,normal/3266_right.jpg,normal,512,512,3,c8053dcc48187a0567108ca64816a3d6,3266,train
3267_left.jpg,C:\projects\retina-ai-ocular-disease-classification\archive\dataset\normal\3267_left.jpg,normal/3267_left.jpg,normal,512,512,3,5ad80f5e36f63be88a694de27997f631,3267,train
3271_right.jpg,C:\projects\retina-ai-ocular-disease-classification\archive\dataset\normal\3271_right.jpg,normal/3271_right.jpg,normal,512,512,3,eb7667834f22705f9fd19eca848ec807,3271,train
3272_left.jpg,C:\projects\retina-ai-ocular-disease-classification\archive\dataset\normal\3272_left.jpg,normal/3272_left.jpg,normal,512,512,3,9ce52abdd9646c75706edf6cb8aa3541,3272,train
3273_left.jpg,C:\projects\retina-ai-ocular-disease-classification\archive\dataset\normal\3273_left.jpg,normal/3273_left.jpg,normal,512,512,3,940f6a20eddaa8f6cc638646b11ab28c,3273,train
3273_right.jpg,C:\projects\retina-ai-ocular-disease-classification\archive\dataset\normal\3273_right.jpg,normal/3273_right.jpg,normal,512,512,3,5c63fc4dfb63e6342e5b15dc56135efc,3273,train
3275_left.jpg,C:\projects\retina-ai-ocular-disease-classification\archive\dataset\normal\3275_left.jpg,normal/3275_left.jpg,normal,512,512,3,f3e447b4d81e0bf60e8784e349505da9,3275,train
3275_right.jpg,C:\projects\retina-ai-ocular-disease-classification\archive\dataset\normal\3275_right.jpg,normal/3275_right.jpg,normal,512,512,3,75fdc1325389fd24d67c056234f947c8,3275,train
3282_right.jpg,C:\projects\retina-ai-ocular-disease-classification\archive\dataset\normal\3282_right.jpg,normal/3282_right.jpg,normal,512,512,3,28be6307b6b0cb40979a02e0d0a2e483,3282,train
3285_right.jpg,C:\projects\retina-ai-ocular-disease-classification\archive\dataset\normal\3285_right.jpg,normal/3285_right.jpg,normal,512,512,3,bcad3cbafb932706ee282ac8777a181f,3285,train
3287_right.jpg,C:\projects\retina-ai-ocular-disease-classification\archive\dataset\normal\3287_right.jpg,normal/3287_right.jpg,normal,512,512,3,451a1918648963d0d48e2d1ba430bf36,3287,train
3289_left.jpg,C:\projects\retina-ai-ocular-disease-classification\archive\dataset\normal\3289_left.jpg,normal/3289_left.jpg,normal,512,512,3,e0458840eaa113b3e05b6a6df24cf68e,3289,train
3289_right.jpg,C:\projects\retina-ai-ocular-disease-classification\archive\dataset\normal\3289_right.jpg,normal/3289_right.jpg,normal,512,512,3,5e418797c0f2d7e1dd9843541a4d6605,3289,train
3290_right.jpg,C:\projects\retina-ai-ocular-disease-classification\archive\dataset\normal\3290_right.jpg,normal/3290_right.jpg,normal,512,512,3,3ce44cfd02e3ab474faf2fe17d6f097a,3290,train
3293_left.jpg,C:\projects\retina-ai-ocular-disease-classification\archive\dataset\normal\3293_left.jpg,normal/3293_left.jpg,normal,512,512,3,e6e45ce5038928fdc0f0b6e5e6ed84c7,3293,train
3294_right.jpg,C:\projects\retina-ai-ocular-disease-classification\archive\dataset\normal\3294_right.jpg,normal/3294_right.jpg,normal,512,512,3,becd3e07bf750c477b5f64d7b437fec0,3294,train
3295_left.jpg,C:\projects\retina-ai-ocular-disease-classification\archive\dataset\normal\3295_left.jpg,normal/3295_left.jpg,normal,512,512,3,098257fe711b6900b032bfd704404317,3295,train
3295_right.jpg,C:\projects\retina-ai-ocular-disease-classification\archive\dataset\normal\3295_right.jpg,normal/3295_right.jpg,normal,512,512,3,5bea5b758f941fd5d5a12422bcf42e66,3295,train
3296_left.jpg,C:\projects\retina-ai-ocular-disease-classification\archive\dataset\normal\3296_left.jpg,normal/3296_left.jpg,normal,512,512,3,6c1cec61530e72cd5dda527cd0483f70,3296,train
3297_right.jpg,C:\projects\retina-ai-ocular-disease-classification\archive\dataset\normal\3297_right.jpg,normal/3297_right.jpg,normal,512,512,3,4434197cc31c720da6e08258ae183fca,3297,train
3298_left.jpg,C:\projects\retina-ai-ocular-disease-classification\archive\dataset\normal\3298_left.jpg,normal/3298_left.jpg,normal,512,512,3,02bb98dcfc64740d22e5176957d081d3,3298,train
3298_right.jpg,C:\projects\retina-ai-ocular-disease-classification\archive\dataset\normal\3298_right.jpg,normal/3298_right.jpg,normal,512,512,3,229d5c4b4ab7daf4cf362709632e3358,3298,train
3300_left.jpg,C:\projects\retina-ai-ocular-disease-classification\archive\dataset\normal\3300_left.jpg,normal/3300_left.jpg,normal,512,512,3,ae9773de4934dfb8cffec05190555141,3300,train
3300_right.jpg,C:\projects\retina-ai-ocular-disease-classification\archive\dataset\normal\3300_right.jpg,normal/3300_right.jpg,normal,512,512,3,402c3eb9cac9f71c76e6406f4c14fc8e,3300,train
3306_left.jpg,C:\projects\retina-ai-ocular-disease-classification\archive\dataset\normal\3306_left.jpg,normal/3306_left.jpg,normal,512,512,3,ebe8f04d2fd8e0523d88d861668c1084,3306,train
3306_right.jpg,C:\projects\retina-ai-ocular-disease-classification\archive\dataset\normal\3306_right.jpg,normal/3306_right.jpg,normal,512,512,3,ec1d1011187e81db763129748b0d9b15,3306,train
3308_left.jpg,C:\projects\retina-ai-ocular-disease-classification\archive\dataset\normal\3308_left.jpg,normal/3308_left.jpg,normal,512,512,3,2395f97f7863e8a2b0d161ff1efc2235,3308,train
3308_right.jpg,C:\projects\retina-ai-ocular-disease-classification\archive\dataset\normal\3308_right.jpg,normal/3308_right.jpg,normal,512,512,3,267ebadd4b6e5e4f813db87e6b900d48,3308,train
3309_left.jpg,C:\projects\retina-ai-ocular-disease-classification\archive\dataset\normal\3309_left.jpg,normal/3309_left.jpg,normal,512,512,3,86b0f70357d5304057799f15e01298a5,3309,train
3309_right.jpg,C:\projects\retina-ai-ocular-disease-classification\archive\dataset\normal\3309_right.jpg,normal/3309_right.jpg,normal,512,512,3,11cb0b7cde26436aa9713194fbd2550e,3309,train
3312_left.jpg,C:\projects\retina-ai-ocular-disease-classification\archive\dataset\normal\3312_left.jpg,normal/3312_left.jpg,normal,512,512,3,adb13240f0b55d426f36172482b9c2be,3312,train
3317_left.jpg,C:\projects\retina-ai-ocular-disease-classification\archive\dataset\normal\3317_left.jpg,normal/3317_left.jpg,normal,512,512,3,9e875a65cd78cac3b0dc6fd6d2aa15c4,3317,train
3319_right.jpg,C:\projects\retina-ai-ocular-disease-classification\archive\dataset\normal\3319_right.jpg,normal/3319_right.jpg,normal,512,512,3,bd84ee16b3666bdbca65eeb41ad1839f,3319,train
3320_right.jpg,C:\projects\retina-ai-ocular-disease-classification\archive\dataset\normal\3320_right.jpg,normal/3320_right.jpg,normal,512,512,3,bcfb8b0f13f01f13763a668cfea85cab,3320,train
3321_left.jpg,C:\projects\retina-ai-ocular-disease-classification\archive\dataset\normal\3321_left.jpg,normal/3321_left.jpg,normal,512,512,3,a59c7411aaca2985c35ebf716b6eeb1a,3321,train
3324_left.jpg,C:\projects\retina-ai-ocular-disease-classification\archive\dataset\normal\3324_left.jpg,normal/3324_left.jpg,normal,512,512,3,9202be2d34c5e3662b5263cfc60ae5c1,3324,train
3324_right.jpg,C:\projects\retina-ai-ocular-disease-classification\archive\dataset\normal\3324_right.jpg,normal/3324_right.jpg,normal,512,512,3,a05ec7744df685729f0414bf4fbd6d07,3324,train
3325_left.jpg,C:\projects\retina-ai-ocular-disease-classification\archive\dataset\normal\3325_left.jpg,normal/3325_left.jpg,normal,512,512,3,a83554838a845b66788ad5a90906d1e1,3325,train
3329_right.jpg,C:\projects\retina-ai-ocular-disease-classification\archive\dataset\normal\3329_right.jpg,normal/3329_right.jpg,normal,512,512,3,8253e5172a51cbaa7cd66a92d8bf4e29,3329,train
3330_left.jpg,C:\projects\retina-ai-ocular-disease-classification\archive\dataset\normal\3330_left.jpg,normal/3330_left.jpg,normal,512,512,3,54d7d2fed4cd04e6e89e07c3664ea209,3330,train
3330_right.jpg,C:\projects\retina-ai-ocular-disease-classification\archive\dataset\normal\3330_right.jpg,normal/3330_right.jpg,normal,512,512,3,8e002b36d73ad66dfbddeb2ddbb361cd,3330,train
3340_right.jpg,C:\projects\retina-ai-ocular-disease-classification\archive\dataset\normal\3340_right.jpg,normal/3340_right.jpg,normal,512,512,3,2f4bb11381ec29128ea493dc989c0ebd,3340,train
3341_left.jpg,C:\projects\retina-ai-ocular-disease-classification\archive\dataset\normal\3341_left.jpg,normal/3341_left.jpg,normal,512,512,3,3dae35e4d8db550799d9a35392c3f1f0,3341,train
3341_right.jpg,C:\projects\retina-ai-ocular-disease-classification\archive\dataset\normal\3341_right.jpg,normal/3341_right.jpg,normal,512,512,3,fda31329da72df61e0b5f6599b3d876a,3341,train
3343_right.jpg,C:\projects\retina-ai-ocular-disease-classification\archive\dataset\normal\3343_right.jpg,normal/3343_right.jpg,normal,512,512,3,8fbf5e669ffe8e411895dca747b0c135,3343,train
3344_right.jpg,C:\projects\retina-ai-ocular-disease-classification\archive\dataset\normal\3344_right.jpg,normal/3344_right.jpg,normal,512,512,3,d52d7cd9b1ac86f04ac399678de9e05e,3344,train
3352_left.jpg,C:\projects\retina-ai-ocular-disease-classification\archive\dataset\normal\3352_left.jpg,normal/3352_left.jpg,normal,512,512,3,d8769009f819542b08a3a37dadb284c7,3352,train
3352_right.jpg,C:\projects\retina-ai-ocular-disease-classification\archive\dataset\normal\3352_right.jpg,normal/3352_right.jpg,normal,512,512,3,dc9bfc04ee114384c50698c9d446c49b,3352,train
3353_left.jpg,C:\projects\retina-ai-ocular-disease-classification\archive\dataset\normal\3353_left.jpg,normal/3353_left.jpg,normal,512,512,3,3302d6a09e9ff2f7f3873e6b53443ef3,3353,train
3354_left.jpg,C:\projects\retina-ai-ocular-disease-classification\archive\dataset\normal\3354_left.jpg,normal/3354_left.jpg,normal,512,512,3,3c21cde7a24d4bada74468d752922579,3354,train
3354_right.jpg,C:\projects\retina-ai-ocular-disease-classification\archive\dataset\normal\3354_right.jpg,normal/3354_right.jpg,normal,512,512,3,a3a14b5036ada2a1e4a8955c3865828b,3354,train
3355_left.jpg,C:\projects\retina-ai-ocular-disease-classification\archive\dataset\normal\3355_left.jpg,normal/3355_left.jpg,normal,512,512,3,6ed57fc2a3a92df120e8e0bd856c7ce0,3355,train
3357_left.jpg,C:\projects\retina-ai-ocular-disease-classification\archive\dataset\normal\3357_left.jpg,normal/3357_left.jpg,normal,512,512,3,5d84bd02cf4eb3c9a7d13ab02624b916,3357,train
3357_right.jpg,C:\projects\retina-ai-ocular-disease-classification\archive\dataset\normal\3357_right.jpg,normal/3357_right.jpg,normal,512,512,3,aaf1e72ccea5623dd0826986424f0967,3357,train
3359_left.jpg,C:\projects\retina-ai-ocular-disease-classification\archive\dataset\normal\3359_left.jpg,normal/3359_left.jpg,normal,512,512,3,b448012845d3556e114436bb5115a8d4,3359,train
3359_right.jpg,C:\projects\retina-ai-ocular-disease-classification\archive\dataset\normal\3359_right.jpg,normal/3359_right.jpg,normal,512,512,3,b14c08dbf437ed3b54afd4788aff9ee1,3359,train
3360_right.jpg,C:\projects\retina-ai-ocular-disease-classification\archive\dataset\normal\3360_right.jpg,normal/3360_right.jpg,normal,512,512,3,f71cfc8444280ebe171dd249cbc99040,3360,train
3363_left.jpg,C:\projects\retina-ai-ocular-disease-classification\archive\dataset\normal\3363_left.jpg,normal/3363_left.jpg,normal,512,512,3,415c2dd69f8e067dc8bed81c8f7d7a12,3363,train
3363_right.jpg,C:\projects\retina-ai-ocular-disease-classification\archive\dataset\normal\3363_right.jpg,normal/3363_right.jpg,normal,512,512,3,a08df70b7ec914ee396e3c177010a4bf,3363,train
3365_left.jpg,C:\projects\retina-ai-ocular-disease-classification\archive\dataset\normal\3365_left.jpg,normal/3365_left.jpg,normal,512,512,3,933f478ab5ce97af6e97866267f960d7,3365,train
3369_left.jpg,C:\projects\retina-ai-ocular-disease-classification\archive\dataset\normal\3369_left.jpg,normal/3369_left.jpg,normal,512,512,3,a893df050a5e916aa36fac6fde93d3e6,3369,train
3373_right.jpg,C:\projects\retina-ai-ocular-disease-classification\archive\dataset\normal\3373_right.jpg,normal/3373_right.jpg,normal,512,512,3,17420ca0254e409dc66880d2ace1ce89,3373,train
3375_left.jpg,C:\projects\retina-ai-ocular-disease-classification\archive\dataset\normal\3375_left.jpg,normal/3375_left.jpg,normal,512,512,3,0be04a9f6202238b39b20adb006469d5,3375,train
3377_left.jpg,C:\projects\retina-ai-ocular-disease-classification\archive\dataset\normal\3377_left.jpg,normal/3377_left.jpg,normal,512,512,3,bc47c9098f8d554acad280e4bc3c9424,3377,train
3377_right.jpg,C:\projects\retina-ai-ocular-disease-classification\archive\dataset\normal\3377_right.jpg,normal/3377_right.jpg,normal,512,512,3,8682586cfb761998170d7efb0b143314,3377,train
3378_right.jpg,C:\projects\retina-ai-ocular-disease-classification\archive\dataset\normal\3378_right.jpg,normal/3378_right.jpg,normal,512,512,3,1b21537384d4f99e080d2c3bd3c419fd,3378,train
3379_right.jpg,C:\projects\retina-ai-ocular-disease-classification\archive\dataset\normal\3379_right.jpg,normal/3379_right.jpg,normal,512,512,3,68ad152043228f677030458c70b2c506,3379,train
3380_right.jpg,C:\projects\retina-ai-ocular-disease-classification\archive\dataset\normal\3380_right.jpg,normal/3380_right.jpg,normal,512,512,3,3b89b0d207d3b0c596ce0c8501e8ef9d,3380,train
3386_left.jpg,C:\projects\retina-ai-ocular-disease-classification\archive\dataset\normal\3386_left.jpg,normal/3386_left.jpg,normal,512,512,3,1fd2685398e362be9a42c2d2629a1bf1,3386,train
3387_left.jpg,C:\projects\retina-ai-ocular-disease-classification\archive\dataset\normal\3387_left.jpg,normal/3387_left.jpg,normal,512,512,3,7ec63e2b568098e9f62c3a4ac05c64d2,3387,train
3388_left.jpg,C:\projects\retina-ai-ocular-disease-classification\archive\dataset\normal\3388_left.jpg,normal/3388_left.jpg,normal,512,512,3,1ed584c46eb37ca860b06b7fdd8e611c,3388,train
3388_right.jpg,C:\projects\retina-ai-ocular-disease-classification\archive\dataset\normal\3388_right.jpg,normal/3388_right.jpg,normal,512,512,3,9792f717ad1dba1714ee3cbda3dda5f4,3388,train
3389_left.jpg,C:\projects\retina-ai-ocular-disease-classification\archive\dataset\normal\3389_left.jpg,normal/3389_left.jpg,normal,512,512,3,3c3d866dfce2ab45ee2ea22fb639e098,3389,train
3389_right.jpg,C:\projects\retina-ai-ocular-disease-classification\archive\dataset\normal\3389_right.jpg,normal/3389_right.jpg,normal,512,512,3,ece144205dea30b93255be4e5aad5b48,3389,train
3390_left.jpg,C:\projects\retina-ai-ocular-disease-classification\archive\dataset\normal\3390_left.jpg,normal/3390_left.jpg,normal,512,512,3,e18502f8f4bd4ee6559675f71eef72d9,3390,train
3390_right.jpg,C:\projects\retina-ai-ocular-disease-classification\archive\dataset\normal\3390_right.jpg,normal/3390_right.jpg,normal,512,512,3,ee475aa7dd77e5041817fddf34640a80,3390,train
3391_right.jpg,C:\projects\retina-ai-ocular-disease-classification\archive\dataset\normal\3391_right.jpg,normal/3391_right.jpg,normal,512,512,3,695a111b99e3cebbd02e3106c0b8e9d7,3391,train
3392_left.jpg,C:\projects\retina-ai-ocular-disease-classification\archive\dataset\normal\3392_left.jpg,normal/3392_left.jpg,normal,512,512,3,441cc6058ffbb5e43adbd7327e3ea31a,3392,train
3392_right.jpg,C:\projects\retina-ai-ocular-disease-classification\archive\dataset\normal\3392_right.jpg,normal/3392_right.jpg,normal,512,512,3,950887f942cd9c2ea86e808e286c38a2,3392,train
3394_right.jpg,C:\projects\retina-ai-ocular-disease-classification\archive\dataset\normal\3394_right.jpg,normal/3394_right.jpg,normal,512,512,3,7c0ad022fca4491d5868d9dc0158fd64,3394,train
3395_left.jpg,C:\projects\retina-ai-ocular-disease-classification\archive\dataset\normal\3395_left.jpg,normal/3395_left.jpg,normal,512,512,3,1db47a8bc04c934713d2b6b97fd4951e,3395,train
3397_left.jpg,C:\projects\retina-ai-ocular-disease-classification\archive\dataset\normal\3397_left.jpg,normal/3397_left.jpg,normal,512,512,3,8a8b9b676213569f04c4832bae67b4c3,3397,train
3398_left.jpg,C:\projects\retina-ai-ocular-disease-classification\archive\dataset\normal\3398_left.jpg,normal/3398_left.jpg,normal,512,512,3,18dd528b04ae8a4c45573f672789e8ad,3398,train
3403_left.jpg,C:\projects\retina-ai-ocular-disease-classification\archive\dataset\normal\3403_left.jpg,normal/3403_left.jpg,normal,512,512,3,df1341e28187d44a24680ed5092158c3,3403,train
3404_left.jpg,C:\projects\retina-ai-ocular-disease-classification\archive\dataset\normal\3404_left.jpg,normal/3404_left.jpg,normal,512,512,3,24b6c0b5e794294489ea19c604a58d81,3404,train
3405_left.jpg,C:\projects\retina-ai-ocular-disease-classification\archive\dataset\normal\3405_left.jpg,normal/3405_left.jpg,normal,512,512,3,69a7c4581a68b9650e728423d1f7ddaa,3405,train
3405_right.jpg,C:\projects\retina-ai-ocular-disease-classification\archive\dataset\normal\3405_right.jpg,normal/3405_right.jpg,normal,512,512,3,d5bab22ca3891dd2695b0cd34859e2f2,3405,train
3406_right.jpg,C:\projects\retina-ai-ocular-disease-classification\archive\dataset\normal\3406_right.jpg,normal/3406_right.jpg,normal,512,512,3,16510adc0af7e1903bff702a8c27d520,3406,train
3407_right.jpg,C:\projects\retina-ai-ocular-disease-classification\archive\dataset\normal\3407_right.jpg,normal/3407_right.jpg,normal,512,512,3,094d0d74a0dfa67bd761d5637f1c6139,3407,train
3408_left.jpg,C:\projects\retina-ai-ocular-disease-classification\archive\dataset\normal\3408_left.jpg,normal/3408_left.jpg,normal,512,512,3,f08bf3b4ad53b3e47eeaacd75911ebe1,3408,train
3408_right.jpg,C:\projects\retina-ai-ocular-disease-classification\archive\dataset\normal\3408_right.jpg,normal/3408_right.jpg,normal,512,512,3,dcd5a9f69d1405062c679ed5eacfa7dd,3408,train
3411_left.jpg,C:\projects\retina-ai-ocular-disease-classification\archive\dataset\normal\3411_left.jpg,normal/3411_left.jpg,normal,512,512,3,38358c1fd0c739e9e981a44d4c63448c,3411,train
3411_right.jpg,C:\projects\retina-ai-ocular-disease-classification\archive\dataset\normal\3411_right.jpg,normal/3411_right.jpg,normal,512,512,3,1ee7d6c4cb850eeeabf1be25d24df387,3411,train
3412_left.jpg,C:\projects\retina-ai-ocular-disease-classification\archive\dataset\normal\3412_left.jpg,normal/3412_left.jpg,normal,512,512,3,1f42def8562c341702ad4f3a7e30cb1f,3412,train
3412_right.jpg,C:\projects\retina-ai-ocular-disease-classification\archive\dataset\normal\3412_right.jpg,normal/3412_right.jpg,normal,512,512,3,f2a076139568ce6d177e2be3078b0582,3412,train
3414_left.jpg,C:\projects\retina-ai-ocular-disease-classification\archive\dataset\normal\3414_left.jpg,normal/3414_left.jpg,normal,512,512,3,cbc1b58b4b781e8721c9904305f35bc6,3414,train
3414_right.jpg,C:\projects\retina-ai-ocular-disease-classification\archive\dataset\normal\3414_right.jpg,normal/3414_right.jpg,normal,512,512,3,1d4ab50509a88327ac6bca16f5926c63,3414,train
3415_left.jpg,C:\projects\retina-ai-ocular-disease-classification\archive\dataset\normal\3415_left.jpg,normal/3415_left.jpg,normal,512,512,3,d47045035bd01881de2e0c5d81fcbfd3,3415,train
3415_right.jpg,C:\projects\retina-ai-ocular-disease-classification\archive\dataset\normal\3415_right.jpg,normal/3415_right.jpg,normal,512,512,3,08fb1d8028662000c0f806aab890311c,3415,train
3416_right.jpg,C:\projects\retina-ai-ocular-disease-classification\archive\dataset\normal\3416_right.jpg,normal/3416_right.jpg,normal,512,512,3,89a860f2c150a70509c1c6b65c0be285,3416,train
3417_left.jpg,C:\projects\retina-ai-ocular-disease-classification\archive\dataset\normal\3417_left.jpg,normal/3417_left.jpg,normal,512,512,3,eab3f548afdbc8404b4234605f3e91fa,3417,train
3420_left.jpg,C:\projects\retina-ai-ocular-disease-classification\archive\dataset\normal\3420_left.jpg,normal/3420_left.jpg,normal,512,512,3,3cb53cf7c54b9804ff1d0150da2c4341,3420,train
3421_left.jpg,C:\projects\retina-ai-ocular-disease-classification\archive\dataset\normal\3421_left.jpg,normal/3421_left.jpg,normal,512,512,3,6e62fba087a561fc4b6f57a73c2064f6,3421,train
3422_left.jpg,C:\projects\retina-ai-ocular-disease-classification\archive\dataset\normal\3422_left.jpg,normal/3422_left.jpg,normal,512,512,3,4583c20a40c8bc07f3cb8dc1f740f9bc,3422,train
3422_right.jpg,C:\projects\retina-ai-ocular-disease-classification\archive\dataset\normal\3422_right.jpg,normal/3422_right.jpg,normal,512,512,3,3ae41f74d50a5047887fb6458ffc18d6,3422,train
3423_left.jpg,C:\projects\retina-ai-ocular-disease-classification\archive\dataset\normal\3423_left.jpg,normal/3423_left.jpg,normal,512,512,3,bda3750c5c0623c50a1a9e66fa7284e4,3423,train
3425_left.jpg,C:\projects\retina-ai-ocular-disease-classification\archive\dataset\normal\3425_left.jpg,normal/3425_left.jpg,normal,512,512,3,5ef4a9a9493b9d0ce81a2b0c2bb040ee,3425,train
3425_right.jpg,C:\projects\retina-ai-ocular-disease-classification\archive\dataset\normal\3425_right.jpg,normal/3425_right.jpg,normal,512,512,3,7537a1e8e6f1e4f3cb2b54ee6b8f5503,3425,train
3426_right.jpg,C:\projects\retina-ai-ocular-disease-classification\archive\dataset\normal\3426_right.jpg,normal/3426_right.jpg,normal,512,512,3,dd1ecbd4e1ed4ab1408b5fb672405aef,3426,train
3427_left.jpg,C:\projects\retina-ai-ocular-disease-classification\archive\dataset\normal\3427_left.jpg,normal/3427_left.jpg,normal,512,512,3,fb51025621c0c54574add2a4d8a712fe,3427,train
3428_right.jpg,C:\projects\retina-ai-ocular-disease-classification\archive\dataset\normal\3428_right.jpg,normal/3428_right.jpg,normal,512,512,3,76605e67486e243f18171dc6d9aec868,3428,train
3430_left.jpg,C:\projects\retina-ai-ocular-disease-classification\archive\dataset\normal\3430_left.jpg,normal/3430_left.jpg,normal,512,512,3,a9ad96bd7c035b84ea199df404d8b23c,3430,train
3431_left.jpg,C:\projects\retina-ai-ocular-disease-classification\archive\dataset\normal\3431_left.jpg,normal/3431_left.jpg,normal,512,512,3,7634fe9a34418861e4709645b102ab54,3431,train
3431_right.jpg,C:\projects\retina-ai-ocular-disease-classification\archive\dataset\normal\3431_right.jpg,normal/3431_right.jpg,normal,512,512,3,468f7c8fcf99a2d74420111f9ce69909,3431,train
3432_left.jpg,C:\projects\retina-ai-ocular-disease-classification\archive\dataset\normal\3432_left.jpg,normal/3432_left.jpg,normal,512,512,3,c018cd6ce882d1c5a825366b781adfb4,3432,train
3432_right.jpg,C:\projects\retina-ai-ocular-disease-classification\archive\dataset\normal\3432_right.jpg,normal/3432_right.jpg,normal,512,512,3,e40ab82759e4aa388a6ac3f7ed20ea30,3432,train
3433_left.jpg,C:\projects\retina-ai-ocular-disease-classification\archive\dataset\normal\3433_left.jpg,normal/3433_left.jpg,normal,512,512,3,9324ce509e85d78812d8f380c5bcc17e,3433,train
3433_right.jpg,C:\projects\retina-ai-ocular-disease-classification\archive\dataset\normal\3433_right.jpg,normal/3433_right.jpg,normal,512,512,3,7047cc98a2b38e739b16871e27a1d666,3433,train
3434_right.jpg,C:\projects\retina-ai-ocular-disease-classification\archive\dataset\normal\3434_right.jpg,normal/3434_right.jpg,normal,512,512,3,9638343801efbb0b9e466693fda9b23a,3434,train
3436_right.jpg,C:\projects\retina-ai-ocular-disease-classification\archive\dataset\normal\3436_right.jpg,normal/3436_right.jpg,normal,512,512,3,bc0acd81cac71a908b9a665ec7ac94a8,3436,train
3438_right.jpg,C:\projects\retina-ai-ocular-disease-classification\archive\dataset\normal\3438_right.jpg,normal/3438_right.jpg,normal,512,512,3,63be8c08a96b6e54de3767448c1a1682,3438,train
3442_left.jpg,C:\projects\retina-ai-ocular-disease-classification\archive\dataset\normal\3442_left.jpg,normal/3442_left.jpg,normal,512,512,3,dd30ad2e5f674622e762a736be61305e,3442,train
3442_right.jpg,C:\projects\retina-ai-ocular-disease-classification\archive\dataset\normal\3442_right.jpg,normal/3442_right.jpg,normal,512,512,3,61bf49dd60453507ed9e661fef0fc9de,3442,train
3443_left.jpg,C:\projects\retina-ai-ocular-disease-classification\archive\dataset\normal\3443_left.jpg,normal/3443_left.jpg,normal,512,512,3,3bcd198424213e4a703b359bc02ba37e,3443,train
3444_right.jpg,C:\projects\retina-ai-ocular-disease-classification\archive\dataset\normal\3444_right.jpg,normal/3444_right.jpg,normal,512,512,3,73b08a7c4d6aa103d49e071b79c36670,3444,train
3445_left.jpg,C:\projects\retina-ai-ocular-disease-classification\archive\dataset\normal\3445_left.jpg,normal/3445_left.jpg,normal,512,512,3,58531dbb261a5878aab0d355bcc7b0ae,3445,train
3446_left.jpg,C:\projects\retina-ai-ocular-disease-classification\archive\dataset\normal\3446_left.jpg,normal/3446_left.jpg,normal,512,512,3,30287971fa9749917af2b833ffde3240,3446,train
3446_right.jpg,C:\projects\retina-ai-ocular-disease-classification\archive\dataset\normal\3446_right.jpg,normal/3446_right.jpg,normal,512,512,3,414422421bf2528d637c606634e1a7a2,3446,train
3448_right.jpg,C:\projects\retina-ai-ocular-disease-classification\archive\dataset\normal\3448_right.jpg,normal/3448_right.jpg,normal,512,512,3,219de6733ded349c1221845917200bdb,3448,train
3485_left.jpg,C:\projects\retina-ai-ocular-disease-classification\archive\dataset\normal\3485_left.jpg,normal/3485_left.jpg,normal,512,512,3,f55046637be627d18ca1bad357d4005a,3485,train
4290_right.jpg,C:\projects\retina-ai-ocular-disease-classification\archive\dataset\normal\4290_right.jpg,normal/4290_right.jpg,normal,512,512,3,7fd2a16705c435f5cb619fd7c97da1d2,4290,train
4637_left.jpg,C:\projects\retina-ai-ocular-disease-classification\archive\dataset\normal\4637_left.jpg,normal/4637_left.jpg,normal,512,512,3,2bdfcb77f84e335a8defd4ad25f8df51,4637,train
530_left.jpg,C:\projects\retina-ai-ocular-disease-classification\archive\dataset\normal\530_left.jpg,normal/530_left.jpg,normal,512,512,3,af456d3d76b89b513d85a6b1668725da,530,train
530_right.jpg,C:\projects\retina-ai-ocular-disease-classification\archive\dataset\normal\530_right.jpg,normal/530_right.jpg,normal,512,512,3,148ca62d060ee49ca69ca39aa31d857a,530,train
695_left.jpg,C:\projects\retina-ai-ocular-disease-classification\archive\dataset\normal\695_left.jpg,normal/695_left.jpg,normal,512,512,3,b1a3f1f41975898a1f644c462a383309,695,train
695_right.jpg,C:\projects\retina-ai-ocular-disease-classification\archive\dataset\normal\695_right.jpg,normal/695_right.jpg,normal,512,512,3,768cc34f8a3601843ce53f6b44bb849d,695,train
84_left.jpg,C:\projects\retina-ai-ocular-disease-classification\archive\dataset\normal\84_left.jpg,normal/84_left.jpg,normal,512,512,3,d85f50b6c088ac0e1a8598f02a176d18,84,train
84_right.jpg,C:\projects\retina-ai-ocular-disease-classification\archive\dataset\normal\84_right.jpg,normal/84_right.jpg,normal,512,512,3,a5d6b7185c0af8dea7d7006c1ef1d5f0,84,train
8_left.jpg,C:\projects\retina-ai-ocular-disease-classification\archive\dataset\normal\8_left.jpg,normal/8_left.jpg,normal,512,512,3,7fc5368e00994e7160abf5083dc97714,8,train
8_right.jpg,C:\projects\retina-ai-ocular-disease-classification\archive\dataset\normal\8_right.jpg,normal/8_right.jpg,normal,512,512,3,aa7813608eeef2a87d5a6a21d9871c35,8,train
2349_left.jpg,C:\projects\retina-ai-ocular-disease-classification\archive\dataset\normal\2349_left.jpg,normal/2349_left.jpg,normal,512,512,3,bfd7441e4c63c6fee34f256475d72510,2349,val
2349_right.jpg,C:\projects\retina-ai-ocular-disease-classification\archive\dataset\normal\2349_right.jpg,normal/2349_right.jpg,normal,512,512,3,c168b2c8ce3b920c21e4ebb344835ed4,2349,val
2355_left.jpg,C:\projects\retina-ai-ocular-disease-classification\archive\dataset\normal\2355_left.jpg,normal/2355_left.jpg,normal,512,512,3,1303a40800bdb3fa2ac6f8473ccd9faa,2355,val
2355_right.jpg,C:\projects\retina-ai-ocular-disease-classification\archive\dataset\normal\2355_right.jpg,normal/2355_right.jpg,normal,512,512,3,2b46d058699a6c77ec8ff0071b98a2f8,2355,val
2368_left.jpg,C:\projects\retina-ai-ocular-disease-classification\archive\dataset\normal\2368_left.jpg,normal/2368_left.jpg,normal,512,512,3,5f6a94736004cafbd67d07fe83a8f46f,2368,val
2368_right.jpg,C:\projects\retina-ai-ocular-disease-classification\archive\dataset\normal\2368_right.jpg,normal/2368_right.jpg,normal,512,512,3,f926449a4594c1898a0f2e16308e327e,2368,val
2369_left.jpg,C:\projects\retina-ai-ocular-disease-classification\archive\dataset\normal\2369_left.jpg,normal/2369_left.jpg,normal,512,512,3,560539844447efa5030b471e159c6cac,2369,val
2369_right.jpg,C:\projects\retina-ai-ocular-disease-classification\archive\dataset\normal\2369_right.jpg,normal/2369_right.jpg,normal,512,512,3,6c15c71efa49afc4f157241a6ce5c5f1,2369,val
2371_left.jpg,C:\projects\retina-ai-ocular-disease-classification\archive\dataset\normal\2371_left.jpg,normal/2371_left.jpg,normal,512,512,3,e63959af0abe8960d97abf81e263b56e,2371,val
2371_right.jpg,C:\projects\retina-ai-ocular-disease-classification\archive\dataset\normal\2371_right.jpg,normal/2371_right.jpg,normal,512,512,3,f73b0d50dbc68eb42e8dfcff94a7520c,2371,val
2372_left.jpg,C:\projects\retina-ai-ocular-disease-classification\archive\dataset\normal\2372_left.jpg,normal/2372_left.jpg,normal,512,512,3,aea76ac362921c84a54bb9a7a129cb5e,2372,val
2372_right.jpg,C:\projects\retina-ai-ocular-disease-classification\archive\dataset\normal\2372_right.jpg,normal/2372_right.jpg,normal,512,512,3,5ee169fe01b2b86a20e2def2bd543152,2372,val
2386_left.jpg,C:\projects\retina-ai-ocular-disease-classification\archive\dataset\normal\2386_left.jpg,normal/2386_left.jpg,normal,512,512,3,ae8024abefbdd64009862b6ce069d821,2386,val
2386_right.jpg,C:\projects\retina-ai-ocular-disease-classification\archive\dataset\normal\2386_right.jpg,normal/2386_right.jpg,normal,512,512,3,135182b9499c013e7f42b4570dc7fab3,2386,val
2394_left.jpg,C:\projects\retina-ai-ocular-disease-classification\archive\dataset\normal\2394_left.jpg,normal/2394_left.jpg,normal,512,512,3,f43a26f9dd071ba8834d14be5c1482e5,2394,val
2394_right.jpg,C:\projects\retina-ai-ocular-disease-classification\archive\dataset\normal\2394_right.jpg,normal/2394_right.jpg,normal,512,512,3,3cf3636c58511a194a3d54b5e129efea,2394,val
2426_left.jpg,C:\projects\retina-ai-ocular-disease-classification\archive\dataset\normal\2426_left.jpg,normal/2426_left.jpg,normal,512,512,3,c4d358a069d67880c6b6bce5d2a7498c,2426,val
2426_right.jpg,C:\projects\retina-ai-ocular-disease-classification\archive\dataset\normal\2426_right.jpg,normal/2426_right.jpg,normal,512,512,3,0f6aae339bff7a3949abe0f666504495,2426,val
2435_left.jpg,C:\projects\retina-ai-ocular-disease-classification\archive\dataset\normal\2435_left.jpg,normal/2435_left.jpg,normal,512,512,3,07e4908f5b72a0a5903c9b9f6a8aa84a,2435,val
2435_right.jpg,C:\projects\retina-ai-ocular-disease-classification\archive\dataset\normal\2435_right.jpg,normal/2435_right.jpg,normal,512,512,3,1f0e6960f82e1e0fb26944fab8f5e004,2435,val
2466_right.jpg,C:\projects\retina-ai-ocular-disease-classification\archive\dataset\normal\2466_right.jpg,normal/2466_right.jpg,normal,512,512,3,c8a413f02dabc72900f50e24011af4a1,2466,val
2470_left.jpg,C:\projects\retina-ai-ocular-disease-classification\archive\dataset\normal\2470_left.jpg,normal/2470_left.jpg,normal,512,512,3,1f3e4f758142a22d80e9e3bcbf2edadf,2470,val
2470_right.jpg,C:\projects\retina-ai-ocular-disease-classification\archive\dataset\normal\2470_right.jpg,normal/2470_right.jpg,normal,512,512,3,22b34f024cc4fe63cbb78524039bb69e,2470,val
2482_left.jpg,C:\projects\retina-ai-ocular-disease-classification\archive\dataset\normal\2482_left.jpg,normal/2482_left.jpg,normal,512,512,3,61970dcefe9529fac037b7286c2e34a3,2482,val
2482_right.jpg,C:\projects\retina-ai-ocular-disease-classification\archive\dataset\normal\2482_right.jpg,normal/2482_right.jpg,normal,512,512,3,8bb89fb5d1bd1b48a9ec52892fe408cd,2482,val
2485_left.jpg,C:\projects\retina-ai-ocular-disease-classification\archive\dataset\normal\2485_left.jpg,normal/2485_left.jpg,normal,512,512,3,30364a7fdf338d5298859ffc21f92192,2485,val
2485_right.jpg,C:\projects\retina-ai-ocular-disease-classification\archive\dataset\normal\2485_right.jpg,normal/2485_right.jpg,normal,512,512,3,eb7183ea77f35d878373eba8d37cca96,2485,val
2496_right.jpg,C:\projects\retina-ai-ocular-disease-classification\archive\dataset\normal\2496_right.jpg,normal/2496_right.jpg,normal,512,512,3,addf032ff1cfae0d5c626391ba92c2d7,2496,val
2500_right.jpg,C:\projects\retina-ai-ocular-disease-classification\archive\dataset\normal\2500_right.jpg,normal/2500_right.jpg,normal,512,512,3,2604f99ef3e6ed4034f75a31335a3e1a,2500,val
2518_left.jpg,C:\projects\retina-ai-ocular-disease-classification\archive\dataset\normal\2518_left.jpg,normal/2518_left.jpg,normal,512,512,3,03dce5a1c8199303f8d0cff2fbbb46af,2518,val
2518_right.jpg,C:\projects\retina-ai-ocular-disease-classification\archive\dataset\normal\2518_right.jpg,normal/2518_right.jpg,normal,512,512,3,a1d5011fc6b5a072bab771818d2acd25,2518,val
2527_left.jpg,C:\projects\retina-ai-ocular-disease-classification\archive\dataset\normal\2527_left.jpg,normal/2527_left.jpg,normal,512,512,3,a22692bdc867708354d94c01ab282a05,2527,val
2527_right.jpg,C:\projects\retina-ai-ocular-disease-classification\archive\dataset\normal\2527_right.jpg,normal/2527_right.jpg,normal,512,512,3,49b01abd579fb8a0b770ffe1577fdc3d,2527,val
2529_left.jpg,C:\projects\retina-ai-ocular-disease-classification\archive\dataset\normal\2529_left.jpg,normal/2529_left.jpg,normal,512,512,3,6bff993d3fff7e905363f959b2d21d86,2529,val
2529_right.jpg,C:\projects\retina-ai-ocular-disease-classification\archive\dataset\normal\2529_right.jpg,normal/2529_right.jpg,normal,512,512,3,3c33d5b098b7c408b1e29129659a5678,2529,val
2533_left.jpg,C:\projects\retina-ai-ocular-disease-classification\archive\dataset\normal\2533_left.jpg,normal/2533_left.jpg,normal,512,512,3,6f3220977237e2964efedcefbd9f698b,2533,val
2533_right.jpg,C:\projects\retina-ai-ocular-disease-classification\archive\dataset\normal\2533_right.jpg,normal/2533_right.jpg,normal,512,512,3,e213709969bdc7cd9181defcd5ba88d6,2533,val
2548_left.jpg,C:\projects\retina-ai-ocular-disease-classification\archive\dataset\normal\2548_left.jpg,normal/2548_left.jpg,normal,512,512,3,aca16b4dc459c6ba84d78384137e6e30,2548,val
2548_right.jpg,C:\projects\retina-ai-ocular-disease-classification\archive\dataset\normal\2548_right.jpg,normal/2548_right.jpg,normal,512,512,3,c0f47df45261523efc2426f4f17290f4,2548,val
2564_left.jpg,C:\projects\retina-ai-ocular-disease-classification\archive\dataset\normal\2564_left.jpg,normal/2564_left.jpg,normal,512,512,3,b39c69293fd2a48d7192faf43d715778,2564,val
2564_right.jpg,C:\projects\retina-ai-ocular-disease-classification\archive\dataset\normal\2564_right.jpg,normal/2564_right.jpg,normal,512,512,3,bf20d373254b88edfc24c8bc15804914,2564,val
2569_left.jpg,C:\projects\retina-ai-ocular-disease-classification\archive\dataset\normal\2569_left.jpg,normal/2569_left.jpg,normal,512,512,3,1aa11d25e60b6bf517ce7ed2a9910321,2569,val
2569_right.jpg,C:\projects\retina-ai-ocular-disease-classification\archive\dataset\normal\2569_right.jpg,normal/2569_right.jpg,normal,512,512,3,8c3238f51c6d3d948cbea9a9269b4e15,2569,val
2600_left.jpg,C:\projects\retina-ai-ocular-disease-classification\archive\dataset\normal\2600_left.jpg,normal/2600_left.jpg,normal,512,512,3,198a301c68bc8b56abc7265286c52691,2600,val
2600_right.jpg,C:\projects\retina-ai-ocular-disease-classification\archive\dataset\normal\2600_right.jpg,normal/2600_right.jpg,normal,512,512,3,e5b5999b8b14e73b2fc7ac830b745423,2600,val
2603_right.jpg,C:\projects\retina-ai-ocular-disease-classification\archive\dataset\normal\2603_right.jpg,normal/2603_right.jpg,normal,512,512,3,8d20bc47392803de628ac94b52b8cd56,2603,val
2608_left.jpg,C:\projects\retina-ai-ocular-disease-classification\archive\dataset\normal\2608_left.jpg,normal/2608_left.jpg,normal,512,512,3,74dcc59709ac98b5f73c1e222f288c05,2608,val
2608_right.jpg,C:\projects\retina-ai-ocular-disease-classification\archive\dataset\normal\2608_right.jpg,normal/2608_right.jpg,normal,512,512,3,b6a47d5d928d0b4eae217cb018d195f1,2608,val
2637_left.jpg,C:\projects\retina-ai-ocular-disease-classification\archive\dataset\normal\2637_left.jpg,normal/2637_left.jpg,normal,512,512,3,90d5d9f4dcfd8a37b62dbcedb8265134,2637,val
2637_right.jpg,C:\projects\retina-ai-ocular-disease-classification\archive\dataset\normal\2637_right.jpg,normal/2637_right.jpg,normal,512,512,3,744d831820ce17c0edec97094eb1311b,2637,val
2641_left.jpg,C:\projects\retina-ai-ocular-disease-classification\archive\dataset\normal\2641_left.jpg,normal/2641_left.jpg,normal,512,512,3,4c538da82f52bd349002cc6af3e72a7f,2641,val
2641_right.jpg,C:\projects\retina-ai-ocular-disease-classification\archive\dataset\normal\2641_right.jpg,normal/2641_right.jpg,normal,512,512,3,951b367e34940fe23f32ec1902e14e78,2641,val
2650_left.jpg,C:\projects\retina-ai-ocular-disease-classification\archive\dataset\normal\2650_left.jpg,normal/2650_left.jpg,normal,512,512,3,c992861e124dd9362ba64e6bba92d26a,2650,val
2651_left.jpg,C:\projects\retina-ai-ocular-disease-classification\archive\dataset\normal\2651_left.jpg,normal/2651_left.jpg,normal,512,512,3,341a690d3a35f42953e94579019f0ce7,2651,val
2651_right.jpg,C:\projects\retina-ai-ocular-disease-classification\archive\dataset\normal\2651_right.jpg,normal/2651_right.jpg,normal,512,512,3,3bbc71eda9c3beceddfe032387d0eb65,2651,val
2657_left.jpg,C:\projects\retina-ai-ocular-disease-classification\archive\dataset\normal\2657_left.jpg,normal/2657_left.jpg,normal,512,512,3,f7758606d122da498a2c3d886caaa867,2657,val
2657_right.jpg,C:\projects\retina-ai-ocular-disease-classification\archive\dataset\normal\2657_right.jpg,normal/2657_right.jpg,normal,512,512,3,8bd825a67be59d8a6f7a46bf33e54831,2657,val
2660_right.jpg,C:\projects\retina-ai-ocular-disease-classification\archive\dataset\normal\2660_right.jpg,normal/2660_right.jpg,normal,512,512,3,c1d9b7370f4318e101b70d1548ba61a1,2660,val
2685_left.jpg,C:\projects\retina-ai-ocular-disease-classification\archive\dataset\normal\2685_left.jpg,normal/2685_left.jpg,normal,512,512,3,f81f5b2a4fc10806b09d963d833d6803,2685,val
2685_right.jpg,C:\projects\retina-ai-ocular-disease-classification\archive\dataset\normal\2685_right.jpg,normal/2685_right.jpg,normal,512,512,3,5efdac4433990c8d54778892ed84d693,2685,val
2705_left.jpg,C:\projects\retina-ai-ocular-disease-classification\archive\dataset\normal\2705_left.jpg,normal/2705_left.jpg,normal,512,512,3,9c105444eae65d0c1f39a2e3640b4423,2705,val
2705_right.jpg,C:\projects\retina-ai-ocular-disease-classification\archive\dataset\normal\2705_right.jpg,normal/2705_right.jpg,normal,512,512,3,0f51d2eb422af2c65ca0cef794c65b72,2705,val
2708_left.jpg,C:\projects\retina-ai-ocular-disease-classification\archive\dataset\normal\2708_left.jpg,normal/2708_left.jpg,normal,512,512,3,d8b783c71c0e8f71785ed117e7ce0c91,2708,val
2708_right.jpg,C:\projects\retina-ai-ocular-disease-classification\archive\dataset\normal\2708_right.jpg,normal/2708_right.jpg,normal,512,512,3,cf468df2a52057fcda8a0f81efbeb69f,2708,val
2709_left.jpg,C:\projects\retina-ai-ocular-disease-classification\archive\dataset\normal\2709_left.jpg,normal/2709_left.jpg,normal,512,512,3,355a50568285d74c004efa605f7f4246,2709,val
2709_right.jpg,C:\projects\retina-ai-ocular-disease-classification\archive\dataset\normal\2709_right.jpg,normal/2709_right.jpg,normal,512,512,3,134b2ce292bad6d5eff3a4e78a47ac49,2709,val
2712_left.jpg,C:\projects\retina-ai-ocular-disease-classification\archive\dataset\normal\2712_left.jpg,normal/2712_left.jpg,normal,512,512,3,926f2e1b1d4ef8fbb02b548b2792d703,2712,val
2712_right.jpg,C:\projects\retina-ai-ocular-disease-classification\archive\dataset\normal\2712_right.jpg,normal/2712_right.jpg,normal,512,512,3,21d70a74830440d0cf7015bb3c961279,2712,val
2713_left.jpg,C:\projects\retina-ai-ocular-disease-classification\archive\dataset\normal\2713_left.jpg,normal/2713_left.jpg,normal,512,512,3,e9ba6ee55a02b35bdcf884d0f256a837,2713,val
2713_right.jpg,C:\projects\retina-ai-ocular-disease-classification\archive\dataset\normal\2713_right.jpg,normal/2713_right.jpg,normal,512,512,3,c5037d845424c84a314337dfecf9afb4,2713,val
2730_left.jpg,C:\projects\retina-ai-ocular-disease-classification\archive\dataset\normal\2730_left.jpg,normal/2730_left.jpg,normal,512,512,3,fea31efdd216121a0a5ac603d64c7e99,2730,val
2730_right.jpg,C:\projects\retina-ai-ocular-disease-classification\archive\dataset\normal\2730_right.jpg,normal/2730_right.jpg,normal,512,512,3,8eb09778159fcaf5583e28c7721baa90,2730,val
2740_right.jpg,C:\projects\retina-ai-ocular-disease-classification\archive\dataset\normal\2740_right.jpg,normal/2740_right.jpg,normal,512,512,3,fed815750fbc1935c1e05ddf5e55874b,2740,val
2749_left.jpg,C:\projects\retina-ai-ocular-disease-classification\archive\dataset\normal\2749_left.jpg,normal/2749_left.jpg,normal,512,512,3,4006dfd0def5557ebc87bfcd3776d22e,2749,val
2749_right.jpg,C:\projects\retina-ai-ocular-disease-classification\archive\dataset\normal\2749_right.jpg,normal/2749_right.jpg,normal,512,512,3,0f1b3afcbc5095eabb4a8f41f6e09757,2749,val
2771_left.jpg,C:\projects\retina-ai-ocular-disease-classification\archive\dataset\normal\2771_left.jpg,normal/2771_left.jpg,normal,512,512,3,f30417f828f9c0c096e94c16d2112ee4,2771,val
2771_right.jpg,C:\projects\retina-ai-ocular-disease-classification\archive\dataset\normal\2771_right.jpg,normal/2771_right.jpg,normal,512,512,3,a9dfc6c914cc6541f5d1e890e1669dbf,2771,val
2775_left.jpg,C:\projects\retina-ai-ocular-disease-classification\archive\dataset\normal\2775_left.jpg,normal/2775_left.jpg,normal,512,512,3,d8d896afd74c2c967e37861f2187bc23,2775,val
2775_right.jpg,C:\projects\retina-ai-ocular-disease-classification\archive\dataset\normal\2775_right.jpg,normal/2775_right.jpg,normal,512,512,3,43358da6cbddaf3a43193657ea1d545b,2775,val
2777_left.jpg,C:\projects\retina-ai-ocular-disease-classification\archive\dataset\normal\2777_left.jpg,normal/2777_left.jpg,normal,512,512,3,4ffe5e82433fe509c332b8602580759a,2777,val
2777_right.jpg,C:\projects\retina-ai-ocular-disease-classification\archive\dataset\normal\2777_right.jpg,normal/2777_right.jpg,normal,512,512,3,266ba3eb6820a64787ee63b69da00045,2777,val
2811_left.jpg,C:\projects\retina-ai-ocular-disease-classification\archive\dataset\normal\2811_left.jpg,normal/2811_left.jpg,normal,512,512,3,5baf5cab40e0d3923d761ef412de44b9,2811,val
2811_right.jpg,C:\projects\retina-ai-ocular-disease-classification\archive\dataset\normal\2811_right.jpg,normal/2811_right.jpg,normal,512,512,3,fa171a010f9703e7f6c0406a9b61c498,2811,val
2817_left.jpg,C:\projects\retina-ai-ocular-disease-classification\archive\dataset\normal\2817_left.jpg,normal/2817_left.jpg,normal,512,512,3,9efccf240251a0812b39eb714ea81768,2817,val
2817_right.jpg,C:\projects\retina-ai-ocular-disease-classification\archive\dataset\normal\2817_right.jpg,normal/2817_right.jpg,normal,512,512,3,e93f5ca0d89e9c73004dc90de730690c,2817,val
2821_left.jpg,C:\projects\retina-ai-ocular-disease-classification\archive\dataset\normal\2821_left.jpg,normal/2821_left.jpg,normal,512,512,3,ade9b5f90e3e56116876cff1277a135c,2821,val
2821_right.jpg,C:\projects\retina-ai-ocular-disease-classification\archive\dataset\normal\2821_right.jpg,normal/2821_right.jpg,normal,512,512,3,986794e663fc278cd55585a1545329ba,2821,val
2835_left.jpg,C:\projects\retina-ai-ocular-disease-classification\archive\dataset\normal\2835_left.jpg,normal/2835_left.jpg,normal,512,512,3,6fa7479c784cbdcf41fb9deacb4cc66c,2835,val
2835_right.jpg,C:\projects\retina-ai-ocular-disease-classification\archive\dataset\normal\2835_right.jpg,normal/2835_right.jpg,normal,512,512,3,acc0d84b01e8ed417bd49745b22c7871,2835,val
2841_left.jpg,C:\projects\retina-ai-ocular-disease-classification\archive\dataset\normal\2841_left.jpg,normal/2841_left.jpg,normal,512,512,3,2921fe26f32f747f75f6f9c4c464be87,2841,val
2841_right.jpg,C:\projects\retina-ai-ocular-disease-classification\archive\dataset\normal\2841_right.jpg,normal/2841_right.jpg,normal,512,512,3,3d03c7bad399c149981cbbbf898eeb36,2841,val
2843_left.jpg,C:\projects\retina-ai-ocular-disease-classification\archive\dataset\normal\2843_left.jpg,normal/2843_left.jpg,normal,512,512,3,55daece196febeeefb8d4b63334690f1,2843,val
2846_left.jpg,C:\projects\retina-ai-ocular-disease-classification\archive\dataset\normal\2846_left.jpg,normal/2846_left.jpg,normal,512,512,3,f213d9709161a7748c99f68c6e196563,2846,val
2846_right.jpg,C:\projects\retina-ai-ocular-disease-classification\archive\dataset\normal\2846_right.jpg,normal/2846_right.jpg,normal,512,512,3,91a29830b1f6af6088f61f9760df7473,2846,val
2860_left.jpg,C:\projects\retina-ai-ocular-disease-classification\archive\dataset\normal\2860_left.jpg,normal/2860_left.jpg,normal,512,512,3,1287f1037c0b7c30aaed3df7c6035bfd,2860,val
2860_right.jpg,C:\projects\retina-ai-ocular-disease-classification\archive\dataset\normal\2860_right.jpg,normal/2860_right.jpg,normal,512,512,3,332416a907d15bac72a7c2461935e3f4,2860,val
2872_left.jpg,C:\projects\retina-ai-ocular-disease-classification\archive\dataset\normal\2872_left.jpg,normal/2872_left.jpg,normal,512,512,3,f650b295c6a85e15f5b075dbb83fc81e,2872,val
2872_right.jpg,C:\projects\retina-ai-ocular-disease-classification\archive\dataset\normal\2872_right.jpg,normal/2872_right.jpg,normal,512,512,3,963b9d8b904dcd6f0aafa9ef0be58a73,2872,val
2886_left.jpg,C:\projects\retina-ai-ocular-disease-classification\archive\dataset\normal\2886_left.jpg,normal/2886_left.jpg,normal,512,512,3,824e67ad1eda6250d2458561e7cf58f7,2886,val
2886_right.jpg,C:\projects\retina-ai-ocular-disease-classification\archive\dataset\normal\2886_right.jpg,normal/2886_right.jpg,normal,512,512,3,3cb29a31f106f30091abdcd8cc841759,2886,val
2892_left.jpg,C:\projects\retina-ai-ocular-disease-classification\archive\dataset\normal\2892_left.jpg,normal/2892_left.jpg,normal,512,512,3,ff214f61dd4a826fbc7460075a4f9be6,2892,val
2892_right.jpg,C:\projects\retina-ai-ocular-disease-classification\archive\dataset\normal\2892_right.jpg,normal/2892_right.jpg,normal,512,512,3,7dd39e9ddc9193f8faf649280bf3d3bd,2892,val
2940_left.jpg,C:\projects\retina-ai-ocular-disease-classification\archive\dataset\normal\2940_left.jpg,normal/2940_left.jpg,normal,512,512,3,d57bf4edc165e4d7010d374481137368,2940,val
2940_right.jpg,C:\projects\retina-ai-ocular-disease-classification\archive\dataset\normal\2940_right.jpg,normal/2940_right.jpg,normal,512,512,3,a4d4520179bbe39d89e98f0e80f027cc,2940,val
2942_left.jpg,C:\projects\retina-ai-ocular-disease-classification\archive\dataset\normal\2942_left.jpg,normal/2942_left.jpg,normal,512,512,3,24bc68d96f6205b4eee18f111515f76d,2942,val
2942_right.jpg,C:\projects\retina-ai-ocular-disease-classification\archive\dataset\normal\2942_right.jpg,normal/2942_right.jpg,normal,512,512,3,3803a17cf85c4c7d7cb5db890b4b96af,2942,val
2952_left.jpg,C:\projects\retina-ai-ocular-disease-classification\archive\dataset\normal\2952_left.jpg,normal/2952_left.jpg,normal,512,512,3,81879688864d1195e8510dda7ebf1274,2952,val
2952_right.jpg,C:\projects\retina-ai-ocular-disease-classification\archive\dataset\normal\2952_right.jpg,normal/2952_right.jpg,normal,512,512,3,7412be735887ed7c03471ddbd799697c,2952,val
2992_left.jpg,C:\projects\retina-ai-ocular-disease-classification\archive\dataset\normal\2992_left.jpg,normal/2992_left.jpg,normal,512,512,3,bcc3ef96aae4ade87335a04d5f0c2477,2992,val
2992_right.jpg,C:\projects\retina-ai-ocular-disease-classification\archive\dataset\normal\2992_right.jpg,normal/2992_right.jpg,normal,512,512,3,9616b1403204db016b3716837985e6b9,2992,val
3011_left.jpg,C:\projects\retina-ai-ocular-disease-classification\archive\dataset\normal\3011_left.jpg,normal/3011_left.jpg,normal,512,512,3,2dffe175eaed6edd877cd72534cf1551,3011,val
3011_right.jpg,C:\projects\retina-ai-ocular-disease-classification\archive\dataset\normal\3011_right.jpg,normal/3011_right.jpg,normal,512,512,3,bf3c0d5ab49d3139dae65f501a33c78a,3011,val
3013_left.jpg,C:\projects\retina-ai-ocular-disease-classification\archive\dataset\normal\3013_left.jpg,normal/3013_left.jpg,normal,512,512,3,774abf7d4447df5266b2ef4329af0f25,3013,val
3013_right.jpg,C:\projects\retina-ai-ocular-disease-classification\archive\dataset\normal\3013_right.jpg,normal/3013_right.jpg,normal,512,512,3,6c1715688593c5c3470ac455e77ceda3,3013,val
3017_left.jpg,C:\projects\retina-ai-ocular-disease-classification\archive\dataset\normal\3017_left.jpg,normal/3017_left.jpg,normal,512,512,3,6143520dc84e9eaee422c628ef90b22f,3017,val
3017_right.jpg,C:\projects\retina-ai-ocular-disease-classification\archive\dataset\normal\3017_right.jpg,normal/3017_right.jpg,normal,512,512,3,e6389b882db134fb88ba56060f3cc156,3017,val
3025_left.jpg,C:\projects\retina-ai-ocular-disease-classification\archive\dataset\normal\3025_left.jpg,normal/3025_left.jpg,normal,512,512,3,a4dbbed196e369e65b41a1fd486b38bd,3025,val
3025_right.jpg,C:\projects\retina-ai-ocular-disease-classification\archive\dataset\normal\3025_right.jpg,normal/3025_right.jpg,normal,512,512,3,c0855e6bb3fdf4e60b7f074ff7eab49c,3025,val
3063_left.jpg,C:\projects\retina-ai-ocular-disease-classification\archive\dataset\normal\3063_left.jpg,normal/3063_left.jpg,normal,512,512,3,3dbbb84fcb8de756b1ab89f566659c7c,3063,val
3063_right.jpg,C:\projects\retina-ai-ocular-disease-classification\archive\dataset\normal\3063_right.jpg,normal/3063_right.jpg,normal,512,512,3,60e628df34b1e68578c3f64101d2c123,3063,val
3068_left.jpg,C:\projects\retina-ai-ocular-disease-classification\archive\dataset\normal\3068_left.jpg,normal/3068_left.jpg,normal,512,512,3,58b4b6b94eb088fe854aaf948a1c169b,3068,val
3068_right.jpg,C:\projects\retina-ai-ocular-disease-classification\archive\dataset\normal\3068_right.jpg,normal/3068_right.jpg,normal,512,512,3,ed64af331adaa97ccf0e83433a912f47,3068,val
3072_left.jpg,C:\projects\retina-ai-ocular-disease-classification\archive\dataset\normal\3072_left.jpg,normal/3072_left.jpg,normal,512,512,3,931883552d196b5ba1b05c43aff8e131,3072,val
3072_right.jpg,C:\projects\retina-ai-ocular-disease-classification\archive\dataset\normal\3072_right.jpg,normal/3072_right.jpg,normal,512,512,3,62a01c75d2253718a970dc6b691f4c0e,3072,val
3142_left.jpg,C:\projects\retina-ai-ocular-disease-classification\archive\dataset\normal\3142_left.jpg,normal/3142_left.jpg,normal,512,512,3,0d2a39d7b2c22d5f981ad47cd7626479,3142,val
3146_right.jpg,C:\projects\retina-ai-ocular-disease-classification\archive\dataset\normal\3146_right.jpg,normal/3146_right.jpg,normal,512,512,3,f59388a8e02920776bd3b868e4c15bed,3146,val
3159_right.jpg,C:\projects\retina-ai-ocular-disease-classification\archive\dataset\normal\3159_right.jpg,normal/3159_right.jpg,normal,512,512,3,7d2c28f137fc1d23054cc27e386ec3cf,3159,val
3173_right.jpg,C:\projects\retina-ai-ocular-disease-classification\archive\dataset\normal\3173_right.jpg,normal/3173_right.jpg,normal,512,512,3,e9e83ca212303de8b41fc63299702d51,3173,val
3175_left.jpg,C:\projects\retina-ai-ocular-disease-classification\archive\dataset\normal\3175_left.jpg,normal/3175_left.jpg,normal,512,512,3,dba550596692bad54ed7d81cb1098fbb,3175,val
3175_right.jpg,C:\projects\retina-ai-ocular-disease-classification\archive\dataset\normal\3175_right.jpg,normal/3175_right.jpg,normal,512,512,3,5e4f00603402e2671f8b5a5bd273f046,3175,val
3187_left.jpg,C:\projects\retina-ai-ocular-disease-classification\archive\dataset\normal\3187_left.jpg,normal/3187_left.jpg,normal,512,512,3,8e970b4f360fcbd66b9837cd95a21c5e,3187,val
3187_right.jpg,C:\projects\retina-ai-ocular-disease-classification\archive\dataset\normal\3187_right.jpg,normal/3187_right.jpg,normal,512,512,3,b7a87321a63258fc54859e16ced7f4fc,3187,val
3193_left.jpg,C:\projects\retina-ai-ocular-disease-classification\archive\dataset\normal\3193_left.jpg,normal/3193_left.jpg,normal,512,512,3,9ede89fdf8b4b80568bb90197a23edb5,3193,val
3193_right.jpg,C:\projects\retina-ai-ocular-disease-classification\archive\dataset\normal\3193_right.jpg,normal/3193_right.jpg,normal,512,512,3,2aa76a83ee3205133ccbaca91d7ab9de,3193,val
3204_left.jpg,C:\projects\retina-ai-ocular-disease-classification\archive\dataset\normal\3204_left.jpg,normal/3204_left.jpg,normal,512,512,3,c0fe6e7f4fed500732714a80f3a63234,3204,val
3212_left.jpg,C:\projects\retina-ai-ocular-disease-classification\archive\dataset\normal\3212_left.jpg,normal/3212_left.jpg,normal,512,512,3,16e5dc66fd14e4785255bfff568824eb,3212,val
3217_left.jpg,C:\projects\retina-ai-ocular-disease-classification\archive\dataset\normal\3217_left.jpg,normal/3217_left.jpg,normal,512,512,3,ca527757864b6460f976ca5a27e28a75,3217,val
3218_right.jpg,C:\projects\retina-ai-ocular-disease-classification\archive\dataset\normal\3218_right.jpg,normal/3218_right.jpg,normal,512,512,3,1a0d6568eb6ce56ba2ac1e67178ea382,3218,val
3222_left.jpg,C:\projects\retina-ai-ocular-disease-classification\archive\dataset\normal\3222_left.jpg,normal/3222_left.jpg,normal,512,512,3,390a1d9d8dd01499d8fd14aec2c1d9f0,3222,val
3222_right.jpg,C:\projects\retina-ai-ocular-disease-classification\archive\dataset\normal\3222_right.jpg,normal/3222_right.jpg,normal,512,512,3,cf7424e0b54eb80dc3a0d8effc5b05d9,3222,val
3256_right.jpg,C:\projects\retina-ai-ocular-disease-classification\archive\dataset\normal\3256_right.jpg,normal/3256_right.jpg,normal,512,512,3,6828a82c93731b6714d57cdd54bcba40,3256,val
3291_left.jpg,C:\projects\retina-ai-ocular-disease-classification\archive\dataset\normal\3291_left.jpg,normal/3291_left.jpg,normal,512,512,3,eae32093f1f8ec3d4d29689525fa2a9a,3291,val
3291_right.jpg,C:\projects\retina-ai-ocular-disease-classification\archive\dataset\normal\3291_right.jpg,normal/3291_right.jpg,normal,512,512,3,747cbedaaa5d865d3ac259cce490fbe0,3291,val
3307_right.jpg,C:\projects\retina-ai-ocular-disease-classification\archive\dataset\normal\3307_right.jpg,normal/3307_right.jpg,normal,512,512,3,fb438c38bd097e4a230aa1933446090d,3307,val
3315_right.jpg,C:\projects\retina-ai-ocular-disease-classification\archive\dataset\normal\3315_right.jpg,normal/3315_right.jpg,normal,512,512,3,f2e001ccf76a0656928a10838bea8696,3315,val
3348_right.jpg,C:\projects\retina-ai-ocular-disease-classification\archive\dataset\normal\3348_right.jpg,normal/3348_right.jpg,normal,512,512,3,985b02fc4fbcce4ca68a52fb78902ba7,3348,val
3350_left.jpg,C:\projects\retina-ai-ocular-disease-classification\archive\dataset\normal\3350_left.jpg,normal/3350_left.jpg,normal,512,512,3,a4140d0cfeb60f905219253181436893,3350,val
3367_left.jpg,C:\projects\retina-ai-ocular-disease-classification\archive\dataset\normal\3367_left.jpg,normal/3367_left.jpg,normal,512,512,3,aaec08e49bcd656275b05a88ece043aa,3367,val
3367_right.jpg,C:\projects\retina-ai-ocular-disease-classification\archive\dataset\normal\3367_right.jpg,normal/3367_right.jpg,normal,512,512,3,3333684dbce5135d3b35b029f6502db7,3367,val
939_left.jpg,C:\projects\retina-ai-ocular-disease-classification\archive\dataset\normal\939_left.jpg,normal/939_left.jpg,normal,512,512,3,706805614cb801f4a461aeb40cfbcd31,939,val
939_right.jpg,C:\projects\retina-ai-ocular-disease-classification\archive\dataset\normal\939_right.jpg,normal/939_right.jpg,normal,512,512,3,5d44174b879938ea3957ba073ea6e4f7,939,val
